price,latitude,longitude,id,price_prediction,price_difference,price_difference_percent
734000.0,47.7221,-122.352,2916200091,506637.54,-227362.46,-30.98
230000.0,47.4977,-122.175,424000145,213055.72,-16944.28,-7.37
570000.0,47.6205,-122.3,9828702335,529797.55,-40202.45,-7.05
343000.0,47.5454,-122.192,3343300644,488885.97,145885.97,42.53
205000.0,47.2623,-122.217,4137010310,167291.18,-37708.82,-18.39
460000.0,47.587,-122.301,2394600157,513825.4,53825.4,11.7
228900.0,47.4789,-122.335,4337000200,313606.97,84706.97,37.01
589410.0,47.5165,-121.883,7853400220,579514.83,-9895.17,-1.68
659000.0,47.583,-122.17,924059233,684642.08,25642.08,3.89
675000.0,47.5699,-122.164,1524059027,621496.12,-53503.88,-7.93
834950.0,47.6237,-122.023,2862500060,729686.48,-105263.52,-12.61
682000.0,47.7066,-122.08,7273100026,587416.79,-94583.21,-13.87
235000.0,47.5351,-122.279,3904100035,365904.42,130904.42,55.7
1810000.0,47.6534,-122.412,5035300325,853472.92,-956527.08,-52.85
299950.0,47.5311,-122.373,3624039073,298685.27,-1264.73,-0.42
445000.0,47.5082,-122.362,8151600900,470530.35,25530.35,5.74
799950.0,47.7189,-122.225,1926059039,860216.72,60266.72,7.53
630000.0,47.3783,-122.003,2322069168,563400.78,-66599.22,-10.57
255000.0,47.3356,-122.502,5341600030,-37055.59,-292055.59,-114.53
299950.0,47.7746,-122.378,226039186,200158.13,-99791.87,-33.27
315000.0,47.5305,-122.353,2113700360,769607.0,454607.0,144.32
725000.0,47.6816,-122.374,461002150,568818.83,-156181.17,-21.54
520000.0,47.5445,-122.383,5637500180,463911.68,-56088.32,-10.79
1210000.0,47.6889,-122.352,6430500182,736539.87,-473460.13,-39.13
295000.0,47.5677,-122.36,7547300050,353234.45,58234.45,19.74
518000.0,47.6124,-122.314,2254501342,438988.07,-79011.93,-15.25
949950.0,47.5872,-122.055,6790830060,1099760.37,149810.37,15.77
509000.0,47.7086,-122.019,8682282180,430915.7,-78084.3,-15.34
430000.0,47.7233,-122.167,6386200100,478994.01,48994.01,11.39
870000.0,47.6748,-122.049,925069134,565575.59,-304424.41,-34.99
253779.0,47.4459,-122.272,5381600110,260401.9,6622.9,2.61
1070000.0,47.5027,-122.381,6329000070,865700.3,-204299.7,-19.09
457500.0,47.5549,-122.311,7549800168,585464.93,127964.93,27.97
433000.0,47.5728,-122.125,4246000180,484531.18,51531.18,11.9
864000.0,47.6753,-122.278,3179101945,712462.9,-151537.1,-17.54
525000.0,47.4928,-122.142,2316800100,738733.07,213733.07,40.71
469950.0,47.3588,-122.163,5057100080,593148.0,123198.0,26.22
199000.0,47.4994,-122.261,3352401981,416338.05,217338.05,109.22
672500.0,47.6876,-122.384,6021501920,525164.74,-147335.26,-21.91
648000.0,47.5833,-122.028,2553300030,690174.79,42174.79,6.51
610000.0,47.4602,-122.152,8914100170,941304.06,331304.06,54.31
185000.0,47.4883,-122.248,7878400043,300906.97,115906.97,62.65
287000.0,47.4839,-122.302,6082400191,440360.03,153360.03,53.44
600000.0,47.7369,-122.049,1626069069,611366.83,11366.83,1.89
500000.0,47.5616,-122.275,5249802460,456529.35,-43470.65,-8.69
650000.0,47.6298,-122.321,6762700376,571604.98,-78395.02,-12.06
221347.0,47.4927,-122.248,7812801785,237427.86,16080.86,7.27
960000.0,47.5328,-122.226,3629200020,876098.59,-83901.41,-8.74
700500.0,47.7354,-122.095,1137300890,733938.21,33438.21,4.77
400000.0,47.7655,-122.244,126049217,373818.15,-26181.85,-6.55
354000.0,47.3663,-122.129,4299000030,497861.64,143861.64,40.64
610000.0,47.6536,-122.354,1972200555,513249.26,-96750.74,-15.86
319000.0,47.4516,-122.267,8125200481,489922.89,170922.89,53.58
410000.0,47.5411,-122.392,4315700390,360597.16,-49402.84,-12.05
285000.0,47.2874,-122.283,1687000220,259992.73,-25007.27,-8.77
374500.0,47.7289,-122.203,8143000490,460926.01,86426.01,23.08
325000.0,47.2924,-122.357,1895450230,219785.67,-105214.33,-32.37
799000.0,47.709,-122.118,6891100330,867141.52,68141.52,8.53
800000.0,47.6678,-122.361,475000605,802289.22,2289.22,0.29
385100.0,47.7121,-122.287,3992700265,342902.06,-42197.94,-10.96
740000.0,47.723,-122.158,2621730220,980145.41,240145.41,32.45
250000.0,47.7182,-121.956,2129700320,403495.35,153495.35,61.4
700000.0,47.3879,-122.002,1465400120,499278.62,-200721.38,-28.67
319000.0,47.3555,-122.149,6648500440,431076.33,112076.33,35.13
665000.0,47.577,-122.055,6705870040,654345.18,-10654.82,-1.6
200000.0,47.5604,-122.275,4154302075,362164.38,162164.38,81.08
1280000.0,47.6845,-122.359,1646502355,791843.74,-488156.26,-38.14
540000.0,47.719,-121.912,2126079014,439051.9,-100948.1,-18.69
199950.0,47.4934,-122.237,7657600195,249266.43,49316.43,24.66
200000.0,47.3425,-122.082,621069113,120434.74,-79565.26,-39.78
510000.0,47.6939,-122.34,993000046,432913.14,-77086.86,-15.12
414500.0,47.6756,-122.375,2767600688,432882.61,18382.61,4.43
497000.0,47.6765,-122.302,7169200221,533953.37,36953.37,7.44
370000.0,47.543,-122.29,3333002385,715935.36,345935.36,93.5
320000.0,47.4756,-122.157,5127000430,394427.13,74427.13,23.26
1600000.0,47.6349,-122.318,1130000005,1140243.64,-459756.36,-28.73
1420000.0,47.7124,-122.253,4055700378,1317755.27,-102244.73,-7.2
850000.0,47.6378,-122.372,2771601940,774733.31,-75266.69,-8.85
745000.0,47.4816,-121.701,1823099056,569222.58,-175777.42,-23.59
315000.0,47.7652,-122.31,3972900195,287847.7,-27152.3,-8.62
635000.0,47.5655,-122.27,5249803550,623204.85,-11795.15,-1.86
240000.0,47.5151,-122.366,123039333,326118.03,86118.03,35.88
560000.0,47.6948,-122.322,5102400035,527000.82,-32999.18,-5.89
315000.0,47.5014,-122.226,1180000625,343925.07,28925.07,9.18
820000.0,47.5422,-122.132,2597530650,817418.29,-2581.71,-0.31
537500.0,47.5928,-122.004,6127011000,442662.66,-94837.34,-17.64
183500.0,47.2699,-122.255,8856003525,-5941.73,-189441.73,-103.24
616500.0,47.6886,-122.309,2887700560,555155.95,-61344.05,-9.95
425000.0,47.2069,-122.024,2220069003,543812.33,118812.33,27.96
180000.0,47.3822,-122.316,2560801222,206542.49,26542.49,14.75
477000.0,47.6667,-122.361,475000750,514323.62,37323.62,7.82
290000.0,47.7583,-122.302,4024101670,352026.38,62026.38,21.39
419900.0,47.3455,-122.023,7570050070,497576.41,77676.41,18.5
288000.0,47.4448,-121.77,9407000840,153448.6,-134551.4,-46.72
369500.0,47.7362,-122.319,6703100070,381919.88,12419.88,3.36
1300000.0,47.6587,-122.022,1525069134,1104806.97,-195193.03,-15.01
160000.0,47.5248,-122.265,3336001316,325653.15,165653.15,103.53
475000.0,47.7202,-122.22,2296700050,594929.88,119929.88,25.25
1400000.0,47.5417,-122.111,3303850290,1406641.63,6641.63,0.47
490000.0,47.6762,-122.36,2877100985,506961.69,16961.69,3.46
544300.0,47.6707,-122.149,9512501370,550267.87,5967.87,1.1
460000.0,47.6871,-122.373,7589700106,607456.54,147456.54,32.06
590000.0,47.7635,-122.044,293800120,797093.89,207093.89,35.1
850000.0,47.6572,-122.346,1931300665,811267.69,-38732.31,-4.56
852000.0,47.6288,-122.321,6762700340,743778.66,-108221.34,-12.7
1870000.0,47.6626,-122.269,4218400100,1642343.73,-227656.27,-12.17
350000.0,47.5107,-122.172,428100580,462685.61,112685.61,32.2
360000.0,47.6771,-122.172,1233100601,465475.35,105475.35,29.3
797000.0,47.6375,-122.354,809002705,595394.42,-201605.58,-25.3
200000.0,47.735,-122.309,3670500605,333108.41,133108.41,66.55
325000.0,47.3738,-122.226,1615900020,408243.1,83243.1,25.61
314500.0,47.3358,-122.32,5151600285,303870.06,-10629.94,-3.38
234900.0,47.5065,-122.337,3163600130,325627.04,90727.04,38.62
450000.0,47.6985,-122.348,263000280,395633.45,-54366.55,-12.08
949950.0,47.5193,-122.257,7129303045,902530.1,-47419.9,-4.99
285000.0,47.7651,-122.291,326049111,293568.73,8568.73,3.01
1020000.0,47.6113,-122.058,8562900240,670671.96,-349328.04,-34.25
1070000.0,47.6389,-122.349,809003085,785016.8,-284983.2,-26.63
255000.0,47.5116,-122.191,3343901961,383845.48,128845.48,50.53
349950.0,47.432,-122.189,1565950260,419280.55,69330.55,19.81
810000.0,47.5453,-121.995,3629920830,732678.79,-77321.21,-9.55
530000.0,47.6515,-122.375,2770603523,474862.45,-55137.55,-10.4
275000.0,47.5299,-122.288,7243500015,356062.43,81062.43,29.48
455000.0,47.6803,-122.291,7170200110,481347.96,26347.96,5.79
482000.0,47.7336,-122.183,3288301050,702033.43,220033.43,45.65
1430000.0,47.6203,-122.21,8964800225,906906.62,-523093.38,-36.58
200000.0,47.3639,-122.109,1274500300,257138.8,57138.8,28.57
303500.0,47.7313,-122.229,2121000250,437974.62,134474.62,44.31
528000.0,47.6805,-122.384,7518505910,466045.61,-61954.39,-11.73
230000.0,47.2964,-122.376,8581200030,69704.24,-160295.76,-69.69
1250000.0,47.5075,-122.389,9322800230,1105298.46,-144701.54,-11.58
349950.0,47.3427,-122.278,3682000060,401281.87,51331.87,14.67
287000.0,47.4095,-122.296,5018200110,477200.29,190200.29,66.27
520000.0,47.6029,-122.302,7600057,612937.65,92937.65,17.87
380500.0,47.7303,-122.192,9477201060,448493.62,67993.62,17.87
353000.0,47.3516,-122.0,5104530770,377037.28,24037.28,6.81
280000.0,47.3659,-122.17,8016200530,333905.86,53905.86,19.25
529500.0,47.6575,-122.4,6821100125,299690.61,-229809.39,-43.4
635000.0,47.7229,-122.359,9157600060,495264.03,-139735.97,-22.01
650000.0,47.591,-122.017,4221270350,510342.04,-139657.96,-21.49
309000.0,47.4485,-122.175,1432701230,250414.27,-58585.73,-18.96
560000.0,47.6283,-122.095,8563040160,637603.64,77603.64,13.86
353000.0,47.5003,-122.23,1180500100,394981.92,41981.92,11.89
542500.0,47.5916,-122.148,8838900167,715283.04,172783.04,31.85
325000.0,47.7367,-121.969,1518000290,344327.41,19327.41,5.95
293000.0,47.3691,-122.031,3793501390,281875.28,-11124.72,-3.8
940000.0,47.6332,-122.362,4232903295,649886.15,-290113.85,-30.86
212500.0,47.2816,-122.269,3751603173,83732.72,-128767.28,-60.6
543000.0,47.7168,-122.333,3034200370,524271.36,-18728.64,-3.45
713900.0,47.4379,-122.022,9206700190,857749.0,143849.0,20.15
198500.0,47.4924,-122.311,985000900,222901.25,24401.25,12.29
467000.0,47.4802,-122.188,3955900830,669891.66,202891.66,43.45
344950.0,47.7322,-122.236,5647000060,410858.36,65908.36,19.11
319900.0,47.4755,-121.758,192450200,135954.54,-183945.46,-57.5
847093.0,47.5819,-122.047,2428100100,730241.46,-116851.54,-13.79
550000.0,47.68,-122.284,430000175,490900.57,-59099.43,-10.75
565000.0,47.6286,-122.053,7504001340,616918.07,51918.07,9.19
800000.0,47.6255,-122.209,862000020,554641.87,-245358.13,-30.67
555000.0,47.4725,-122.136,7302900090,774288.4,219288.4,39.51
320000.0,47.5704,-122.141,2203500140,479269.37,159269.37,49.77
530000.0,47.6403,-122.372,2771601730,665266.3,135266.3,25.52
695000.0,47.7389,-122.221,3578700017,694864.21,-135.79,-0.02
930000.0,47.7078,-122.019,8682281960,679109.14,-250890.86,-26.98
550000.0,47.6699,-122.317,3589500260,623806.69,73806.69,13.42
350000.0,47.5633,-122.289,1604600660,533905.93,183905.93,52.54
260000.0,47.552,-122.31,7549801140,380112.45,120112.45,46.2
380000.0,47.4334,-122.161,1442860160,533328.84,153328.84,40.35
886000.0,47.6398,-122.306,6788201781,732198.52,-153801.48,-17.36
664000.0,47.6027,-122.024,8635750330,606230.71,-57769.29,-8.7
652100.0,47.6297,-122.021,1703050520,613203.33,-38896.67,-5.96
863000.0,47.6239,-122.023,2725069050,1076591.57,213591.57,24.75
430000.0,47.6867,-122.345,3797000035,473909.77,43909.77,10.21
567500.0,47.6511,-122.405,871000515,394536.56,-172963.44,-30.48
454900.0,47.5326,-122.049,5710610520,532660.56,77760.56,17.09
539000.0,47.6457,-122.058,8651520420,550736.01,11736.01,2.18
692000.0,47.365,-122.456,2051200436,611643.72,-80356.28,-11.61
1700000.0,47.6361,-122.093,1925069066,1250246.91,-449753.09,-26.46
1160000.0,47.5517,-122.147,2597450250,1402509.8,242509.8,20.91
610000.0,47.685,-122.363,7519000580,471002.47,-138997.53,-22.79
570000.0,47.5902,-122.018,4221250320,486793.0,-83207.0,-14.6
273000.0,47.7525,-122.244,9406500480,394076.09,121076.09,44.35
540000.0,47.5903,-122.386,9272201318,624020.98,84020.98,15.56
350000.0,47.5677,-122.285,7950300775,427832.95,77832.95,22.24
585000.0,47.734,-122.182,3288301010,644190.46,59190.46,10.12
551000.0,47.6904,-122.176,6639900176,627442.37,76442.37,13.87
235000.0,47.5245,-121.822,7849200635,97928.57,-137071.43,-58.33
1010000.0,47.6857,-122.208,3885804225,771958.97,-238041.03,-23.57
370000.0,47.5618,-122.384,952006857,310655.13,-59344.87,-16.04
315000.0,47.5555,-122.363,1773100922,459057.15,144057.15,45.73
410000.0,47.7573,-122.278,4019301205,529683.31,119683.31,29.19
280000.0,47.4431,-122.19,6402710070,331189.95,51189.95,18.28
193000.0,47.2819,-122.224,7877400245,31116.02,-161883.98,-83.88
400000.0,47.593,-122.295,567000408,529438.63,129438.63,32.36
445000.0,47.567,-122.318,5679501310,585546.23,140546.23,31.58
503045.0,47.6929,-122.333,8021700495,598812.46,95767.46,19.04
493500.0,47.5815,-122.121,3211800140,579142.53,85642.53,17.35
767450.0,47.6981,-122.376,9144100007,621473.13,-145976.87,-19.02
685000.0,47.6807,-122.318,9138100350,967019.64,282019.64,41.17
347000.0,47.4802,-122.179,4307350200,362257.31,15257.31,4.4
396000.0,47.7403,-122.256,8718500075,475120.89,79120.89,19.98
439000.0,47.7416,-121.91,1626079154,583840.23,144840.23,32.99
478000.0,47.4734,-121.999,2294900010,467718.59,-10281.41,-2.15
290000.0,47.4585,-122.205,8898700440,330771.46,40771.46,14.06
1080000.0,47.6628,-122.143,8123450450,1093507.74,13507.74,1.25
397500.0,47.4381,-122.188,3223059015,398138.36,638.36,0.16
360000.0,47.7268,-122.311,4427100095,411704.07,51704.07,14.36
410000.0,47.5314,-121.854,7852180260,327767.73,-82232.27,-20.06
910000.0,47.6265,-122.296,5332200530,746717.28,-163282.72,-17.94
356500.0,47.2809,-122.296,1822500160,273702.09,-82797.91,-23.23
524000.0,47.6515,-122.399,6821101870,317085.99,-206914.01,-39.49
763000.0,47.6879,-122.208,3885803895,657687.8,-105312.2,-13.8
405000.0,47.7358,-122.175,3876312290,421496.66,16496.66,4.07
155000.0,47.5266,-122.316,7883607645,331971.56,176971.56,114.18
385000.0,47.6032,-122.125,4036801245,483349.05,98349.05,25.55
770000.0,47.3574,-122.318,5428000070,1110936.89,340936.89,44.28
785000.0,47.6318,-122.01,3216000090,766598.38,-18401.62,-2.34
400000.0,47.679,-122.386,7518507685,473107.88,73107.88,18.28
899950.0,47.7074,-122.219,3754500010,950797.58,50847.58,5.65
480000.0,47.7076,-122.337,4358700135,601883.11,121883.11,25.39
604000.0,47.5872,-122.241,5315100394,575314.34,-28685.66,-4.75
315000.0,47.4362,-122.165,2591800530,429144.5,114144.5,36.24
299000.0,47.3631,-122.276,1310980110,350509.87,51509.87,17.23
347000.0,47.4463,-122.127,2473460650,394540.3,47540.3,13.7
787500.0,47.6353,-122.232,5425700150,578033.7,-209466.3,-26.6
635000.0,47.6228,-122.319,6852700520,565473.19,-69526.81,-10.95
455000.0,47.5243,-122.042,5706200020,370594.56,-84405.44,-18.55
215000.0,47.5339,-122.356,7831800110,410333.43,195333.43,90.85
428000.0,47.5423,-122.189,6705120280,543072.54,115072.54,26.89
559000.0,47.7094,-122.031,8682230950,450651.25,-108348.75,-19.38
261000.0,47.4557,-122.269,6818400110,319035.52,58035.52,22.24
415885.0,47.5301,-122.381,9842300036,347073.35,-68811.65,-16.55
495000.0,47.4536,-122.274,5379803372,629806.4,134806.4,27.23
284000.0,47.4184,-122.18,2508800220,406335.89,122335.89,43.08
245000.0,47.3319,-122.267,3329520410,147705.98,-97294.02,-39.71
348580.0,47.7317,-122.201,3764800540,405761.61,57181.61,16.4
370000.0,47.3705,-122.131,5641300220,524205.99,154205.99,41.68
345000.0,47.3281,-122.164,3814900950,334223.19,-10776.81,-3.12
525000.0,47.4347,-121.417,192300020,236495.17,-288504.83,-54.95
1200000.0,47.684,-122.205,1245002952,881704.6,-318295.4,-26.52
184000.0,47.3251,-122.268,302000065,105628.17,-78371.83,-42.59
1180000.0,47.6416,-122.355,2721600125,949940.62,-230059.38,-19.5
568000.0,47.657,-122.026,1525069058,743866.45,175866.45,30.96
650000.0,47.6737,-122.284,7974700112,692136.19,42136.19,6.48
654000.0,47.6179,-122.312,8080400136,576886.31,-77113.69,-11.79
321000.0,47.7306,-122.291,7663700973,340491.09,19491.09,6.07
350000.0,47.4459,-122.124,2473480560,538277.21,188277.21,53.79
730000.0,47.7142,-122.286,8820903380,524342.7,-205657.3,-28.17
272167.0,47.5321,-122.034,5528600005,341722.45,69555.45,25.56
527000.0,47.7226,-122.299,3834500195,544167.95,17167.95,3.26
210000.0,47.3746,-122.183,3830210220,123952.22,-86047.78,-40.98
210000.0,47.3378,-122.263,304100070,129813.48,-80186.52,-38.18
299000.0,47.4661,-122.145,6806100420,365938.47,66938.47,22.39
800000.0,47.6294,-122.215,3025059136,683166.27,-116833.73,-14.6
445000.0,47.5834,-122.307,5393601050,517205.99,72205.99,16.23
310000.0,47.762,-122.355,6713700205,339205.44,29205.44,9.42
679000.0,47.6809,-122.293,5499700045,615382.44,-63617.56,-9.37
290000.0,47.3631,-122.277,1310980070,314082.71,24082.71,8.3
259000.0,47.4713,-122.344,1665400025,306113.2,47113.2,18.19
770000.0,47.5558,-122.001,3630120970,781293.43,11293.43,1.47
550000.0,47.7662,-122.114,126059242,571707.54,21707.54,3.95
325000.0,47.4854,-122.343,3256400060,357727.62,32727.62,10.07
380000.0,47.6007,-122.305,3319500317,438676.95,58676.95,15.44
416100.0,47.5091,-122.241,4058800500,736644.47,320544.47,77.04
259950.0,47.5213,-122.357,7899800864,453752.76,193802.76,74.55
550000.0,47.5711,-122.391,7905200365,435412.55,-114587.45,-20.83
713414.0,47.5751,-122.378,2824600180,1005341.09,291927.09,40.92
375000.0,47.4401,-122.126,9378700200,516258.05,141258.05,37.67
310000.0,47.3074,-122.341,9264911150,236025.33,-73974.67,-23.86
551500.0,47.489,-122.14,1123059125,704398.45,152898.45,27.72
380000.0,47.3785,-122.023,662440020,496425.15,116425.15,30.64
295000.0,47.4205,-122.215,9378500050,400209.12,105209.12,35.66
650000.0,47.5921,-122.155,7811100230,794245.82,144245.82,22.19
855169.0,47.7043,-122.122,1152200030,698668.04,-156500.96,-18.3
581000.0,47.6715,-122.155,8562500690,590661.38,9661.38,1.66
464000.0,47.3826,-122.146,4397000100,659526.42,195526.42,42.14
623000.0,47.6218,-122.032,1592000250,621664.58,-1335.42,-0.21
1550000.0,47.6598,-122.273,6613000375,1120992.49,-429007.51,-27.68
380000.0,47.7407,-122.3,3995700220,389725.04,9725.04,2.56
240000.0,47.3119,-122.015,1421069117,141094.97,-98905.03,-41.21
510000.0,47.5282,-122.391,9169600110,492925.78,-17074.22,-3.35
500000.0,47.4497,-122.147,2473002080,794038.59,294038.59,58.81
254500.0,47.258,-122.208,4136880140,268356.05,13856.05,5.44
720000.0,47.5561,-122.154,9323610180,667032.04,-52967.96,-7.36
334000.0,47.3321,-122.172,7300400170,317952.17,-16047.83,-4.8
299995.0,47.7463,-122.315,3432500486,302016.93,2021.93,0.67
900000.0,47.6732,-122.363,2769600590,769139.66,-130860.34,-14.54
399950.0,47.5532,-122.365,1773101340,406627.74,6677.74,1.67
619500.0,47.5458,-121.996,3629920600,547765.28,-71734.72,-11.58
610000.0,47.53100000000001,-121.86,7853220120,584700.94,-25299.06,-4.15
1380000.0,47.6133,-122.287,7153200160,1103809.28,-276190.72,-20.01
520000.0,47.5941,-122.144,7923600330,510682.87,-9317.13,-1.79
1880000.0,47.6259,-122.194,3391500050,1253943.52,-626056.48,-33.3
741500.0,47.7094,-122.018,8682320350,506627.61,-234872.39,-31.68
660000.0,47.5956,-122.174,9541600015,718346.03,58346.03,8.84
215000.0,47.1946,-122.003,5437820080,17803.44,-197196.56,-91.72
650000.0,47.6612,-122.137,9265200060,1006498.47,356498.47,54.85
326000.0,47.7453,-121.985,255550100,373062.76,47062.76,14.44
286285.0,47.3207,-122.209,7349400420,171705.46,-114579.54,-40.02
390000.0,47.654,-122.127,1425059174,470681.18,80681.18,20.69
495000.0,47.4871,-122.219,3185600055,775094.25,280094.25,56.58
825000.0,47.6395,-122.05,6817850040,1276257.78,451257.78,54.7
380000.0,47.563,-122.297,6056100383,515080.73,135080.73,35.55
530000.0,47.3843,-122.006,2322069116,490269.65,-39730.35,-7.5
235000.0,47.2858,-122.212,3021059175,192824.27,-42175.73,-17.95
325000.0,47.5128,-122.388,254000175,307527.52,-17472.48,-5.38
218000.0,47.3103,-122.366,6386600130,95059.19,-122940.81,-56.39
560000.0,47.5344,-122.345,3298720030,613765.8,53765.8,9.6
817250.0,47.6769,-122.177,1233100321,784550.5,-32699.5,-4.0
780000.0,47.675,-122.289,8815400670,703989.74,-76010.26,-9.74
250000.0,47.3009,-122.125,3410600015,87849.7,-162150.3,-64.86
850000.0,47.5845,-122.115,3999300290,1182660.07,332660.07,39.14
684000.0,47.5222,-122.157,1115300070,849442.77,165442.77,24.19
255000.0,47.5732,-122.372,7987400316,346300.74,91300.74,35.8
409950.0,47.2972,-122.348,9578500510,282645.24,-127304.76,-31.05
1720000.0,47.6325,-122.29,1118001835,1153186.83,-566813.17,-32.95
322500.0,47.4276,-122.157,7955080270,354741.99,32241.99,10.0
343000.0,47.7114,-122.356,8910500238,465505.56,122505.56,35.72
600000.0,47.6722,-122.379,2767603535,522676.64,-77323.36,-12.89
181000.0,47.5218,-122.357,7899800890,272033.01,91033.01,50.29
299980.0,47.5002,-122.246,4060000020,140671.0,-159309.0,-53.11
531000.0,47.6634,-122.34,6865200444,546175.36,15175.36,2.86
670000.0,47.646,-122.362,976000790,485826.19,-184173.81,-27.49
729000.0,47.3979,-122.416,1522039105,874000.52,145000.52,19.89
780000.0,47.6348,-122.064,8651611230,905700.26,125700.26,16.12
275000.0,47.7635,-122.35,7283900012,338809.01,63809.01,23.2
335000.0,47.4752,-121.757,192450180,131790.53,-203209.47,-60.66
626100.0,47.5719,-122.021,8078350100,546303.16,-79796.84,-12.75
253000.0,47.3542,-122.181,3830620300,214434.89,-38565.11,-15.24
195000.0,47.2933,-122.372,7972000010,74696.14,-120303.86,-61.69
865000.0,47.6002,-121.98,8691360380,902945.59,37945.59,4.39
478000.0,47.51,-122.185,259500270,759740.54,281740.54,58.94
355000.0,47.3658,-122.019,9542830050,286204.65,-68795.35,-19.38
329900.0,47.3503,-122.039,2310110230,382359.11,52459.11,15.9
393000.0,47.5547,-122.299,4174600391,419700.26,26700.26,6.79
369500.0,47.7303,-122.298,7663700783,425683.86,56183.86,15.21
395000.0,47.6824,-122.38,7518502960,393947.77,-1052.23,-0.27
937750.0,47.6753,-122.304,8824900020,757134.29,-180615.71,-19.26
410000.0,47.6904,-122.342,5676000008,426065.06,16065.06,3.92
699000.0,47.6416,-122.397,8127700445,409641.45,-289358.55,-41.4
279000.0,47.4045,-122.174,8078550610,361946.04,82946.04,29.73
190000.0,47.4903,-122.191,9476200035,279459.85,89459.85,47.08
730000.0,47.6684,-122.175,6400700264,673626.82,-56373.18,-7.72
920000.0,47.5604,-122.133,3224510290,1152318.29,232318.29,25.25
264500.0,47.2932,-122.267,3751600635,119411.03,-145088.97,-54.85
635000.0,47.6004,-122.195,3210600010,660429.56,25429.56,4.0
180250.0,47.4604,-122.339,1222000055,172317.43,-7932.57,-4.4
215000.0,47.3634,-122.027,2525300200,168775.78,-46224.22,-21.5
253000.0,47.3493,-122.306,4222310290,179562.09,-73437.91,-29.03
900000.0,47.7602,-122.278,4019300195,808266.58,-91733.42,-10.19
575000.0,47.6729,-122.38,2767603160,484893.29,-90106.71,-15.67
294000.0,47.4707,-122.26,8687800150,388067.34,94067.34,32.0
465000.0,47.6945,-122.33,3226049530,446626.14,-18373.86,-3.95
811000.0,47.6832,-122.164,325059086,770439.12,-40560.88,-5.0
513000.0,47.5764,-121.996,8944360080,450821.92,-62178.08,-12.12
825050.0,47.6752,-122.3,3423600025,817914.62,-7135.38,-0.86
270000.0,47.3498,-122.058,2215900180,291925.07,21925.07,8.12
350000.0,47.3381,-122.332,5437200080,605317.41,255317.41,72.95
410500.0,47.727,-122.339,6150200005,362585.61,-47914.39,-11.67
340000.0,47.3823,-122.3,3601200465,445865.85,105865.85,31.14
360000.0,47.4719,-122.074,5095400630,328851.41,-31148.59,-8.65
267500.0,47.3282,-122.285,4013800131,155625.01,-111874.99,-41.82
536000.0,47.5941,-122.004,6127010320,369345.8,-166654.2,-31.09
160000.0,47.5414,-122.281,3812400657,293010.16,133010.16,83.13
440000.0,47.7685,-122.162,622100092,447832.28,7832.28,1.78
605000.0,47.7276,-122.103,1795920350,567370.58,-37629.42,-6.22
245000.0,47.3661,-122.173,8016250080,249436.37,4436.37,1.81
550000.0,47.62,-122.043,1954440050,496994.49,-53005.51,-9.64
390000.0,47.5477,-122.395,9417400110,298724.77,-91275.23,-23.4
381000.0,47.6379,-121.966,204000175,214114.97,-166885.03,-43.8
183000.0,47.3702,-122.078,8651430220,195083.7,12083.7,6.6
376000.0,47.5215,-122.202,3342102385,677206.03,301206.03,80.11
178000.0,47.3704,-122.08,8651430780,195591.29,17591.29,9.88
310000.0,47.7598,-122.316,6163900411,276751.06,-33248.94,-10.73
313500.0,47.4503,-122.131,2473371570,423453.96,109953.96,35.07
248000.0,47.4233,-122.177,8960200630,315905.21,67905.21,27.38
780000.0,47.7717,-122.277,4027700666,861197.42,81197.42,10.41
400000.0,47.7635,-122.263,3818700185,483631.84,83631.84,20.91
465000.0,47.7266,-122.175,927200380,477655.32,12655.32,2.72
425000.0,47.6852,-122.312,2887701970,505379.97,80379.97,18.91
415000.0,47.7379,-122.224,7503000020,460770.29,45770.29,11.03
288000.0,47.4568,-122.21,8899000310,354999.97,66999.97,23.26
385000.0,47.7337,-122.309,6632300207,442340.96,57340.96,14.89
300000.0,47.5418,-122.295,3395040920,431878.29,131878.29,43.96
795000.0,47.5567,-122.124,4139700260,896466.54,101466.54,12.76
440000.0,47.63399999999999,-122.033,6817801040,318730.95,-121269.05,-27.56
283000.0,47.2103,-121.999,2320069083,346204.48,63204.48,22.33
345000.0,47.5407,-122.177,3205000310,483045.89,138045.89,40.01
411753.0,47.6968,-122.024,7203101260,365901.26,-45851.74,-11.14
415000.0,47.6783,-122.383,7518505040,307666.94,-107333.06,-25.86
2300000.0,47.6349,-122.29,1118001201,1195433.86,-1104566.14,-48.02
330000.0,47.2477,-121.937,1443300140,304619.29,-25380.71,-7.69
1480000.0,47.659,-122.174,3892500070,1348958.66,-131041.34,-8.85
535000.0,47.6873,-122.314,6884800262,596468.53,61468.53,11.49
365000.0,47.7294,-122.329,8632100010,432315.93,67315.93,18.44
1400000.0,47.5806,-122.244,9359100750,1093951.27,-306048.73,-21.86
240000.0,47.5396,-122.274,1105000787,396048.5,156048.5,65.02
320000.0,47.354,-122.047,2310030510,306903.43,-13096.57,-4.09
1040000.0,47.6979,-122.205,3758900259,1142614.22,102614.22,9.87
500000.0,47.5807,-122.397,7616200050,432395.91,-67604.09,-13.52
367899.0,47.371,-122.018,255450020,420777.44,52878.44,14.37
386000.0,47.3978,-122.313,1622049182,481692.0,95692.0,24.79
791500.0,47.5862,-122.037,8653900070,856650.04,65150.04,8.23
510000.0,47.6795,-122.104,125059138,818394.1,308394.1,60.47
230000.0,47.3352,-122.344,2337000150,241580.05,11580.05,5.03
253750.0,47.3846,-122.226,1612500170,164528.3,-89221.7,-35.16
555000.0,47.5523,-122.162,2600100180,675347.02,120347.02,21.68
430000.0,47.7372,-122.307,3739500096,346831.08,-83168.92,-19.34
180000.0,47.3732,-122.295,1951100100,190566.41,10566.41,5.87
1180000.0,47.5495,-122.398,7936500172,838599.92,-341400.08,-28.93
525000.0,47.6275,-122.321,2663000050,543666.62,18666.62,3.56
258000.0,47.3924,-122.308,2013300050,113514.35,-144485.65,-56.0
358000.0,47.4639,-122.17,8645540290,400854.92,42854.92,11.97
515000.0,47.6176,-122.045,1954400060,480421.72,-34578.28,-6.71
430000.0,47.5653,-122.37,9358002305,387396.85,-42603.15,-9.91
430000.0,47.5253,-121.93,6893300110,415894.31,-14105.69,-3.28
285000.0,47.7775,-122.337,507100005,324029.06,39029.06,13.69
1000000.0,47.6501,-122.37,7015200136,674949.96,-325050.04,-32.51
269950.0,47.3663,-122.088,1796360340,383367.99,113417.99,42.01
250000.0,47.3742,-122.18,5412300130,229374.42,-20625.58,-8.25
192950.0,47.3155,-122.182,4239400740,56210.38,-136739.62,-70.87
473000.0,47.7078,-122.234,3762900010,570069.53,97069.53,20.52
305000.0,47.43,-122.188,6817750340,394695.25,89695.25,29.41
1200000.0,47.6461,-122.389,269000085,1098380.85,-101619.15,-8.47
450000.0,47.68,-122.348,3362401761,472260.88,22260.88,4.95
710000.0,47.6855,-122.321,2464400280,989555.44,279555.44,39.37
374900.0,47.3641,-122.278,1310980580,397057.49,22157.49,5.91
385000.0,47.6506,-122.383,2771102144,442374.66,57374.66,14.9
360000.0,47.5013,-122.147,3449000200,435558.31,75558.31,20.99
770000.0,47.6317,-122.205,685000160,730097.39,-39902.61,-5.18
559000.0,47.6896,-122.374,7589200153,490405.88,-68594.12,-12.27
205000.0,47.4479,-122.213,5070000100,401336.55,196336.55,95.77
460000.0,47.6977,-122.126,7199340560,498746.49,38746.49,8.42
362000.0,47.43899999999999,-122.135,1402630190,506115.09,144115.09,39.81
535000.0,47.6822,-122.399,8082400100,449496.44,-85503.56,-15.98
452000.0,47.5092,-122.195,3343903240,426008.91,-25991.09,-5.75
260000.0,47.3452,-122.215,301400850,165134.5,-94865.5,-36.49
338000.0,47.4888,-122.182,3291800710,411970.67,73970.67,21.88
445000.0,47.7072,-122.164,8126300360,569193.97,124193.97,27.91
255500.0,47.3358,-122.051,3832050130,225554.65,-29945.35,-11.72
240000.0,47.4864,-122.348,1823049046,370416.5,130416.5,54.34
772650.0,47.5894,-122.172,6206100130,620829.06,-151820.94,-19.65
665000.0,47.5806,-122.379,9345400350,752156.82,87156.82,13.11
183000.0,47.4685,-122.282,1422700040,283533.49,100533.49,54.94
575000.0,47.6843,-122.341,5511600315,506766.85,-68233.15,-11.87
539950.0,47.5545,-122.003,3630120380,490676.92,-49273.08,-9.13
360000.0,47.5071,-122.16,2787700210,426598.41,66598.41,18.5
355500.0,47.3446,-122.041,6699930440,442009.36,86509.36,24.33
475000.0,47.57,-122.285,8121101380,450371.04,-24628.96,-5.19
289950.0,47.3196,-122.272,8001600130,247831.67,-42118.33,-14.53
279000.0,47.3655,-122.019,9542830600,227335.27,-51664.73,-18.52
429950.0,47.7453,-122.351,3299200075,462614.85,32664.85,7.6
570000.0,47.6809,-122.113,7200001259,614303.7,44303.7,7.77
526000.0,47.4338,-122.146,3423059140,590184.62,64184.62,12.2
560000.0,47.7635,-122.274,4022906430,436226.53,-123773.47,-22.1
465000.0,47.5997,-122.016,7215721350,434141.28,-30858.72,-6.64
142500.0,47.3109,-122.225,1735800050,58011.74,-84488.26,-59.29
575000.0,47.6805,-122.364,6728700075,435191.15,-139808.85,-24.31
250000.0,47.6155,-122.306,7228501903,449901.69,199901.69,79.96
262000.0,47.4857,-122.2,1352300120,226381.49,-35618.51,-13.59
234000.0,47.4206,-122.324,2946001675,47021.9,-186978.1,-79.91
400000.0,47.5647,-121.903,2549000020,431523.36,31523.36,7.88
482000.0,47.6727,-122.375,2767704682,456749.01,-25250.99,-5.24
465425.0,47.775,-122.139,9238500480,502856.34,37431.34,8.04
435000.0,47.347,-122.087,9485950040,609433.49,174433.49,40.1
392800.0,47.6955,-122.175,6743700015,511588.07,118788.07,30.24
450000.0,47.602,-122.306,9826701201,532036.56,82036.56,18.23
265000.0,47.6916,-122.362,945000410,285744.73,20744.73,7.83
317000.0,47.7054,-122.346,2291400350,382569.75,65569.75,20.68
330000.0,47.3743,-122.285,6669020500,361911.78,31911.78,9.67
358000.0,47.7298,-122.231,1761600150,449947.35,91947.35,25.68
635250.0,47.5904,-122.194,6664000130,794747.19,159497.19,25.11
396000.0,47.7289,-122.338,6150700264,416849.7,20849.7,5.27
565000.0,47.5704,-122.376,9285800590,511748.75,-53251.25,-9.43
467000.0,47.6736,-122.375,2767704345,446488.66,-20511.34,-4.39
446000.0,47.4013,-122.319,6052400175,403552.02,-42447.98,-9.52
295000.0,47.3588,-122.044,7697000020,242154.97,-52845.03,-17.91
269950.0,47.3168,-122.264,9262800057,60885.97,-209064.03,-77.45
327000.0,47.5455,-122.375,3277800823,418472.85,91472.85,27.97
305000.0,47.3586,-122.036,5422950080,311112.01,6112.01,2.0
464500.0,47.5531,-122.177,6071300030,526078.18,61578.18,13.26
1820000.0,47.7283,-122.046,4054530260,2094368.1,274368.1,15.08
298700.0,47.3088,-122.341,9264910920,268254.57,-30445.43,-10.19
875000.0,47.6685,-122.335,9136100056,682090.53,-192909.47,-22.05
465000.0,47.6567,-122.327,4206901505,509006.06,44006.06,9.46
959000.0,47.5791,-122.23,1224049095,1236891.45,277891.45,28.98
375000.0,47.5346,-122.344,3298720010,379159.38,4159.38,1.11
565000.0,47.5295,-122.179,2078500210,624686.75,59686.75,10.56
905000.0,47.6397,-122.395,8127700720,758160.8,-146839.2,-16.23
779000.0,47.6935,-122.28,5071401000,909991.7,130991.7,16.82
632000.0,47.4658,-122.007,5561301150,690602.15,58602.15,9.27
494815.0,47.5445,-122.013,8138870470,425335.74,-69479.26,-14.04
468000.0,47.6807,-122.031,7202350010,361344.78,-106655.22,-22.79
375000.0,47.5638,-122.388,7904700032,393019.49,18019.49,4.81
650000.0,47.5872,-122.196,644000102,512127.99,-137872.01,-21.21
216500.0,47.4459,-122.278,5379806155,183303.73,-33196.27,-15.33
505000.0,47.4959,-122.15,1023059465,597825.03,92825.03,18.38
454200.0,47.4977,-122.163,3449900090,576092.39,121892.39,26.84
560000.0,47.338,-122.333,5437200050,649349.5,89349.5,15.96
448500.0,47.5457,-122.383,826000480,530205.27,81705.27,18.22
800000.0,47.612,-122.292,9839300875,709461.27,-90538.73,-11.32
554000.0,47.573,-122.383,2313900560,567481.01,13481.01,2.43
306000.0,47.3347,-122.17,2111010340,269770.9,-36229.1,-11.84
549900.0,47.4734,-122.193,3260570290,906098.97,356198.97,64.78
575000.0,47.7699,-122.085,7214720510,670004.46,95004.46,16.52
364950.0,47.4309,-122.191,1565950030,419765.19,54815.19,15.02
635000.0,47.3417,-122.182,9358400150,1005429.29,370429.29,58.34
437000.0,47.6796,-122.115,1494300040,548050.16,111050.16,25.41
1080000.0,47.5745,-122.18,2911700010,844734.1,-235265.9,-21.78
500000.0,47.719,-122.173,3374300030,437794.05,-62205.95,-12.44
580000.0,47.6555,-122.042,7511200190,617767.47,37767.47,6.51
678000.0,47.6289,-122.042,3066410810,696615.34,18615.34,2.75
345000.0,47.7119,-122.233,3840700593,459383.84,114383.84,33.15
995000.0,47.7764,-122.385,7154200070,1051929.63,56929.63,5.72
477000.0,47.5772,-121.998,8944360290,444885.61,-32114.39,-6.73
1040000.0,47.4556,-122.372,7631800025,1042020.91,2020.91,0.19
205000.0,47.3315,-122.263,3329530200,138754.29,-66245.71,-32.31
305000.0,47.4558,-122.171,1423910670,339582.94,34582.94,11.34
549900.0,47.2925,-122.107,2421059017,445237.31,-104662.69,-19.03
677000.0,47.6561,-122.341,4452300130,594089.89,-82910.11,-12.25
175000.0,47.5388,-122.275,2724049185,309920.19,134920.19,77.1
280000.0,47.4807,-121.775,1151100010,14536.9,-265463.1,-94.81
925000.0,47.6784,-122.277,8927600100,750200.87,-174799.13,-18.9
475000.0,47.6736,-122.176,925059107,580826.67,105826.67,22.28
212000.0,47.2587,-122.253,9265410010,62322.87,-149677.13,-70.6
470000.0,47.698,-121.92,4046710050,422984.21,-47015.79,-10.0
240000.0,47.445,-122.276,3423049165,261842.37,21842.37,9.1
535000.0,47.5317,-122.387,3013300017,367995.6,-167004.4,-31.22
834538.0,47.5821,-122.047,2428100130,742495.95,-92042.05,-11.03
740000.0,47.6756,-122.308,8825900095,655243.07,-84756.93,-11.45
265000.0,47.4829,-122.124,1457500026,317859.8,52859.8,19.95
795000.0,47.7439,-122.041,7574910220,881879.33,86879.33,10.93
385000.0,47.7377,-122.197,1387300760,470593.36,85593.36,22.23
475999.0,47.6646,-122.364,1982201465,473842.32,-2156.68,-0.45
450000.0,47.5339,-122.174,2064800830,564980.06,114980.06,25.55
921500.0,47.6779,-122.294,7409700215,582357.58,-339142.42,-36.8
1740000.0,47.7624,-122.38,3585901025,1499172.21,-240827.79,-13.84
810000.0,47.5956,-122.178,9542200220,1158104.11,348104.11,42.98
485000.0,47.4471,-122.207,8106300840,666370.05,181370.05,37.4
304000.0,47.3925,-122.165,5437600010,365341.21,61341.21,20.18
1700000.0,47.5829,-122.247,2175100055,1920539.38,220539.38,12.97
1150000.0,47.5905,-122.117,6641040100,1208903.79,58903.79,5.12
400000.0,47.5305,-122.351,2113700060,477053.76,77053.76,19.26
237950.0,47.3665,-122.092,1796360080,289413.09,51463.09,21.63
817500.0,47.6338,-122.063,8651611110,905678.87,88178.87,10.79
592000.0,47.5028,-121.769,323089084,418170.29,-173829.71,-29.36
649000.0,47.3632,-122.061,318300040,806682.42,157682.42,24.3
265000.0,47.4535,-122.358,3056000050,236435.1,-28564.9,-10.78
270000.0,47.5292,-122.323,7883603390,374485.5,104485.5,38.7
950000.0,47.3881,-122.326,5119400075,619811.4,-330188.6,-34.76
537000.0,47.732,-122.178,8663240180,523481.76,-13518.24,-2.52
567500.0,47.5846,-122.387,9274200735,437536.9,-129963.1,-22.9
679000.0,47.6691,-122.294,8827901060,665473.06,-13526.94,-1.99
500000.0,47.5328,-122.051,5710600030,563528.75,63528.75,12.71
500000.0,47.55,-122.272,6617500085,734994.8,234994.8,47.0
260000.0,47.7576,-122.296,4023500990,322337.04,62337.04,23.98
435000.0,47.7308,-122.34,6450303950,454630.58,19630.58,4.51
348500.0,47.4948,-122.134,9353300600,403257.09,54757.09,15.71
645000.0,47.7128,-122.365,8894000040,764562.61,119562.61,18.54
840000.0,47.536,-122.066,8562740480,814204.09,-25795.91,-3.07
470000.0,47.674,-122.142,6870300060,634433.64,164433.64,34.99
630000.0,47.7128,-122.223,6619910140,882693.46,252693.46,40.11
278000.0,47.4291,-122.16,2459500070,310113.75,32113.75,11.55
286000.0,47.4997,-122.326,798000062,341584.99,55584.99,19.44
511718.0,47.6787,-122.363,2877102345,420248.13,-91469.87,-17.88
490000.0,47.5427,-122.288,3333002450,365995.65,-124004.35,-25.31
875000.0,47.6328,-122.236,3262300940,599909.77,-275090.23,-31.44
345000.0,47.7227,-122.179,3205400240,421932.72,76932.72,22.3
382500.0,47.7489,-122.284,7738500185,298411.67,-84088.33,-21.98
345000.0,47.4449,-122.129,2473410360,523234.85,178234.85,51.66
381000.0,47.4817,-122.097,7229900925,468571.62,87571.62,22.98
2180000.0,47.6622,-122.272,4218400455,1779508.92,-400491.08,-18.37
327000.0,47.73,-122.31,6632300040,335550.11,8550.11,2.61
375000.0,47.566,-122.14,2206700215,611664.41,236664.41,63.11
352500.0,47.3855,-122.322,6880200030,115030.69,-237469.31,-67.37
526000.0,47.6739,-122.396,7550800945,478651.11,-47348.89,-9.0
315000.0,47.508,-122.378,7100000035,293578.25,-21421.75,-6.8
397500.0,47.7289,-122.283,1455100116,612994.83,215494.83,54.21
674000.0,47.5846,-122.12,3999200310,674593.68,593.68,0.09
450000.0,47.5873,-122.294,1695900025,603683.61,153683.61,34.15
746300.0,47.5268,-122.388,9169600209,695478.16,-50821.84,-6.81
372400.0,47.4185,-122.212,1561910270,645891.28,273491.28,73.44
145600.0,47.4514,-122.178,1432400490,223866.52,78266.52,53.75
226000.0,47.4917,-122.188,9476200680,339145.91,113145.91,50.06
275000.0,47.2844,-122.205,7349600230,127007.7,-147992.3,-53.82
567000.0,47.6737,-122.169,7436500270,626596.2,59596.2,10.51
776000.0,47.6792,-122.303,1093000090,558806.67,-217193.33,-27.99
334950.0,47.3533,-122.023,538000190,301981.43,-32968.57,-9.84
902000.0,47.5612,-122.152,7856610200,867956.16,-34043.84,-3.77
749995.0,47.776,-122.173,7308600010,848057.45,98062.45,13.08
239000.0,47.3304,-122.304,421049170,129520.68,-109479.32,-45.81
810000.0,47.5767,-122.378,7645900165,873144.42,63144.42,7.8
500000.0,47.6389,-122.11,8100400170,570785.73,70785.73,14.16
430000.0,47.6147,-122.3,9828200460,516201.23,86201.23,20.05
453500.0,47.72,-122.317,5667100045,503053.9,49553.9,10.93
749950.0,47.7355,-122.095,1137300900,836312.65,86362.65,11.52
385000.0,47.6904,-122.347,6431000987,516208.43,131208.43,34.08
612000.0,47.6102,-122.309,2256500005,535438.68,-76561.32,-12.51
981000.0,47.567,-122.151,7856600170,754230.15,-226769.85,-23.12
825500.0,47.7127,-122.216,3026059204,774748.95,-50751.05,-6.15
982000.0,47.5483,-122.158,2600130190,788538.63,-193461.37,-19.7
468000.0,47.6658,-122.132,7694800070,552356.77,84356.77,18.02
750000.0,47.5361,-122.051,9545250110,656032.64,-93967.36,-12.53
525000.0,47.5892,-122.309,8850000509,586772.36,61772.36,11.77
1340000.0,47.4857,-122.361,7781600100,946964.04,-393035.96,-29.33
375000.0,47.6073,-122.308,7942600310,523945.0,148945.0,39.72
393820.0,47.6873,-122.291,9212900820,494922.67,101102.67,25.67
770000.0,47.6334,-122.356,4232903990,878868.3,108868.3,14.14
359999.0,47.3279,-122.006,5636000210,333197.58,-26801.42,-7.44
686000.0,47.5567,-122.159,2600000510,682842.47,-3157.53,-0.46
535000.0,47.6712,-122.38,2767604425,485253.04,-49746.96,-9.3
255000.0,47.4551,-122.154,2473251180,339105.12,84105.12,32.98
705000.0,47.6286,-122.051,3066400750,754789.76,49789.76,7.06
258000.0,47.368,-122.314,7522700110,78230.46,-179769.54,-69.68
209500.0,47.5366,-122.359,3438503426,336371.44,126871.44,60.56
440000.0,47.57100000000001,-122.392,5013500400,348817.61,-91182.39,-20.72
597400.0,47.6874,-122.037,7202270700,462902.6,-134497.4,-22.51
400000.0,47.4742,-122.198,7221400495,573604.02,173604.02,43.4
365000.0,47.7648,-122.159,622100130,403891.92,38891.92,10.66
330000.0,47.6729,-122.064,8807300130,299217.73,-30782.27,-9.33
380000.0,47.5285,-122.378,9842300485,425171.1,45171.1,11.89
830200.0,47.6538,-122.393,582000010,694455.51,-135744.49,-16.35
700180.0,47.6726,-122.264,3213200180,608957.88,-91222.12,-13.03
818900.0,47.6771,-122.319,9528102870,479279.27,-339620.73,-41.47
571000.0,47.4558,-122.362,7680400050,493133.06,-77866.94,-13.64
279000.0,47.3431,-122.305,4222700130,182014.62,-96985.38,-34.76
425000.0,47.5979,-122.194,2425700022,528103.3,103103.3,24.26
420000.0,47.7559,-122.148,7214810550,517979.8,97979.8,23.33
552250.0,47.5374,-121.875,7852110140,441484.86,-110765.14,-20.06
345000.0,47.6902,-122.387,6021500970,395268.18,50268.18,14.57
735000.0,47.678,-122.311,9547202245,738614.68,3614.68,0.49
229900.0,47.3583,-122.183,7942300070,251683.57,21783.57,9.48
250000.0,47.7612,-122.234,114100791,387723.62,137723.62,55.09
280000.0,47.6849,-122.374,5075400035,352237.09,72237.09,25.8
250000.0,47.3197,-122.117,7524600120,224898.89,-25101.11,-10.04
475000.0,47.4335,-122.449,3223039229,542746.8,67746.8,14.26
549950.0,47.5734,-122.375,7987401095,925384.18,375434.18,68.27
275000.0,47.7753,-122.355,626049058,359854.75,84854.75,30.86
585000.0,47.5749,-122.412,6371500040,388585.13,-196414.87,-33.58
625000.0,47.6899,-122.283,442000210,504623.46,-120376.54,-19.26
387500.0,47.4631,-122.362,2423039134,304973.11,-82526.89,-21.3
196000.0,47.7758,-122.238,2570600140,326469.58,130469.58,66.57
200000.0,47.4572,-122.351,2968801105,152914.13,-47085.87,-23.54
630500.0,47.6538,-122.352,1972200728,579632.63,-50867.37,-8.07
863500.0,47.6104,-122.303,9126101511,816011.26,-47488.74,-5.5
642000.0,47.6359,-122.045,7504100110,772556.46,130556.46,20.34
435000.0,47.5631,-122.271,4154304505,541962.38,106962.38,24.59
965000.0,47.6908,-122.052,9290850800,1073255.81,108255.81,11.22
281500.0,47.4921,-122.339,7889601870,302067.67,20567.67,7.31
384000.0,47.5552,-122.3,4174600331,450437.61,66437.61,17.3
649000.0,47.3424,-122.326,5152920070,1047641.97,398641.97,61.42
866059.0,47.5664,-122.129,4139680070,883054.27,16995.27,1.96
607500.0,47.7151,-122.305,2826049197,702895.63,95395.63,15.7
525000.0,47.7351,-122.199,6204410150,676715.81,151715.81,28.9
419000.0,47.6534,-122.404,871000065,294573.91,-124426.09,-29.7
330000.0,47.7331,-122.299,2744600040,400068.66,70068.66,21.23
568000.0,47.4597,-122.153,8914100080,669821.7,101821.7,17.93
574000.0,47.6329,-121.969,6979900370,636886.37,62886.37,10.96
305000.0,47.3122,-122.376,8731900880,392060.53,87060.53,28.54
379000.0,47.5348,-122.268,2624049115,491849.23,112849.23,29.78
349810.0,47.7689,-122.328,7609700065,321507.82,-28302.18,-8.09
299000.0,47.3783,-122.22,5540000050,376555.32,77555.32,25.94
1040000.0,47.5568,-122.029,293760150,1246983.22,206983.22,19.9
490000.0,47.631,-122.061,7504200250,576931.73,86931.73,17.74
125000.0,47.6941,-122.365,3501100050,300596.19,175596.19,140.48
1900000.0,47.6458,-122.219,9809000020,1011583.7,-888416.3,-46.76
334500.0,47.3872,-122.154,8944320100,412590.95,78090.95,23.35
768500.0,47.6069,-122.167,2785000480,903706.24,135206.24,17.59
330000.0,47.5677,-122.314,3679400503,377805.44,47805.44,14.49
380000.0,47.6506,-122.346,1972202320,446884.64,66884.64,17.6
570000.0,47.3402,-122.046,6151800080,351254.97,-218745.03,-38.38
450000.0,47.3008,-122.386,2867300160,766729.12,316729.12,70.38
631500.0,47.6438,-122.357,6819100040,605200.56,-26299.44,-4.16
2900000.0,47.6102,-122.225,6447300365,1784091.32,-1115908.68,-38.48
338995.0,47.4557,-122.348,1217000270,336475.5,-2519.5,-0.74
825000.0,47.6717,-122.356,455000190,756356.06,-68643.94,-8.32
300000.0,47.5236,-122.348,7750500120,295297.02,-4702.98,-1.57
834995.0,47.6072,-122.053,1042700250,745061.23,-89933.77,-10.77
369990.0,47.4941,-122.19,7227501369,390756.77,20766.77,5.61
495000.0,47.4579,-121.981,2523069134,535850.7,40850.7,8.25
955000.0,47.6456,-122.173,2125059124,1100155.95,145155.95,15.2
565000.0,47.6893,-122.354,6430500291,490304.91,-74695.09,-13.22
1110000.0,47.5373,-121.865,7851980260,2955528.39,1845528.39,166.26
472500.0,47.728,-122.339,6150200040,445710.27,-26789.73,-5.67
289000.0,47.5323,-122.355,2113200065,320448.67,31448.67,10.88
1060000.0,47.6401,-122.299,6788201240,698803.37,-361196.63,-34.08
570000.0,47.7186,-122.354,6141100320,445798.16,-124201.84,-21.79
1390000.0,47.5601,-122.16,7856410430,1949599.21,559599.21,40.26
625000.0,47.48,-122.03,1523069128,485583.14,-139416.86,-22.31
375000.0,47.7061,-122.347,2291400566,329295.54,-45704.46,-12.19
618000.0,47.6936,-122.128,7199320190,551749.59,-66250.41,-10.72
400000.0,47.5299,-122.387,3013300409,341625.06,-58374.94,-14.59
450000.0,47.6787,-122.301,7920100025,484578.31,34578.31,7.68
425000.0,47.776,-122.26,5498100010,424020.93,-979.07,-0.23
614000.0,47.5506,-122.269,4109600055,708344.56,94344.56,15.37
375000.0,47.646,-122.384,2770602170,302606.23,-72393.77,-19.31
517500.0,47.5776,-121.996,8944360170,451301.33,-66198.67,-12.79
299999.0,47.4791,-122.347,4338800685,264892.14,-35106.86,-11.7
615000.0,47.3431,-122.03,2896310420,618165.13,3165.13,0.51
510000.0,47.5554,-122.27,1231000510,438322.3,-71677.7,-14.05
305000.0,47.2979,-122.379,9211500620,81374.24,-223625.76,-73.32
355000.0,47.7604,-122.331,1844500025,357841.86,2841.86,0.8
856000.0,47.62300000000001,-122.304,1344300090,567503.94,-288496.06,-33.7
365000.0,47.4388,-122.162,2591820310,485643.95,120643.95,33.05
485000.0,47.4777,-122.1,7230100120,626229.73,141229.73,29.12
329000.0,47.3512,-122.305,7575620640,417017.39,88017.39,26.75
230000.0,47.2639,-122.252,3353400435,59086.7,-170913.3,-74.31
445000.0,47.7,-122.375,9144100158,427363.58,-17636.42,-3.96
537000.0,47.26300000000001,-122.216,4136980090,1376352.21,839352.21,156.3
300000.0,47.4212,-122.199,522059299,334816.0,34816.0,11.61
474000.0,47.6741,-122.323,9222400565,592141.31,118141.31,24.92
306500.0,47.5396,-122.387,3869900146,258145.19,-48354.81,-15.78
1150000.0,47.5443,-121.87,7852070210,2161915.49,1011915.49,87.99
334000.0,47.5437,-122.281,3333000655,336330.91,2330.91,0.7
725000.0,47.6079,-122.192,8146300205,628239.3,-96760.7,-13.35
1000000.0,47.6746,-122.327,1257200115,680165.72,-319834.28,-31.98
290000.0,47.4755,-122.145,5127100190,379644.45,89644.45,30.91
569000.0,47.4282,-122.347,6117501250,456238.47,-112761.53,-19.82
700000.0,47.6268,-122.353,5457300696,805570.44,105570.44,15.08
335000.0,47.7434,-122.106,1775930010,465485.41,130485.41,38.95
199000.0,47.5093,-122.182,7227800065,248006.62,49006.62,24.63
895000.0,47.5644,-122.153,7856000110,992417.35,97417.35,10.88
530000.0,47.6071,-122.137,4039300140,489501.79,-40498.21,-7.64
1040000.0,47.7226,-122.039,4054510310,1198361.17,158361.17,15.23
1390000.0,47.6179,-122.005,2625069070,844854.92,-545145.08,-39.22
775000.0,47.6846,-122.045,7202300480,855852.85,80852.85,10.43
419500.0,47.6831,-122.096,339600460,422464.04,2964.04,0.71
326500.0,47.7427,-122.172,3876810140,438547.89,112047.89,34.32
524950.0,47.7348,-121.984,1326069094,454884.01,-70065.99,-13.35
474950.0,47.6998,-122.367,6824100029,481877.17,6927.17,1.46
418000.0,47.6005,-122.129,4036800580,463439.45,45439.45,10.87
325000.0,47.4333,-122.168,984220330,371614.19,46614.19,14.34
400000.0,47.6944,-122.366,9268200440,374080.02,-25919.98,-6.48
450000.0,47.7143,-122.233,3840700560,483668.03,33668.03,7.48
550000.0,47.5694,-122.385,7577700185,438598.23,-111401.77,-20.25
681716.0,47.5159,-122.202,1644510040,771677.9,89961.9,13.2
275000.0,47.6901,-122.358,2919201385,267197.86,-7802.14,-2.84
310000.0,47.7407,-122.327,411100020,427434.69,117434.69,37.88
260000.0,47.2959,-122.166,3298600440,418077.58,158077.58,60.8
336500.0,47.7757,-122.353,2645500013,295789.74,-40710.26,-12.1
565000.0,47.6269,-122.03,1939110080,614003.31,49003.31,8.67
550000.0,47.6384,-122.116,686450210,567566.82,17566.82,3.19
1520000.0,47.5542,-122.097,5608000190,2087778.97,567778.97,37.35
289950.0,47.4899,-122.166,1657530450,390083.54,100133.54,34.53
465000.0,47.7019,-122.171,2564900020,608144.7,143144.7,30.78
240000.0,47.5059,-122.303,986000045,397926.27,157926.27,65.8
600000.0,47.7751,-122.284,4022900150,582131.4,-17868.6,-2.98
416000.0,47.5124,-122.16,2787720140,506967.58,90967.58,21.87
429000.0,47.6976,-122.169,2128000160,578483.7,149483.7,34.84
200000.0,47.4878,-122.324,1446404015,285517.19,85517.19,42.76
975000.0,47.5508,-122.189,2024059052,997957.18,22957.18,2.35
422500.0,47.6923,-122.332,8021700725,422192.16,-307.84,-0.07
223000.0,47.5003,-122.269,3348401622,344385.25,121385.25,54.43
493000.0,47.6297,-122.099,1449000260,551751.48,58751.48,11.92
260000.0,47.3092,-122.375,9510900360,160964.67,-99035.33,-38.09
602500.0,47.5346,-122.185,3204950120,731428.01,128928.01,21.4
1580000.0,47.5739,-122.234,3066120030,1251516.19,-328483.81,-20.79
457000.0,47.5247,-121.926,6893300290,349633.83,-107366.17,-23.49
246500.0,47.4211,-122.29,937000330,206966.49,-39533.51,-16.04
275000.0,47.3661,-122.021,9542840590,204998.03,-70001.97,-25.46
588000.0,47.6892,-122.311,2887700140,653978.69,65978.69,11.22
253000.0,47.3862,-122.304,6929603769,83484.75,-169515.25,-67.0
551100.0,47.572,-122.147,2204500480,546865.45,-4234.55,-0.77
419000.0,47.7731,-122.257,3824100041,367410.56,-51589.44,-12.31
368000.0,47.7391,-122.241,3649100276,494204.69,126204.69,34.29
330000.0,47.6146,-122.299,9828200525,477495.02,147495.02,44.7
503000.0,47.6697,-122.29,8819900055,627112.54,124112.54,24.67
570000.0,47.7106,-122.285,4077800455,622121.63,52121.63,9.14
285000.0,47.5601,-122.363,1773100123,322801.19,37801.19,13.26
1170000.0,47.5855,-122.292,669000210,1100531.4,-69468.6,-5.94
475000.0,47.63800000000001,-121.953,203101530,398860.18,-76139.82,-16.03
711000.0,47.6647,-122.083,9510861140,690601.53,-20398.47,-2.87
252000.0,47.7469,-122.319,7304300905,271625.43,19625.43,7.79
620000.0,47.6475,-122.07,8651580660,618023.35,-1976.65,-0.32
560000.0,47.5889,-122.389,9274202165,441314.13,-118685.87,-21.19
410000.0,47.3533,-122.016,5104512060,419570.53,9570.53,2.33
800000.0,47.5591,-122.267,5249804655,697951.46,-102048.54,-12.76
315000.0,47.5107,-122.257,7129300500,433042.22,118042.22,37.47
357000.0,47.73,-122.191,9477201150,423345.37,66345.37,18.58
185000.0,47.3281,-122.343,1788800630,-10209.39,-195209.39,-105.52
460000.0,47.7603,-122.215,726059349,497094.87,37094.87,8.06
525000.0,47.4893,-122.147,7708210050,683063.79,158063.79,30.11
850000.0,47.6424,-122.411,1370801465,880212.05,30212.05,3.55
635000.0,47.6807,-122.291,5499200060,641249.06,6249.06,0.98
457000.0,47.3544,-122.013,5104511600,487301.37,30301.37,6.63
137000.0,47.5178,-122.346,7972604345,256570.3,119570.3,87.28
555000.0,47.6757,-122.327,1257200020,441801.21,-113198.79,-20.4
250000.0,47.4914,-122.186,9476200580,338517.32,88517.32,35.41
620000.0,47.6683,-122.286,2436700800,619515.49,-484.51,-0.08
212000.0,47.3776,-122.314,9456200450,160650.81,-51349.19,-24.22
390000.0,47.7577,-122.358,8963300005,374289.47,-15710.53,-4.03
715000.0,47.6728,-122.362,2769600305,982490.24,267490.24,37.41
219000.0,47.525,-122.356,4302200535,273466.75,54466.75,24.87
220000.0,47.3266,-122.138,2212900180,221280.74,1280.74,0.58
850000.0,47.5647,-122.165,1624059219,923830.42,73830.42,8.69
515000.0,47.7243,-122.363,923000413,435585.53,-79414.47,-15.42
745000.0,47.5187,-122.208,3342100421,783011.77,38011.77,5.1
235000.0,47.2083,-122.005,1645000310,99964.09,-135035.91,-57.46
545000.0,47.5713,-121.997,3905030140,469386.08,-75613.92,-13.87
365000.0,47.3343,-122.16,321059132,374388.95,9388.95,2.57
542950.0,47.7696,-122.036,426069095,531987.61,-10962.39,-2.02
510000.0,47.5727,-122.376,4321200600,800217.15,290217.15,56.91
309000.0,47.5063,-122.369,123039420,335614.64,26614.64,8.61
775000.0,47.6608,-122.19,2680700010,683687.39,-91312.61,-11.78
225000.0,47.2791,-122.3,2821049082,158404.06,-66595.94,-29.6
525000.0,47.5682,-122.284,8121100600,527523.54,2523.54,0.48
765000.0,47.5284,-122.391,9169600043,503202.35,-261797.65,-34.22
400000.0,47.6003,-122.306,3319500385,474648.54,74648.54,18.66
1760000.0,47.6317,-122.312,1337800805,873614.91,-886385.09,-50.36
590000.0,47.7642,-122.048,4298100060,622975.27,32975.27,5.59
630000.0,47.6782,-122.278,8927600070,516833.94,-113166.06,-17.96
463000.0,47.6226,-122.292,9209900335,610079.07,147079.07,31.77
453246.0,47.5517,-121.998,8929000270,420672.14,-32573.86,-7.19
234000.0,47.3627,-122.108,1274500420,272049.22,38049.22,16.26
418000.0,47.4694,-122.069,5095401360,536949.67,118949.67,28.46
413000.0,47.7752,-122.197,5255690060,618364.1,205364.1,49.72
403500.0,47.7027,-122.347,6145601715,501757.83,98257.83,24.35
300000.0,47.5435,-122.359,3438501700,334706.33,34706.33,11.57
399950.0,47.659,-122.346,5694500386,519355.38,119405.38,29.86
1710000.0,47.5473,-122.211,2154500060,1364971.17,-345028.83,-20.18
340000.0,47.3659,-122.017,9542830440,281142.92,-58857.08,-17.31
425000.0,47.7027,-122.359,3413700130,568178.68,143178.68,33.69
204950.0,47.3196,-122.399,3210200373,46040.01,-158909.99,-77.54
700000.0,47.6982,-122.282,5210200107,477055.39,-222944.61,-31.85
535500.0,47.7499,-122.111,7399800150,555940.52,20440.52,3.82
410500.0,47.6492,-121.908,8658300510,410756.87,256.87,0.06
292000.0,47.3631,-122.192,5003600240,342580.73,50580.73,17.32
710000.0,47.7216,-122.282,1454600256,802203.22,92203.22,12.99
898888.0,47.6731,-122.199,4070700300,722355.2,-176532.8,-19.64
600000.0,47.604,-122.311,3037200045,440439.23,-159560.77,-26.59
512500.0,47.7046,-122.293,2568800121,475021.59,-37478.41,-7.31
455000.0,47.6625,-122.352,9521100214,499574.73,44574.73,9.8
1500000.0,47.627,-122.304,1338800365,1290114.52,-209885.48,-13.99
575000.0,47.5252,-122.382,2484200171,708174.56,133174.56,23.16
2300000.0,47.6285,-122.362,3880900170,1362239.44,-937760.56,-40.77
739888.0,47.569,-122.058,1724069043,1022126.21,282238.21,38.15
475000.0,47.5646,-121.935,1724079048,347118.39,-127881.61,-26.92
1000000.0,47.63,-122.011,1311030430,1294162.78,294162.78,29.42
325000.0,47.551,-122.356,3438500714,389462.1,64462.1,19.83
799000.0,47.5483,-122.226,8651600160,717512.32,-81487.68,-10.2
970500.0,47.5651,-122.223,191100410,666619.74,-303880.26,-31.31
1100000.0,47.5859,-121.968,98000980,1284610.74,184610.74,16.78
340000.0,47.635,-121.964,203900920,219480.94,-120519.06,-35.45
348140.0,47.515,-122.362,8143600015,352042.65,3902.65,1.12
390000.0,47.575,-122.289,9834200411,385489.18,-4510.82,-1.16
402000.0,47.5496,-122.388,7625702263,322483.69,-79516.31,-19.78
167000.0,47.4745,-122.343,4331000265,314232.4,147232.4,88.16
253101.0,47.3689,-122.175,2822059360,191807.59,-61293.41,-24.22
451000.0,47.5415,-121.883,7853302180,319075.47,-131924.53,-29.25
195000.0,47.2933,-122.377,2421039075,97943.08,-97056.92,-49.77
859900.0,47.5906,-122.062,1853080570,812434.82,-47465.18,-5.52
590000.0,47.6833,-122.398,225039049,477407.04,-112592.96,-19.08
519500.0,47.4545,-122.336,936000055,431472.5,-88027.5,-16.94
350000.0,47.5503,-122.301,7857000732,510991.79,160991.79,46.0
708000.0,47.597,-121.979,8691410730,696951.05,-11048.95,-1.56
262000.0,47.514,-122.316,7258200055,352252.31,90252.31,34.45
420000.0,47.6578,-122.39,2770606915,311955.87,-108044.13,-25.72
342000.0,47.525,-122.366,859000018,435399.87,93399.87,27.31
260000.0,47.434,-122.171,984000450,370490.5,110490.5,42.5
875000.0,47.5156,-122.204,1644500050,1113207.27,238207.27,27.22
395000.0,47.5374,-122.357,3438503230,580679.92,185679.92,47.01
835000.0,47.7711,-122.088,3530210180,1070429.47,235429.47,28.2
475000.0,47.7515,-122.174,6979970140,594688.61,119688.61,25.2
460000.0,47.5009,-122.225,1180000830,899719.07,439719.07,95.59
1230000.0,47.6336,-122.29,1118001631,963739.94,-266260.06,-21.65
330000.0,47.6521,-121.905,1389310130,335857.03,5857.03,1.77
316000.0,47.6503,-121.968,7302000610,377430.66,61430.66,19.44
882566.0,47.7047,-122.113,6666830230,832375.77,-50190.23,-5.69
545000.0,47.4736,-121.731,9510320150,447322.4,-97677.6,-17.92
362500.0,47.5458,-122.369,3278605570,459452.49,96952.49,26.75
249900.0,47.5187,-122.363,7387500185,276596.94,26696.94,10.68
170000.0,47.4727,-122.298,2123049498,321912.71,151912.71,89.36
505000.0,47.7355,-122.18,1049010390,421188.71,-83811.29,-16.6
532000.0,47.4574,-122.024,2617300200,639318.98,107318.98,20.17
378000.0,47.5395,-122.39,4315700060,325524.93,-52475.07,-13.88
640000.0,47.6083,-122.06,8562901350,598743.98,-41256.02,-6.45
239950.0,47.2738,-122.271,3751605432,21787.89,-218162.11,-90.92
309000.0,47.2602,-122.284,9264450460,222102.71,-86897.29,-28.12
770000.0,47.7213,-122.12,1115750190,1090290.06,320290.06,41.6
255000.0,47.3962,-122.189,5115000100,279420.54,24420.54,9.58
284000.0,47.3594,-122.076,8648220260,232192.72,-51807.28,-18.24
518000.0,47.7438,-122.246,6600250050,571364.17,53364.17,10.3
315000.0,47.559,-122.277,4154301371,413492.14,98492.14,31.27
445000.0,47.7332,-122.192,9477000190,493405.67,48405.67,10.88
1380000.0,47.6249,-122.09,7430500110,1664021.9,284021.9,20.58
279900.0,47.2798,-122.303,3861500340,74907.72,-204992.28,-73.24
750000.0,47.6989,-122.111,11520200,840435.91,90435.91,12.06
609500.0,47.6691,-122.402,1176001119,420154.02,-189345.98,-31.07
198500.0,47.3274,-122.346,1788700185,44098.73,-154401.27,-77.78
315000.0,47.5557,-122.278,1704900135,461708.22,146708.22,46.57
539950.0,47.7006,-122.339,4310700778,520084.88,-19865.12,-3.68
1200000.0,47.6346,-122.364,4232902335,856644.0,-343356.0,-28.61
405000.0,47.5307,-121.875,7852150720,300649.44,-104350.56,-25.77
312500.0,47.625,-122.117,3298400350,476970.52,164470.52,52.63
320000.0,47.4579,-122.17,1432900310,396396.76,76396.76,23.87
846000.0,47.5554,-122.267,1231000645,894932.06,48932.06,5.78
335000.0,47.4141,-122.204,8035600590,569532.16,234532.16,70.01
474800.0,47.6534,-122.353,1972200698,566376.79,91576.79,19.29
420000.0,47.3103,-122.382,8731950080,369013.3,-50986.7,-12.14
295000.0,47.5605,-122.117,8965450190,446993.36,151993.36,51.52
465000.0,47.2683,-121.946,3221079050,331515.04,-133484.96,-28.71
219950.0,47.4211,-122.314,7686202275,100113.67,-119836.33,-54.48
790000.0,47.5371,-122.388,1315300095,644187.93,-145812.07,-18.46
400000.0,47.7735,-122.133,9238500040,541424.39,141424.39,35.36
407450.0,47.3354,-122.031,7574200210,335875.29,-71574.71,-17.57
450000.0,47.3746,-122.026,4017050020,637283.05,187283.05,41.62
1290000.0,47.6408,-122.307,6788200596,978836.73,-311163.27,-24.12
429000.0,47.3259,-122.289,4013200145,183662.29,-245337.71,-57.19
552000.0,47.6797,-122.384,7518505851,444454.28,-107545.72,-19.48
675000.0,47.5543,-122.398,7649400170,673216.56,-1783.44,-0.26
274500.0,47.367,-122.019,9542840120,220739.6,-53760.4,-19.58
435000.0,47.6519,-122.384,2770601769,408627.49,-26372.51,-6.06
725995.0,47.5317,-121.866,7852020250,799970.09,73975.09,10.19
378500.0,47.7262,-122.285,1454100480,426411.4,47911.4,12.66
162500.0,47.5469,-122.277,2690600005,328619.11,166119.11,102.23
499950.0,47.692,-122.308,5101400862,426342.23,-73607.77,-14.72
295000.0,47.5215,-122.33,13002495,522720.65,227720.65,77.19
306000.0,47.3992,-122.163,2517000140,315728.43,9728.43,3.18
812500.0,47.5626,-122.149,7856620210,867881.09,55381.09,6.82
270000.0,47.4568,-122.169,2473381090,493995.17,223995.17,82.96
1190000.0,47.6369,-122.35,809002290,764350.08,-425649.92,-35.77
1390000.0,47.6313,-122.369,6169901130,1086555.05,-303444.95,-21.83
240000.0,47.3463,-122.304,4222200120,155971.39,-84028.61,-35.01
625000.0,47.5621,-122.135,9346950050,678433.87,53433.87,8.55
205000.0,47.2607,-122.25,6601200250,157426.38,-47573.62,-23.21
555000.0,47.691,-122.113,2156500220,589226.5,34226.5,6.17
272000.0,47.5145,-122.374,7454000555,269170.3,-2829.7,-1.04
1570000.0,47.7666,-122.128,226059096,1498193.1,-71806.9,-4.57
430000.0,47.5554,-122.279,1704900180,488311.62,58311.62,13.56
135000.0,47.4919,-122.311,985001015,268373.8,133373.8,98.8
389700.0,47.6861,-122.013,7203140220,357551.89,-32148.11,-8.25
261000.0,47.5102,-122.33,795002455,273736.33,12736.33,4.88
559000.0,47.3281,-122.124,1121059030,591945.99,32945.99,5.89
354000.0,47.5232,-122.371,4365200505,343300.42,-10699.58,-3.02
255000.0,47.5372,-122.289,3031200120,373521.88,118521.88,46.48
1900000.0,47.6387,-122.284,1330300300,1022896.44,-877103.56,-46.16
246900.0,47.3068,-122.27,7905400160,181961.19,-64938.81,-26.3
430000.0,47.7053,-122.303,8902000068,600516.84,170516.84,39.66
335606.0,47.2584,-122.196,3845100140,252962.3,-82643.7,-24.63
517500.0,47.5746,-122.009,3904980270,458083.31,-59416.69,-11.48
500000.0,47.654,-121.94,1725079061,434695.55,-65304.45,-13.06
220000.0,47.3206,-122.397,1898700310,31007.31,-188992.69,-85.91
259950.0,47.3085,-122.358,104550540,57473.78,-202476.22,-77.89
400000.0,47.7094,-122.228,3026059014,553629.62,153629.62,38.41
390000.0,47.6843,-122.317,2979800764,429989.53,39989.53,10.25
210000.0,47.3065,-122.222,8698600055,304094.53,94094.53,44.81
410000.0,47.6842,-122.393,4443800385,391844.07,-18155.93,-4.43
534500.0,47.5505,-121.998,3630030110,408320.84,-126179.16,-23.61
370000.0,47.7307,-122.297,7663700772,466444.63,96444.63,26.07
300000.0,47.2773,-122.216,3021059304,220294.1,-79705.9,-26.57
435000.0,47.5531,-121.996,3629970610,319628.76,-115371.24,-26.52
499000.0,47.3696,-122.058,3303860460,621878.56,122878.56,24.62
370000.0,47.7367,-122.295,1568100386,315407.76,-54592.24,-14.75
245000.0,47.5918,-122.295,3644100073,412752.9,167752.9,68.47
455000.0,47.6774,-122.325,9528104286,414961.88,-40038.12,-8.8
429300.0,47.7188,-122.185,3876000970,675462.9,246162.9,57.34
356200.0,47.5102,-122.241,8069000216,668606.28,312406.28,87.71
366000.0,47.5532,-122.277,3330500085,378276.88,12276.88,3.35
334990.0,47.5014,-122.341,7694200070,445167.96,110177.96,32.89
255544.0,47.7503,-122.334,5727500561,297680.91,42136.91,16.49
615000.0,47.5371,-122.073,8562770350,604882.44,-10117.56,-1.65
248000.0,47.5146,-122.265,4356200120,347946.68,99946.68,40.3
650000.0,47.5933,-122.195,524059208,609326.93,-40673.07,-6.26
184900.0,47.2064,-121.988,2420069268,113706.98,-71193.02,-38.5
469000.0,47.6908,-122.365,946000295,382912.81,-86087.19,-18.36
567500.0,47.6769,-122.307,9547201155,560521.32,-6978.68,-1.23
445800.0,47.7119,-122.319,2926049221,436859.66,-8940.34,-2.01
395000.0,47.762,-122.11,126059018,543553.1,148553.1,37.61
849950.0,47.6344,-122.174,6189200125,915810.53,65860.53,7.75
850000.0,47.617,-122.286,7576700131,809720.04,-40279.96,-4.74
580000.0,47.6652,-122.338,9136103136,486734.11,-93265.89,-16.08
511000.0,47.3892,-122.215,1822059440,741051.75,230051.75,45.02
435000.0,47.7758,-122.379,3111300040,397770.34,-37229.66,-8.56
510000.0,47.7677,-122.135,3244500037,621075.76,111075.76,21.78
770000.0,47.6123,-122.007,629811340,676212.12,-93787.88,-12.18
185000.0,47.3756,-122.297,1950900005,187102.58,2102.58,1.14
304500.0,47.38800000000001,-122.176,5466380050,384060.17,79560.17,26.13
315000.0,47.5541,-122.29,9459200110,509938.4,194938.4,61.89
343500.0,47.4391,-122.117,8691510150,347788.48,4288.48,1.25
406000.0,47.6749,-122.323,9222400510,402514.29,-3485.71,-0.86
215000.0,47.4734,-122.35,2970800130,166278.24,-48721.76,-22.66
533000.0,47.6831,-122.343,9482700440,531001.5,-1998.5,-0.37
2600000.0,47.5696,-122.09,2923500230,2012814.06,-587185.94,-22.58
439950.0,47.5631,-122.397,2391600950,466105.4,26155.4,5.95
528000.0,47.404,-122.447,7003200120,463693.98,-64306.02,-12.18
1030000.0,47.6996,-122.233,3760500407,1524320.33,494320.33,47.99
462500.0,47.551,-122.395,2815600215,361934.4,-100565.6,-21.74
1320000.0,47.6286,-122.206,9533600100,862718.9,-457281.1,-34.64
527500.0,47.6427,-122.327,2025049192,542202.12,14702.12,2.79
540000.0,47.5078,-122.169,423059387,797585.88,257585.88,47.7
519950.0,47.6722,-122.381,2767603505,429683.31,-90266.69,-17.36
930800.0,47.6664,-122.045,3528000510,1049405.85,118605.85,12.74
950000.0,47.3389,-122.334,521049227,1739376.62,789376.62,83.09
1000000.0,47.6444,-122.191,9808590310,1108490.87,108490.87,10.85
216650.0,47.5421,-122.322,2734100732,423142.08,206492.08,95.31
720000.0,47.591,-122.008,6127000480,904209.96,184209.96,25.58
303000.0,47.3311,-122.17,7300410060,274858.42,-28141.58,-9.29
935000.0,47.6956,-122.311,5101402618,1201062.73,266062.73,28.46
475000.0,47.7227,-122.16,8835200230,544133.33,69133.33,14.55
455000.0,47.4559,-122.344,4197400005,643785.64,188785.64,41.49
897000.0,47.6911,-122.293,5363200100,757103.99,-139896.01,-15.6
835000.0,47.6346,-122.063,8651611060,894232.76,59232.76,7.09
335900.0,47.345,-122.209,301401630,284474.61,-51425.39,-15.31
450000.0,47.7286,-122.168,3787000140,552135.84,102135.84,22.7
419950.0,47.7211,-122.166,2558650200,575096.04,155146.04,36.94
735000.0,47.6782,-122.3,8156600155,677434.9,-57565.1,-7.83
475000.0,47.7144,-122.204,7940700050,585906.28,110906.28,23.35
489500.0,47.7327,-121.965,2619950310,584010.23,94510.23,19.31
359950.0,47.3492,-122.152,7885800900,489471.17,129521.17,35.98
920000.0,47.554,-122.095,5608000860,982627.99,62627.99,6.81
390000.0,47.6903,-122.34,4459800100,467244.39,77244.39,19.81
535000.0,47.4158,-122.002,222069029,639905.56,104905.56,19.61
1270000.0,47.6362,-122.282,1084000107,876351.41,-393648.59,-31.0
450000.0,47.7025,-122.198,3039000020,458558.06,8558.06,1.9
299000.0,47.7255,-122.164,8835220200,418575.43,119575.43,39.99
250000.0,47.4126,-122.165,1022059123,420698.5,170698.5,68.28
416500.0,47.5003,-122.465,8887001640,467242.69,50742.69,12.18
515000.0,47.5589,-122.394,9393700065,357325.58,-157674.42,-30.62
1570000.0,47.64,-122.285,1330300451,825319.89,-744680.11,-47.43
265000.0,47.3898,-122.049,3654800200,298304.03,33304.03,12.57
240000.0,47.3263,-122.365,4167700210,186622.0,-53378.0,-22.24
382000.0,47.7462,-121.98,1559900200,365979.03,-16020.97,-4.19
243400.0,47.3782,-122.304,7523700305,243446.88,46.88,0.02
500000.0,47.6881,-122.184,2273600250,506677.97,6677.97,1.34
738000.0,47.5839,-122.383,6837700005,535393.77,-202606.23,-27.45
715000.0,47.6378,-122.065,8651610580,660534.6,-54465.4,-7.62
650000.0,47.6274,-122.04,2405500050,781994.86,131994.86,20.31
400000.0,47.7159,-122.203,7941140070,450912.5,50912.5,12.73
158800.0,47.5006,-122.334,2641800015,225195.31,66395.31,41.81
245000.0,47.4034,-122.187,6700390210,336829.68,91829.68,37.48
465000.0,47.7213,-122.171,2558690130,541878.35,76878.35,16.53
287000.0,47.528,-122.352,7972602435,365866.1,78866.1,27.48
799000.0,47.7648,-122.112,126059019,756839.4,-42160.6,-5.28
699000.0,47.6441,-122.113,9328510100,745312.41,46312.41,6.63
430000.0,47.6953,-122.332,3226049478,449153.94,19153.94,4.45
550000.0,47.6789,-122.116,1494300110,508297.63,-41702.37,-7.58
385000.0,47.5427,-122.356,3438502715,443243.1,58243.1,15.13
338000.0,47.4594,-122.326,7250000065,320386.97,-17613.03,-5.21
335000.0,47.3341,-122.188,1402900460,342061.87,7061.87,2.11
583500.0,47.7605,-122.085,1630700361,569581.74,-13918.26,-2.39
273000.0,47.3622,-122.074,8647800150,404152.11,131152.11,48.04
230000.0,47.3054,-122.369,8944300010,84530.04,-145469.96,-63.25
688000.0,47.5421,-121.888,7853301390,893438.99,205438.99,29.86
365000.0,47.4288,-122.198,6623400187,284492.74,-80507.26,-22.06
309950.0,47.2877,-122.349,5422430320,78060.31,-231889.69,-74.82
600000.0,47.6068,-122.112,3625059143,724621.09,124621.09,20.77
685000.0,47.5464,-122.191,3343301385,790966.11,105966.11,15.47
625000.0,47.746,-122.218,8854100350,753594.61,128594.61,20.58
525000.0,47.2328,-121.945,820079101,532537.01,7537.01,1.44
250000.0,47.3255,-122.305,537000416,209791.21,-40208.79,-16.08
160000.0,47.7129,-121.325,8649400790,-113229.73,-273229.73,-170.77
600000.0,47.7634,-122.139,3244500078,1316989.02,716989.02,119.5
310000.0,47.5342,-122.373,9269200520,224090.78,-85909.22,-27.71
505000.0,47.5803,-122.398,3505100297,434139.11,-70860.89,-14.03
292500.0,47.3096,-122.377,9510900070,123014.94,-169485.06,-57.94
390000.0,47.7429,-121.981,2130702205,452410.97,62410.97,16.0
546000.0,47.6032,-122.311,3037200141,544853.36,-1146.64,-0.21
392000.0,47.3701,-122.041,4123830480,377858.26,-14141.74,-3.61
410000.0,47.6767,-122.38,7518502030,285566.49,-124433.51,-30.35
250000.0,47.2058,-121.997,5595900090,208017.99,-41982.01,-16.79
269950.0,47.5104,-122.171,428000150,424866.1,154916.1,57.39
477000.0,47.6758,-122.369,452001475,477736.16,736.16,0.15
769900.0,47.5797,-122.391,9276200569,636825.55,-133074.45,-17.28
240000.0,47.2929,-122.371,7972000240,66473.87,-173526.13,-72.3
602000.0,47.6688,-122.024,9508850120,598283.36,-3716.64,-0.62
140000.0,47.4204,-122.316,7686203275,127269.51,-12730.49,-9.09
465000.0,47.3367,-122.335,5137300130,370592.09,-94407.91,-20.3
699188.0,47.5178,-121.887,7853430180,660555.79,-38632.21,-5.53
610000.0,47.6872,-122.036,7202271060,647028.18,37028.18,6.07
401000.0,47.6364,-122.037,6817810190,335118.06,-65881.94,-16.43
435010.0,47.5293,-122.354,2113700790,358455.78,-76554.22,-17.6
1400000.0,47.5744,-122.406,148000475,1183619.88,-216380.12,-15.46
689888.0,47.6167,-122.29,7576200040,778679.86,88791.86,12.87
278000.0,47.3718,-122.073,7760400470,225293.07,-52706.93,-18.96
565500.0,47.5589,-122.392,8608900205,454207.83,-111292.17,-19.68
492500.0,47.4422,-122.505,5238800020,350124.44,-142375.56,-28.91
962800.0,47.559,-122.118,8965410150,975503.65,12703.65,1.32
740000.0,47.547,-122.111,2424059116,1302160.89,562160.89,75.97
330000.0,47.4654,-122.194,7399000360,471261.09,141261.09,42.81
860000.0,47.6839,-122.19,3886902950,1032217.32,172217.32,20.03
920000.0,47.6818,-122.023,7202360430,1015491.15,95491.15,10.38
532000.0,47.6983,-122.127,7199340620,511762.89,-20237.11,-3.8
339500.0,47.3644,-122.04,9406550060,280363.76,-59136.24,-17.42
835000.0,47.7103,-122.027,8682220150,528874.46,-306125.54,-36.66
441500.0,47.7283,-122.194,9477100490,447728.3,6228.3,1.41
1880000.0,47.617,-122.282,6321000045,1634280.69,-245719.31,-13.07
339900.0,47.3363,-122.331,1862700290,376619.45,36719.45,10.8
616300.0,47.6825,-122.19,3886902505,746106.83,129806.83,21.06
1280000.0,47.6341,-122.284,5318100840,933173.17,-346826.83,-27.1
220000.0,47.4759,-122.208,7231502505,349307.52,129307.52,58.78
1970000.0,47.6203,-122.212,8964800025,1526063.4,-443936.6,-22.53
229950.0,47.4972,-122.224,1180003175,255401.09,25451.09,11.07
289900.0,47.4492,-122.157,2473101360,383802.81,93902.81,32.39
225000.0,47.3719,-122.215,9183703376,214080.95,-10919.05,-4.85
775000.0,47.6397,-122.388,269001360,475539.59,-299460.41,-38.64
1160000.0,47.488,-122.364,7781600025,990519.47,-169480.53,-14.61
837500.0,47.6861,-122.198,1245002125,745989.88,-91510.12,-10.93
506500.0,47.7278,-122.218,8651720470,517488.09,10988.09,2.17
1050000.0,47.6772,-122.267,8924100308,981045.09,-68954.91,-6.57
782000.0,47.4358,-122.085,7937600395,1264197.95,482197.95,61.66
575000.0,47.6347,-122.173,6189200050,674310.08,99310.08,17.27
310000.0,47.5118,-122.189,345700150,370814.16,60814.16,19.62
630000.0,47.7004,-122.295,3326049077,484867.33,-145132.67,-23.04
600000.0,47.6873,-122.321,2878601425,592490.62,-7509.38,-1.25
630000.0,47.6735,-122.362,2769600190,716239.27,86239.27,13.69
255000.0,47.422,-122.153,2618300190,358287.07,103287.07,40.5
750000.0,47.6134,-122.308,7234601440,694990.29,-55009.71,-7.33
1310000.0,47.6398,-122.39,269001331,1001139.9,-308860.1,-23.58
295000.0,47.3618,-122.195,8700100100,245519.58,-49480.42,-16.77
255000.0,47.7689,-122.315,3971701300,284608.64,29608.64,11.61
417000.0,47.6677,-122.324,9550202870,557417.19,140417.19,33.67
268000.0,47.369,-122.126,7237300330,315548.2,47548.2,17.74
310000.0,47.7116,-122.213,1138000830,492534.2,182534.2,58.88
530000.0,47.3376,-122.323,5152100110,442679.58,-87320.42,-16.48
520000.0,47.7617,-122.378,3585900430,438373.02,-81626.98,-15.7
281000.0,47.4023,-122.273,6200017,114915.55,-166084.45,-59.1
147500.0,47.404,-122.203,8802400416,291986.12,144486.12,97.96
374150.0,47.752,-122.35,9371700132,371065.05,-3084.95,-0.82
200000.0,47.4229,-122.324,2946000285,231540.5,31540.5,15.77
449000.0,47.7155,-122.315,2044500213,459618.6,10618.6,2.36
1010000.0,47.6169,-122.212,4389201021,646073.08,-363926.92,-36.03
345000.0,47.7364,-122.295,1568100380,396344.01,51344.01,14.88
435000.0,47.604,-122.307,1934800086,552046.27,117046.27,26.91
195000.0,47.2052,-121.987,8005100025,120365.16,-74634.84,-38.27
1150000.0,47.7336,-122.284,7351200295,777562.44,-372437.56,-32.39
311000.0,47.317,-122.385,8731981680,484852.91,173852.91,55.9
250000.0,47.3781,-122.284,1253200170,306392.62,56392.62,22.56
672000.0,47.6597,-122.355,8129700743,536998.48,-135001.52,-20.09
330000.0,47.5722,-122.291,9834200925,460615.15,130615.15,39.58
190000.0,47.3015,-122.216,7116000225,111135.92,-78864.08,-41.51
487500.0,47.6513,-122.385,2770601461,401901.02,-85598.98,-17.56
472000.0,47.5897,-122.136,6751100125,550886.53,78886.53,16.71
350000.0,47.3248,-122.179,921059132,215096.9,-134903.1,-38.54
246000.0,47.2899,-122.372,2791500280,149993.43,-96006.57,-39.03
239900.0,47.4897,-122.24,3969300030,204431.57,-35468.43,-14.78
337000.0,47.5311,-122.382,3013300895,329123.37,-7876.63,-2.34
360000.0,47.6818,-122.165,3888100133,458151.48,98151.48,27.26
375000.0,47.4873,-121.783,8039900400,314565.92,-60434.08,-16.12
407000.0,47.6655,-122.13,5422560660,641283.14,234283.14,57.56
345000.0,47.588,-122.305,7548301056,489077.65,144077.65,41.76
475000.0,47.7212,-122.172,2558690150,545177.66,70177.66,14.77
940000.0,47.5833,-122.242,5315100806,950657.08,10657.08,1.13
640000.0,47.6195,-122.299,9828702245,568713.52,-71286.48,-11.14
419000.0,47.7214,-122.166,2558670110,514450.92,95450.92,22.78
219950.0,47.5328,-122.275,1443500905,322681.41,102731.41,46.71
620000.0,47.4721,-122.148,1461200020,708648.6,88648.6,14.3
600000.0,47.619,-122.311,8080400045,506135.47,-93864.53,-15.64
789000.0,47.4036,-122.462,6398000011,941039.52,152039.52,19.27
305000.0,47.7282,-122.296,3821700038,362492.97,57492.97,18.85
530000.0,47.7029,-122.015,8682280270,481726.97,-48273.03,-9.11
2560000.0,47.661,-122.269,6613000935,1918146.88,-641853.12,-25.07
1050000.0,47.6362,-122.363,2397101200,649637.65,-400362.35,-38.13
395000.0,47.6921,-122.38,3300701170,317900.59,-77099.41,-19.52
145000.0,47.6836,-122.174,2870000040,402430.84,257430.84,177.54
540000.0,47.6148,-122.309,7234601025,538468.88,-1531.12,-0.28
685000.0,47.6504,-122.004,1332000100,760142.14,75142.14,10.97
525000.0,47.6722,-122.391,477000019,482521.37,-42478.63,-8.09
2950000.0,47.6387,-122.405,1370800515,1400335.42,-1549664.58,-52.53
150000.0,47.3063,-122.219,8698600395,142014.21,-7985.79,-5.32
425000.0,47.5044,-122.35,2586800270,250657.71,-174342.29,-41.02
438000.0,47.6776,-122.318,9528102772,525231.36,87231.36,19.92
235000.0,47.4783,-122.265,2800031,284408.46,49408.46,21.02
230000.0,47.4235,-122.155,8155000040,301357.83,71357.83,31.03
616000.0,47.6161,-122.021,8677300720,637441.64,21441.64,3.48
195000.0,47.3278,-122.262,5647900930,131310.31,-63689.69,-32.66
168000.0,47.3804,-122.318,3530430155,215973.45,47973.45,28.56
458000.0,47.7509,-122.056,826069016,574306.41,116306.41,25.39
467000.0,47.6801,-122.348,3362401758,501117.2,34117.2,7.31
472500.0,47.547,-121.997,3630060070,417024.06,-55475.94,-11.74
576000.0,47.5866,-122.175,6205500280,585887.14,9887.14,1.72
570000.0,47.6987,-122.231,3760500435,916500.71,346500.71,60.79
600600.0,47.4349,-122.328,9325200120,532279.43,-68320.57,-11.38
649950.0,47.4167,-121.936,522079067,302166.55,-347783.45,-53.51
322400.0,47.4706,-122.1,7230400430,501719.53,179319.53,55.62
1180000.0,47.38,-122.011,2322069010,916645.4,-263354.6,-22.32
1440000.0,47.61600000000001,-122.218,5494000040,878582.45,-561417.55,-38.99
452000.0,47.545,-122.36,3438501583,538844.65,86844.65,19.21
471000.0,47.6458,-121.904,8161020060,446465.13,-24534.87,-5.21
344000.0,47.3626,-122.04,9406530150,410372.43,66372.43,19.29
385000.0,47.5549,-122.292,2742100009,448248.55,63248.55,16.43
570000.0,47.5714,-122.005,3905120540,493618.55,-76381.45,-13.4
385000.0,47.6348,-122.032,6817800630,358335.45,-26664.55,-6.93
222000.0,47.3683,-122.147,5470100220,269447.08,47447.08,21.37
509900.0,47.6546,-122.049,7511200020,524572.43,14672.43,2.88
360000.0,47.5588,-122.301,4174600055,674151.0,314151.0,87.26
923990.0,47.7053,-122.126,2937300440,928699.87,4709.87,0.51
717000.0,47.5608,-122.016,1149900050,777380.79,60380.79,8.42
674000.0,47.6745,-122.287,8815400165,550913.09,-123086.91,-18.26
260000.0,47.395,-122.176,1761300110,323706.62,63706.62,24.5
226740.0,47.2927,-122.183,2599200830,146781.68,-79958.32,-35.26
299500.0,47.4629,-121.743,7334501410,189851.02,-109648.98,-36.61
648475.0,47.6406,-122.344,3528900980,634626.44,-13848.56,-2.14
362000.0,47.7372,-122.221,3578700073,416820.22,54820.22,15.14
690000.0,47.5271,-122.381,1781500220,630304.61,-59695.39,-8.65
320000.0,47.26600000000001,-122.307,7212651210,208239.46,-111760.54,-34.93
490000.0,47.6779,-122.377,7518500301,448971.2,-41028.8,-8.37
203000.0,47.2896,-122.369,5029451080,31435.25,-171564.75,-84.51
729000.0,47.5489,-122.185,1999600320,750399.06,21399.06,2.94
651000.0,47.327,-122.094,721069087,748344.02,97344.02,14.95
1390000.0,47.62600000000001,-122.213,2566300100,809027.46,-580972.54,-41.8
509000.0,47.7446,-122.249,3579000800,702084.14,193084.14,37.93
590000.0,47.459,-122.118,9558050230,959487.81,369487.81,62.63
270000.0,47.4501,-122.274,5379804537,276033.31,6033.31,2.23
240000.0,47.4915,-122.338,7889602020,259262.0,19262.0,8.03
196000.0,47.2976,-122.271,3751600176,-9718.04,-205718.04,-104.96
354950.0,47.719,-122.321,6413600276,382581.98,27631.98,7.78
950000.0,47.5261,-122.144,7135520610,1250926.79,300926.79,31.68
285000.0,47.7218,-122.356,9158100116,340076.59,55076.59,19.33
446000.0,47.7762,-122.257,8663100050,493101.78,47101.78,10.56
550000.0,47.5582,-122.139,2141300620,674817.94,124817.94,22.69
640000.0,47.51600000000001,-122.203,1644500450,665442.19,25442.19,3.98
179000.0,47.4488,-122.274,5379805495,182955.32,3955.32,2.21
600000.0,47.7437,-122.287,6744700285,816571.15,216571.15,36.1
347500.0,47.3126,-122.043,6791400800,196857.62,-150642.38,-43.35
1280000.0,47.6604,-122.289,9822700190,872590.64,-407409.36,-31.83
220000.0,47.4852,-122.251,1423049019,153839.68,-66160.32,-30.07
194990.0,47.5335,-122.272,1443500305,345509.74,150519.74,77.19
319000.0,47.2938,-122.348,1321710460,239452.91,-79547.09,-24.94
1400000.0,47.6388,-122.409,1370800935,988925.45,-411074.55,-29.36
250000.0,47.4653,-122.338,1221000395,158083.92,-91916.08,-36.77
447000.0,47.682,-122.035,7202330330,374139.53,-72860.47,-16.3
749000.0,47.684,-122.386,6021503840,443332.67,-305667.33,-40.81
375000.0,47.7578,-122.094,1775950030,460957.82,85957.82,22.92
1210000.0,47.6762,-122.267,8924100370,1173360.23,-36639.77,-3.03
870000.0,47.6655,-122.363,475001235,780582.96,-89417.04,-10.28
639500.0,47.6327,-122.097,1036000610,591777.58,-47722.42,-7.46
470500.0,47.7484,-122.237,5634500201,478473.04,7973.04,1.69
968000.0,47.5739,-122.069,5569700075,1248582.64,280582.64,28.99
1540000.0,47.6321,-122.2,249000205,1473017.67,-66982.33,-4.35
535000.0,47.4585,-122.13,8856900310,749412.01,214412.01,40.08
249000.0,47.3577,-122.16,5466410030,194652.19,-54347.81,-21.83
600000.0,47.6754,-122.359,9287801150,627718.38,27718.38,4.62
299500.0,47.3406,-122.057,7843500090,350988.42,51488.42,17.19
579000.0,47.3401,-121.946,521079025,806312.07,227312.07,39.26
723000.0,47.5413,-121.877,7852120030,835681.04,112681.04,15.59
213000.0,47.4481,-122.278,5379805120,212886.93,-113.07,-0.05
152500.0,47.3467,-122.307,4222310010,90741.21,-61758.79,-40.5
361600.0,47.6914,-122.31,5101400994,364544.3,2944.3,0.81
255000.0,47.3944,-122.187,2212200050,257396.62,2396.62,0.94
560000.0,47.5198,-122.389,2487200279,594691.92,34691.92,6.19
325000.0,47.5692,-122.295,1624049228,536854.01,211854.01,65.19
1930000.0,47.6377,-122.212,8081500060,1484208.54,-445791.46,-23.1
517000.0,47.6118,-122.299,1189000910,592754.64,75754.64,14.65
320000.0,47.5376,-122.371,8122101146,473522.51,153522.51,47.98
308000.0,47.275,-122.295,5205000250,268870.92,-39129.08,-12.7
315000.0,47.4629,-122.187,7399301050,378693.92,63693.92,20.22
442500.0,47.7346,-121.97,3296900160,486087.64,43587.64,9.85
385000.0,47.5686,-122.315,5680000750,589657.06,204657.06,53.16
418800.0,47.7365,-122.242,3649100315,498070.74,79270.74,18.93
265500.0,47.2576,-122.214,4137040060,149118.45,-116381.55,-43.83
335000.0,47.7038,-122.348,6145600780,454778.99,119778.99,35.75
265000.0,47.4576,-122.16,2473250280,365264.42,100264.42,37.84
507000.0,47.4296,-122.111,7702600160,565902.03,58902.03,11.62
800000.0,47.6249,-122.206,2925059260,832463.87,32463.87,4.06
385000.0,47.7575,-122.361,5587000010,434903.79,49903.79,12.96
825000.0,47.6313,-122.204,685000265,674888.86,-150111.14,-18.2
560000.0,47.295,-122.086,1921069082,372686.59,-187313.41,-33.45
355000.0,47.5122,-122.181,9202500150,450783.82,95783.82,26.98
630000.0,47.6493,-122.401,6822100155,533344.57,-96655.43,-15.34
635000.0,47.5446,-122.017,3629700030,507956.79,-127043.21,-20.01
389999.0,47.4281,-122.343,6113400046,300571.01,-89427.99,-22.93
210000.0,47.4999,-122.268,3348401584,281957.22,71957.22,34.27
675000.0,47.6503,-122.198,2432000130,574454.64,-100545.36,-14.9
213500.0,47.4931,-122.298,257000057,327517.98,114017.98,53.4
1330000.0,47.6329,-122.31,2125049024,994909.45,-335090.55,-25.19
328000.0,47.2581,-122.2,7299600700,203248.96,-124751.04,-38.03
305000.0,47.3082,-122.372,9510900630,158578.05,-146421.95,-48.01
525126.0,47.6159,-122.114,4038700720,636502.35,111376.35,21.21
349000.0,47.4346,-122.201,2641400290,407748.84,58748.84,16.83
210000.0,47.5035,-122.36,6303401365,280372.32,70372.32,33.51
304400.0,47.3075,-122.359,104560120,174322.43,-130077.57,-42.73
383000.0,47.7527,-122.082,1628700107,389288.84,6288.84,1.64
747450.0,47.6088,-122.311,2255500123,586130.34,-161319.66,-21.58
371000.0,47.5418,-121.962,3024079069,228427.0,-142573.0,-38.43
465000.0,47.7467,-122.339,415100010,484885.66,19885.66,4.28
203000.0,47.4864,-122.317,7460000015,249380.11,46380.11,22.85
1430000.0,47.6292,-122.225,9290900160,1161764.98,-268235.02,-18.76
237500.0,47.7389,-122.324,2634500005,265394.49,27894.49,11.75
1580000.0,47.6815,-122.2,3885806105,1208499.38,-371500.62,-23.51
712000.0,47.6351,-122.06,7504030220,731702.1,19702.1,2.77
305000.0,47.333,-122.345,621049103,180135.46,-124864.54,-40.94
362362.0,47.5535,-122.269,1231001090,385619.16,23257.16,6.42
230000.0,47.459,-122.181,1423400160,244095.16,14095.16,6.13
2920000.0,47.6263,-122.284,5317100750,1879108.75,-1040891.25,-35.65
410000.0,47.479,-122.356,3541600210,411459.44,1459.44,0.36
635000.0,47.6727,-122.293,1870400615,587917.81,-47082.19,-7.41
380500.0,47.6929,-122.342,993000873,482177.25,101677.25,26.72
499950.0,47.7707,-122.35,2228900161,549623.59,49673.59,9.94
200000.0,47.4802,-122.335,4337000070,188522.01,-11477.99,-5.74
508000.0,47.6623,-122.141,8123450300,602110.83,94110.83,18.53
240000.0,47.5105,-122.36,7211402305,268167.02,28167.02,11.74
525000.0,47.5661,-122.29,1604601803,628242.34,103242.34,19.67
230000.0,47.1776,-122.011,3520069033,194775.27,-35224.73,-15.32
925000.0,47.6701,-122.339,9551201155,924021.5,-978.5,-0.11
468000.0,47.7245,-121.959,808300200,534296.67,66296.67,14.17
263000.0,47.3538,-122.047,2310030500,303484.38,40484.38,15.39
260000.0,47.3943,-122.196,3388000040,312108.47,52108.47,20.04
475000.0,47.7331,-122.183,3288301410,619663.71,144663.71,30.46
320000.0,47.6931,-122.342,993000950,479474.17,159474.17,49.84
253500.0,47.3715,-122.16,7763400035,292744.02,39244.02,15.48
589950.0,47.7035,-122.164,7524400250,641831.57,51881.57,8.79
419700.0,47.5694,-122.387,7905200061,422454.8,2754.8,0.66
790000.0,47.6154,-122.168,1159400220,873223.82,83223.82,10.53
229999.0,47.3652,-122.09,8651440230,263248.76,33249.76,14.46
359000.0,47.6961,-122.349,3126049500,462829.99,103829.99,28.92
704111.0,47.7021,-122.233,3261000080,761512.11,57401.11,8.15
595000.0,47.5241,-122.193,3345700215,818629.83,223629.83,37.58
325000.0,47.4849,-122.184,4307340490,381731.53,56731.53,17.46
635000.0,47.6858,-122.336,2883200524,520765.54,-114234.46,-17.99
237000.0,47.4324,-122.197,646910160,295600.38,58600.38,24.73
500000.0,47.5622,-122.292,6056110150,652375.6,152375.6,30.48
245000.0,47.6951,-122.343,9524100207,369033.74,124033.74,50.63
399950.0,47.5511,-122.373,9284801500,480276.19,80326.19,20.08
525000.0,47.7737,-122.235,9578060540,527717.78,2717.78,0.52
657500.0,47.6157,-122.174,7971300050,671896.66,14396.66,2.19
439000.0,47.4343,-122.156,1473120390,624880.9,185880.9,42.34
250000.0,47.5292,-122.269,3336000296,306494.93,56494.93,22.6
995000.0,47.5522,-122.103,4139460390,1336881.61,341881.61,34.36
252000.0,47.4408,-122.461,3123039089,171083.59,-80916.41,-32.11
320000.0,47.4643,-122.346,1220000367,345390.68,25390.68,7.93
365000.0,47.3107,-122.001,844001052,283186.92,-81813.08,-22.41
743000.0,47.5402,-122.216,2581900036,648407.25,-94592.75,-12.73
869950.0,47.5923,-122.058,1853080790,757876.12,-112073.88,-12.88
320000.0,47.7599,-122.343,7276100282,560125.72,240125.72,75.04
805000.0,47.5381,-121.86,7853280370,1215074.9,410074.9,50.94
604000.0,47.5752,-121.995,3905000200,583279.33,-20720.67,-3.43
272000.0,47.1952,-121.986,6802200670,83255.76,-188744.24,-69.39
799000.0,47.355,-122.319,3222049159,964308.16,165308.16,20.69
550000.0,47.407,-122.216,722059020,1060202.39,510202.39,92.76
235000.0,47.3472,-122.11,3622059155,245770.74,10770.74,4.58
315000.0,47.3505,-122.032,7437100210,263531.82,-51468.18,-16.34
563000.0,47.6606,-122.365,124000160,543560.91,-19439.09,-3.45
635000.0,47.6339,-122.124,7752000090,744718.1,109718.1,17.28
580000.0,47.6301,-122.103,267020090,701234.96,121234.96,20.9
489950.0,47.5492,-122.276,3332500085,623959.11,134009.11,27.35
276000.0,47.2877,-122.283,1687000240,287631.31,11631.31,4.21
249000.0,47.717,-122.19,3057000400,423157.62,174157.62,69.94
386000.0,47.3524,-122.175,1329300070,375273.22,-10726.78,-2.78
455000.0,47.7212,-122.226,2888000020,465849.96,10849.96,2.38
753000.0,47.664,-121.993,1125069086,841732.79,88732.79,11.78
267500.0,47.3514,-122.167,8091410080,216521.3,-50978.7,-19.06
400000.0,47.6321,-122.034,6817801410,337881.97,-62118.03,-15.53
468000.0,47.5565,-122.275,3335000025,386697.78,-81302.22,-17.37
661000.0,47.5638,-122.38,952004875,753675.77,92675.77,14.02
941500.0,47.7757,-122.391,226039316,1105891.97,164391.97,17.46
535000.0,47.7092,-121.892,2726079061,658926.02,123926.02,23.16
299000.0,47.3192,-122.287,5515600075,233062.83,-65937.17,-22.05
255000.0,47.4485,-121.774,9407001700,152296.76,-102703.24,-40.28
305000.0,47.3661,-122.02,9542840570,226350.48,-78649.52,-25.79
335000.0,47.5731,-122.135,2202500255,439080.44,104080.44,31.07
556000.0,47.6678,-122.165,1241500147,626818.66,70818.66,12.74
180000.0,47.5118,-122.348,623049094,257309.27,77309.27,42.95
340000.0,47.3595,-122.323,9536601295,419458.02,79458.02,23.37
662990.0,47.5797,-122.405,6372000060,482272.22,-180717.78,-27.26
665000.0,47.5442,-122.396,7436000205,574853.08,-90146.92,-13.56
385000.0,47.5312,-122.04,2824069180,389636.46,4636.46,1.2
539950.0,47.6243,-122.094,8563030500,609832.52,69882.52,12.94
955000.0,47.7064,-121.981,2526069095,1032205.7,77205.7,8.08
370000.0,47.7159,-122.165,2592400400,435816.53,65816.53,17.79
605000.0,47.7422,-122.245,1326049130,637980.55,32980.55,5.45
512500.0,47.7682,-122.261,4140090110,566753.58,54253.58,10.59
235000.0,47.4337,-122.329,3223049073,164001.89,-70998.11,-30.21
430000.0,47.3686,-122.059,3303860160,562757.74,132757.74,30.87
370000.0,47.7438,-122.315,3432500760,420188.23,50188.23,13.56
234999.0,47.4493,-122.274,5379805475,197806.51,-37192.49,-15.83
295000.0,47.3552,-122.015,5104510540,248070.09,-46929.91,-15.91
1150000.0,47.6201,-122.222,3323500010,842688.39,-307311.61,-26.72
390000.0,47.7401,-122.258,8718500275,486929.69,96929.69,24.85
402500.0,47.6966,-122.35,789000520,412007.31,9507.31,2.36
475000.0,47.6599,-122.135,3882300090,459221.38,-15778.62,-3.32
349500.0,47.7489,-122.3,4025300360,400456.17,50956.17,14.58
281000.0,47.2672,-122.313,7212660900,178456.33,-102543.67,-36.49
274975.0,47.7721,-122.093,3530210260,768659.62,493684.62,179.54
365000.0,47.5572,-122.282,1702901500,438055.11,73055.11,20.02
499950.0,47.6898,-122.326,2061100435,513746.53,13796.53,2.76
420000.0,47.5649,-122.38,952003435,547333.37,127333.37,30.32
320000.0,47.2575,-122.312,3275300040,75722.32,-244277.68,-76.34
459000.0,47.5677,-122.003,8665050220,474209.1,15209.1,3.31
759900.0,47.7066,-122.115,9526600710,709548.81,-50351.19,-6.63
325000.0,47.5495,-122.357,3438500880,311424.21,-13575.79,-4.18
377500.0,47.5441,-122.39,7625704317,256513.81,-120986.19,-32.05
746000.0,47.5995,-122.198,2591700037,627452.32,-118547.68,-15.89
2580000.0,47.6242,-122.239,2260300060,1719293.84,-860706.16,-33.36
305000.0,47.4852,-122.164,1079350020,344121.89,39121.89,12.83
354000.0,47.7186,-122.218,1727500010,437883.09,83883.09,23.7
190000.0,47.6888,-121.909,3326079016,630259.33,440259.33,231.72
524950.0,47.5524,-121.996,3629970680,361386.25,-163563.75,-31.16
738000.0,47.4384,-122.347,6117502727,827877.1,89877.1,12.18
600000.0,47.7588,-122.27,8832900120,744947.69,144947.69,24.16
1330000.0,47.6773,-122.403,486000510,1127872.04,-202127.96,-15.2
339000.0,47.6384,-121.969,203900610,394393.21,55393.21,16.34
1050000.0,47.6595,-122.147,7732650120,900584.03,-149415.97,-14.23
647500.0,47.7597,-122.263,8832900780,572393.52,-75106.48,-11.6
470000.0,47.7351,-121.964,1313300340,586600.65,116600.65,24.81
515000.0,47.5463,-122.272,8113101582,567518.77,52518.77,10.2
358000.0,47.3565,-122.015,5104510340,248996.25,-109003.75,-30.45
855000.0,47.5603,-122.222,2757000030,761706.56,-93293.44,-10.91
640000.0,47.6179,-122.318,6003500743,648716.14,8716.14,1.36
1080000.0,47.6367,-121.958,203100690,732949.92,-347050.08,-32.13
496000.0,47.4777,-121.763,1523089097,399628.31,-96371.69,-19.43
269950.0,47.4802,-122.279,2612000390,433553.27,163603.27,60.61
325000.0,47.5158,-122.281,323049176,474624.9,149624.9,46.04
350000.0,47.7624,-121.93,1558100398,646176.9,296176.9,84.62
1420000.0,47.5456,-122.126,4139900120,1578002.57,158002.57,11.13
271000.0,47.4664,-121.747,7334401040,208254.87,-62745.13,-23.15
367000.0,47.2582,-121.935,3221079055,300354.83,-66645.17,-18.16
323000.0,47.3511,-122.058,2215900410,317622.55,-5377.45,-1.66
6890000.0,47.6305,-122.24,9208900037,5011650.83,-1878349.17,-27.26
450000.0,47.6825,-122.391,9165100130,355819.17,-94180.83,-20.93
290000.0,47.4339,-122.512,3523029041,239657.44,-50342.56,-17.36
900000.0,47.6803,-122.387,7518508625,514694.12,-385305.88,-42.81
440000.0,47.6819,-122.161,6838000520,468502.63,28502.63,6.48
395000.0,47.4512,-122.208,9485750240,546248.5,151248.5,38.29
770000.0,47.4664,-121.992,2423069170,712119.45,-57880.55,-7.52
200000.0,47.2757,-122.145,3668000670,118722.34,-81277.66,-40.64
535000.0,47.587,-122.294,1695900060,531690.38,-3309.62,-0.62
375000.0,47.5491,-122.268,8952900260,432659.28,57659.28,15.38
283500.0,47.3787,-122.323,2560805440,75465.12,-208034.88,-73.38
287000.0,47.2137,-121.989,2420069278,93175.63,-193824.37,-67.53
228800.0,47.5275,-122.271,2123700015,340359.75,111559.75,48.76
480000.0,47.7691,-122.167,6662410250,493472.49,13472.49,2.81
763000.0,47.6885,-122.381,546001060,610285.57,-152714.43,-20.01
731781.0,47.69300000000001,-122.133,5569620410,773192.14,41411.14,5.66
522500.0,47.62300000000001,-122.105,8563000250,601460.16,78960.16,15.11
650000.0,47.744,-122.194,4178600100,721439.47,71439.47,10.99
289950.0,47.3668,-122.031,3793500550,267874.01,-22075.99,-7.61
920000.0,47.6571,-122.281,4217401195,826798.84,-93201.16,-10.13
495000.0,47.5049,-122.155,1776230190,738301.89,243301.89,49.15
420000.0,47.7583,-122.339,3705900292,434924.98,14924.98,3.55
287500.0,47.4799,-122.232,7471900045,347666.13,60166.13,20.93
311000.0,47.5482,-122.294,829000160,454444.54,143444.54,46.12
329950.0,47.2654,-122.217,4137000540,205159.04,-124790.96,-37.82
249000.0,47.4538,-122.288,4435000490,381629.09,132629.09,53.26
980000.0,47.5359,-122.069,8562720230,1236910.67,256910.67,26.22
350000.0,47.5366,-122.289,3031200230,445348.2,95348.2,27.24
606000.0,47.6718,-122.359,455000395,443720.35,-162279.65,-26.78
385000.0,47.4406,-122.146,1402200340,429261.33,44261.33,11.5
384000.0,47.5327,-121.871,7852150120,252373.19,-131626.81,-34.28
635000.0,47.5772,-122.013,3904960910,648153.58,13153.58,2.07
530000.0,47.7727,-122.237,9578060370,519286.12,-10713.88,-2.02
855000.0,47.5754,-122.071,7768800290,771566.54,-83433.46,-9.76
620000.0,47.5683,-122.396,9161100730,520167.01,-99832.99,-16.1
1440000.0,47.5499,-122.264,8835900220,1197615.14,-242384.86,-16.83
600000.0,47.7529,-122.116,3663000070,522885.21,-77114.79,-12.85
308000.0,47.3818,-122.225,1922059046,248148.12,-59851.88,-19.43
970000.0,47.543,-122.266,1102000514,867019.94,-102980.06,-10.62
1280000.0,47.6427,-122.397,8127700390,1092914.85,-187085.15,-14.62
400000.0,47.6914,-122.287,6844702290,454314.47,54314.47,13.58
311000.0,47.7077,-122.314,1160000255,411269.28,100269.28,32.24
278000.0,47.4657,-121.747,7334401000,129133.47,-148866.53,-53.55
269000.0,47.7316,-122.338,6450303235,343892.15,74892.15,27.84
287000.0,47.4361,-122.189,9117000230,364467.78,77467.78,26.99
390000.0,47.7143,-122.32,6413100311,484247.73,94247.73,24.17
922755.0,47.6178,-122.055,293070270,866012.01,-56742.99,-6.15
1100000.0,47.6356,-122.15,2225059170,963638.37,-136361.63,-12.4
2570000.0,47.6646,-122.208,825059178,2000289.49,-569710.51,-22.17
415000.0,47.5728,-122.388,1493300115,420093.97,5093.97,1.23
1700000.0,47.5849,-122.29,6738700335,1401581.78,-298418.22,-17.55
178500.0,47.5077,-122.344,5147600105,235154.13,56654.13,31.74
194000.0,47.5472,-122.372,3278602660,381054.67,187054.67,96.42
494000.0,47.7734,-122.237,9578060470,527567.57,33567.57,6.8
302200.0,47.4497,-122.168,7229100180,338318.01,36118.01,11.95
670950.0,47.6726,-122.38,2767603210,504000.29,-166949.71,-24.88
200000.0,47.4269,-122.197,6623400246,268515.25,68515.25,34.26
871000.0,47.6732,-122.4,3096000040,515114.65,-355885.35,-40.86
206000.0,47.2787,-122.205,7345000120,126070.41,-79929.59,-38.8
595000.0,47.7372,-122.316,6632900574,532298.3,-62701.7,-10.54
1480000.0,47.6295,-122.32,6762700515,979321.01,-500678.99,-33.83
280500.0,47.3078,-122.337,9264910280,296571.76,16071.76,5.73
230000.0,47.7481,-122.3,3996900125,329089.86,99089.86,43.08
539500.0,47.701,-122.231,3261020080,655809.88,116309.88,21.56
353250.0,47.5888,-122.294,6909700437,423098.29,69848.29,19.77
2240000.0,47.5371,-121.982,2524069097,2451077.01,211077.01,9.42
635000.0,47.6796,-122.39,1254200615,373512.56,-261487.44,-41.18
419000.0,47.7191,-122.023,8682291940,421429.82,2429.82,0.58
255000.0,47.2616,-122.281,3750605247,119719.58,-135280.42,-53.05
320000.0,47.3588,-122.038,5416500840,435566.89,115566.89,36.11
351000.0,47.7343,-122.22,5632500110,413904.93,62904.93,17.92
524500.0,47.6796,-122.393,1254201106,501563.06,-22936.94,-4.37
295000.0,47.3926,-122.166,5469700020,343956.61,48956.61,16.6
670000.0,47.6888,-122.201,1245001763,593567.49,-76432.51,-11.41
575000.0,47.7121,-122.332,2926049086,648220.85,73220.85,12.73
850000.0,47.6749,-122.002,225069017,627169.13,-222830.87,-26.22
285000.0,47.3406,-122.269,3328500250,314894.06,29894.06,10.49
925000.0,47.7517,-122.225,7018000560,964537.84,39537.84,4.27
560000.0,47.691,-122.387,6383000825,553696.08,-6303.92,-1.13
412000.0,47.3533,-122.015,5104512070,419368.48,7368.48,1.79
1890000.0,47.5873,-122.202,824059042,1337968.76,-552031.24,-29.21
670000.0,47.5746,-122.289,9834200390,568679.9,-101320.1,-15.12
201000.0,47.529,-121.837,7994700030,158290.54,-42709.46,-21.25
1080000.0,47.6097,-122.287,9184700535,1148260.61,68260.61,6.32
539950.0,47.6987,-122.365,2705600067,454596.2,-85353.8,-15.81
207000.0,47.3215,-122.351,4168000110,94981.8,-112018.2,-54.12
650000.0,47.6236,-122.306,4400200060,549283.54,-100716.46,-15.49
1100000.0,47.6956,-122.392,3526039160,937986.93,-162013.07,-14.73
206000.0,47.3771,-122.287,1555200590,154702.71,-51297.29,-24.9
523950.0,47.6533,-122.346,1972201963,526011.12,2061.12,0.39
830000.0,47.654,-122.342,8032700140,775806.4,-54193.6,-6.53
875000.0,47.6476,-122.32,1962200475,796364.57,-78635.43,-8.99
290000.0,47.5149,-122.257,7129302185,355827.31,65827.31,22.7
216000.0,47.4401,-122.279,3423049311,135259.5,-80740.5,-37.38
495000.0,47.5485,-122.302,7857003465,609050.18,114050.18,23.04
925000.0,47.6807,-122.267,9294300615,1013219.84,88219.84,9.54
660000.0,47.6805,-122.385,7518506595,690469.28,30469.28,4.62
1270000.0,47.6402,-122.171,1727850340,1159638.0,-110362.0,-8.69
397000.0,47.7351,-122.189,9477000650,526878.38,129878.38,32.71
920000.0,47.5874,-122.387,9274200365,841387.84,-78612.16,-8.54
150000.0,47.5293,-122.351,2113701095,291387.25,141387.25,94.26
353000.0,47.3828,-122.211,3375800220,374022.74,21022.74,5.96
341000.0,47.4451,-122.136,2473510090,478923.63,137923.63,40.45
600000.0,47.6198,-122.105,1066000290,647210.75,47210.75,7.87
760000.0,47.6945,-122.292,5652600065,656052.1,-103947.9,-13.68
415000.0,47.5086,-122.258,393000045,670556.77,255556.77,61.58
280500.0,47.4283,-122.323,4438000075,248823.06,-31676.94,-11.29
1600000.0,47.70399999999999,-122.245,3761100180,1179079.61,-420920.39,-26.31
539000.0,47.7382,-121.975,255520150,693909.3,154909.3,28.74
660000.0,47.7446,-122.193,4178600040,717473.77,57473.77,8.71
391000.0,47.4861,-122.161,2325400170,403368.52,12368.52,3.16
310000.0,47.355,-122.059,3023000050,333420.6,23420.6,7.56
640000.0,47.5595,-122.019,1150000200,706064.46,66064.46,10.32
425000.0,47.5158,-121.873,7853360620,270316.56,-154683.44,-36.4
749400.0,47.719,-122.114,4188000670,935528.71,186128.71,24.84
1260000.0,47.5909,-122.384,9273200145,1323932.29,63932.29,5.07
733000.0,47.6816,-122.31,9547205260,553304.94,-179695.06,-24.52
563950.0,47.4857,-122.153,5045700470,635725.79,71775.79,12.73
506000.0,47.6853,-122.293,7977200995,470688.33,-35311.67,-6.98
515000.0,47.6668,-122.285,2436700655,557533.51,42533.51,8.26
825000.0,47.682,-122.348,3362400640,630524.62,-194475.38,-23.57
385000.0,47.6273,-122.062,7715800570,344413.15,-40586.85,-10.54
535000.0,47.7163,-122.229,6301800020,573127.57,38127.57,7.13
865000.0,47.5432,-121.952,2924079044,757860.16,-107139.84,-12.39
467000.0,47.7428,-122.183,7016310270,507303.95,40303.95,8.63
325000.0,47.532,-121.761,2424410110,195064.79,-129935.21,-39.98
430000.0,47.7351,-122.323,7568700740,607313.84,177313.84,41.24
294350.0,47.5238,-122.355,7899800120,320967.01,26617.01,9.04
327000.0,47.359,-122.082,1760650880,269790.55,-57209.45,-17.5
620000.0,47.5832,-122.02,1024069063,483270.59,-136729.41,-22.05
1600000.0,47.544,-122.126,2624059036,1545266.31,-54733.69,-3.42
210000.0,47.5093,-122.184,3542300060,323480.07,113480.07,54.04
457000.0,47.5331,-121.855,7853220610,537676.89,80676.89,17.65
590000.0,47.5441,-122.172,6308000020,694826.65,104826.65,17.77
585000.0,47.7623,-122.165,7859960250,662834.97,77834.97,13.31
1200000.0,47.7735,-122.386,7281300010,1240574.75,40574.75,3.38
550000.0,47.5204,-122.206,3342101785,692080.82,142080.82,25.83
490000.0,47.5689,-122.393,5742600090,343996.89,-146003.11,-29.8
450000.0,47.6911,-122.348,6046401105,408227.49,-41772.51,-9.28
264950.0,47.4935,-122.333,1446800181,280290.08,15340.08,5.79
1330000.0,47.6292,-122.312,1337800665,1155043.72,-174956.28,-13.15
200000.0,47.3191,-122.18,3056700150,99737.09,-100262.91,-50.13
299950.0,47.7372,-121.981,2131701410,335280.7,35330.7,11.78
823000.0,47.6802,-122.361,1623300055,626603.05,-196396.95,-23.86
485000.0,47.4823,-121.772,1442870420,408607.61,-76392.39,-15.75
313100.0,47.5068,-122.191,3343901848,490065.84,176965.84,56.52
1080000.0,47.5458,-122.227,2469000010,774417.79,-305582.21,-28.29
677100.0,47.6496,-122.083,3275890310,710241.69,33141.69,4.89
461500.0,47.5339,-122.284,3395070980,662898.29,201398.29,43.64
240000.0,47.3729,-122.295,1951100110,203533.23,-36466.77,-15.19
285000.0,47.5441,-122.304,3058600050,431624.79,146624.79,51.45
291500.0,47.3592,-122.076,8648220270,249467.54,-42032.46,-14.42
425000.0,47.6363,-122.368,7011201106,385669.28,-39330.72,-9.25
850000.0,47.7187,-122.024,8682292190,693863.35,-156136.65,-18.37
580000.0,47.7338,-122.169,3876311490,691111.19,111111.19,19.16
340500.0,47.5007,-122.223,1180000885,791366.92,450866.92,132.41
860000.0,47.7067,-122.131,3825310180,1201560.14,341560.14,39.72
225000.0,47.317,-122.325,7941600390,163017.2,-61982.8,-27.55
506400.0,47.5329,-122.173,6388910360,588014.97,81614.97,16.12
373000.0,47.7358,-122.319,6703700025,381422.46,8422.46,2.26
325000.0,47.5135,-122.257,7129302235,385988.58,60988.58,18.77
650000.0,47.6726,-122.298,1868901190,594466.79,-55533.21,-8.54
277950.0,47.2676,-122.256,1389600080,88812.92,-189137.08,-68.05
313000.0,47.5961,-122.305,7128300855,429550.9,116550.9,37.24
635000.0,47.5446,-122.017,3629700090,501987.09,-133012.91,-20.95
564950.0,47.7401,-122.226,3574770030,599497.27,34547.27,6.12
214946.0,47.3655,-122.08,2916600110,269868.3,54922.3,25.55
270000.0,47.3598,-122.157,5466750140,251041.65,-18958.35,-7.02
182568.0,47.5669,-122.297,6056100160,389837.33,207269.33,113.53
280500.0,47.4118,-122.314,2008000420,265866.56,-14633.44,-5.22
412500.0,47.5206,-121.868,7853320950,229573.27,-182926.73,-44.35
257000.0,47.552,-122.29,9331800580,366172.99,109172.99,42.48
659950.0,47.6423,-122.375,2770604079,643453.83,-16496.17,-2.5
233500.0,47.2903,-122.214,7140600190,102178.9,-131321.1,-56.24
580000.0,47.5782,-122.292,5700001100,656123.45,76123.45,13.12
470000.0,47.7735,-122.273,3459000050,508989.57,38989.57,8.3
1060000.0,47.6102,-121.993,1437580600,1091879.98,31879.98,3.01
320000.0,47.5497,-122.295,7857001225,427526.12,107526.12,33.6
3300000.0,47.5675,-122.189,6072800246,3086342.55,-213657.45,-6.47
1070000.0,47.5884,-122.291,1250202145,1195475.35,125475.35,11.73
718500.0,47.7029,-122.171,2564900470,785992.09,67492.09,9.39
450000.0,47.5478,-122.0,3630000080,385934.09,-64065.91,-14.24
268000.0,47.4725,-122.187,2475200080,345525.06,77525.06,28.93
419000.0,47.5049,-122.239,4058800135,390379.6,-28620.4,-6.83
246000.0,47.3155,-122.364,1938400040,204790.07,-41209.93,-16.75
295000.0,47.755,-122.317,6163901383,245803.42,-49196.58,-16.68
300000.0,47.7276,-122.307,6381502155,390867.43,90867.43,30.29
810000.0,47.6821,-122.267,9294300495,842381.41,32381.41,4.0
465750.0,47.6357,-122.123,7376300060,475522.39,9772.39,2.1
538500.0,47.536,-121.877,7852090180,474915.65,-63584.35,-11.81
670000.0,47.6603,-122.087,9510910250,607687.1,-62312.9,-9.3
765000.0,47.69,-122.097,3275870080,861874.87,96874.87,12.66
819000.0,47.3429,-122.33,521049200,830591.85,11591.85,1.42
775000.0,47.6496,-122.041,1668500100,960522.48,185522.48,23.94
279900.0,47.3215,-122.399,3210200395,-6645.98,-286545.98,-102.37
335000.0,47.5181,-122.364,3624039150,316271.29,-18728.71,-5.59
440000.0,47.5689,-122.284,8121100255,447321.44,7321.44,1.66
250000.0,47.349,-122.024,2781250610,131301.35,-118698.65,-47.48
385000.0,47.7733,-122.317,3971700580,302331.35,-82668.65,-21.47
242000.0,47.4807,-122.29,8864000425,385671.52,143671.52,59.37
895000.0,47.6393,-122.311,2125049139,921359.24,26359.24,2.95
200000.0,47.4815,-122.339,1823049178,194840.19,-5159.81,-2.58
318000.0,47.4715,-122.33,7366100080,468230.01,150230.01,47.24
490600.0,47.3036,-122.34,7298000090,540375.85,49775.85,10.15
230000.0,47.3093,-122.385,8732030080,172198.05,-57801.95,-25.13
967000.0,47.6785,-122.351,2331300025,630487.84,-336512.16,-34.8
348000.0,47.5723,-122.309,3726800220,490216.57,142216.57,40.87
798800.0,47.5299,-122.203,518500610,794671.31,-4128.69,-0.52
255000.0,47.4565,-122.276,5379800500,137277.25,-117722.75,-46.17
765000.0,47.6033,-122.287,4003000053,802122.64,37122.64,4.85
260000.0,47.5159,-122.258,7129302555,355221.88,95221.88,36.62
900000.0,47.6445,-122.167,6669100070,1488671.4,588671.4,65.41
1110000.0,47.5655,-122.114,8965500880,1194390.4,84390.4,7.6
710000.0,47.6501,-122.395,6821600005,542919.91,-167080.09,-23.53
630500.0,47.6337,-122.28,5318101185,547878.91,-82621.09,-13.1
950000.0,47.6117,-122.164,2332700060,850905.99,-99094.01,-10.43
419950.0,47.4544,-122.36,3055800020,210625.55,-209324.45,-49.85
707000.0,47.4274,-122.28,239000155,803604.14,96604.14,13.66
1090000.0,47.56100000000001,-122.226,3317500030,1068826.56,-21173.44,-1.94
1150000.0,47.6427,-122.304,8805900430,810164.62,-339835.38,-29.55
335000.0,47.5329,-122.294,7338402690,380344.99,45344.99,13.54
215000.0,47.3248,-122.142,6600400370,213724.77,-1275.23,-0.59
434900.0,47.6326,-122.033,6817800220,347311.53,-87588.47,-20.14
700000.0,47.5896,-122.083,7527200030,761453.26,61453.26,8.78
430000.0,47.3117,-122.254,3914000095,827593.46,397593.46,92.46
288000.0,47.452,-122.177,1432400335,292985.93,4985.93,1.73
1820000.0,47.6491,-122.201,1725059136,1771196.21,-48803.79,-2.68
817000.0,47.6431,-122.359,2652500285,700707.48,-116292.52,-14.23
226500.0,47.3586,-122.074,8648220150,233450.18,6950.18,3.07
294000.0,47.5684,-122.314,3679400474,385207.61,91207.61,31.02
545000.0,47.4054,-122.03,8567300140,721321.71,176321.71,32.35
498000.0,47.6949,-122.21,1245500286,351751.64,-146248.36,-29.37
210000.0,47.2105,-121.989,1917300260,125382.15,-84617.85,-40.29
371000.0,47.5241,-122.199,3342700610,413744.51,42744.51,11.52
380000.0,47.356,-122.057,3023000200,352290.14,-27709.86,-7.29
317500.0,47.2599,-122.256,629650030,128870.67,-188629.33,-59.41
1250000.0,47.5373,-122.224,5451200600,854101.32,-395898.68,-31.67
935000.0,47.7475,-122.364,7785350010,825497.6,-109502.4,-11.71
279000.0,47.4206,-122.155,322059264,471823.12,192823.12,69.11
365250.0,47.7611,-122.233,982850010,362672.01,-2577.99,-0.71
740000.0,47.644,-122.319,1959700550,812641.71,72641.71,9.82
370950.0,47.3738,-122.161,2222059052,360072.61,-10877.39,-2.93
323000.0,47.7404,-122.11,1775920350,371582.27,48582.27,15.04
259500.0,47.4179,-122.181,6624010010,309388.19,49888.19,19.22
351358.0,47.5526,-121.998,8929000060,351760.43,402.43,0.11
254950.0,47.3676,-122.046,1545806720,330861.83,75911.83,29.78
805500.0,47.6245,-122.193,1266200015,609055.6,-196444.4,-24.39
360000.0,47.3304,-122.179,1865000040,461799.04,101799.04,28.28
725000.0,47.5072,-122.112,4309700190,798904.06,73904.06,10.19
262500.0,47.5164,-122.268,7131300031,388150.8,125650.8,47.87
605000.0,47.6878,-122.342,625049318,532446.61,-72553.39,-11.99
752000.0,47.5483,-122.261,8835400290,819370.53,67370.53,8.96
270500.0,47.3715,-122.29,7633400110,274661.31,4161.31,1.54
1320000.0,47.5487,-122.126,4139900210,1360983.38,40983.38,3.1
676000.0,47.6786,-122.389,2856101540,476232.59,-199767.41,-29.55
256500.0,47.4368,-122.165,984210170,381888.48,125388.48,48.88
212000.0,47.2057,-122.003,2320069089,24837.36,-187162.64,-88.28
189000.0,47.4497,-122.176,1432400065,213378.39,24378.39,12.9
425000.0,47.5454,-121.997,3629920300,285974.75,-139025.25,-32.71
359950.0,47.3898,-122.154,1786640030,402555.99,42605.99,11.84
168000.0,47.5264,-122.366,880000005,340906.45,172906.45,102.92
323000.0,47.6475,-122.397,6821102350,397672.03,74672.03,23.12
310000.0,47.4602,-122.171,1431700280,487568.97,177568.97,57.28
610000.0,47.5449,-122.215,3024059078,651968.16,41968.16,6.88
249000.0,47.5317,-122.37,8128700005,280004.08,31004.08,12.45
425000.0,47.5448,-122.32,2734101055,540931.1,115931.1,27.28
615000.0,47.7631,-122.093,1774230300,720045.53,105045.53,17.08
1010000.0,47.6782,-122.365,2880100160,858423.28,-151576.72,-15.01
249950.0,47.51300000000001,-122.358,7211400525,302201.71,52251.71,20.9
207000.0,47.4901,-122.303,923049378,373671.96,166671.96,80.52
472000.0,47.4304,-121.841,3123089027,501890.45,29890.45,6.33
500000.0,47.7721,-122.235,3818400050,556007.51,56007.51,11.2
540000.0,47.3545,-122.011,5104511250,640695.96,100695.96,18.65
259950.0,47.4658,-122.184,8645501091,332071.45,72121.45,27.74
525000.0,47.5637,-122.085,5423030300,558009.31,33009.31,6.29
465000.0,47.6683,-122.362,1225039052,686297.02,221297.02,47.59
555000.0,47.6775,-122.372,5200100125,556040.52,1040.52,0.19
218000.0,47.4624,-122.185,1432600100,264888.17,46888.17,21.51
1300000.0,47.6763,-122.267,8924100372,1173288.64,-126711.36,-9.75
932800.0,47.6919,-122.294,5363200200,800200.39,-132599.61,-14.22
420000.0,47.588,-122.304,1822300040,477481.52,57481.52,13.69
1410000.0,47.5617,-122.158,7856400300,1483026.87,73026.87,5.18
468000.0,47.773,-122.371,2110900050,455223.58,-12776.42,-2.73
399000.0,47.7623,-122.256,3815500045,546919.1,147919.1,37.07
235000.0,47.3604,-122.111,2569600150,287774.87,52774.87,22.46
1230000.0,47.7225,-122.126,2326059080,1128792.98,-101207.02,-8.23
473000.0,47.4065,-122.207,3791410210,902607.69,429607.69,90.83
1580000.0,47.5838,-122.246,5093301285,1117258.37,-462741.63,-29.29
181000.0,47.5798,-122.306,3080000005,460489.11,279489.11,154.41
450000.0,47.7088,-122.202,3558910490,486727.42,36727.42,8.16
761000.0,47.6235,-122.306,4400200057,641029.64,-119970.36,-15.76
297500.0,47.3131,-122.392,8732020440,232056.06,-65443.94,-22.0
560000.0,47.7099,-122.229,6977000080,705907.89,145907.89,26.05
349950.0,47.4486,-122.194,3811300110,336015.7,-13934.3,-3.98
203000.0,47.4167,-122.322,2946003580,179145.06,-23854.94,-11.75
149900.0,47.3782,-122.319,3530530110,196300.14,46400.14,30.95
390000.0,47.5302,-121.746,2624089181,190577.98,-199422.02,-51.13
326188.0,47.64,-121.966,203900380,295442.88,-30745.12,-9.43
300000.0,47.7248,-122.162,8835210130,419751.2,119751.2,39.92
475000.0,47.7035,-121.894,2726079103,754383.45,279383.45,58.82
725000.0,47.4782,-122.035,2616800480,806197.76,81197.76,11.2
255000.0,47.3099,-122.362,6386700300,99840.29,-155159.71,-60.85
385000.0,47.5659,-122.284,7950302150,432919.45,47919.45,12.45
432000.0,47.6136,-122.121,4038500330,523406.44,91406.44,21.16
260000.0,47.3498,-122.037,2025701360,276954.09,16954.09,6.52
293000.0,47.4608,-122.065,1471701470,352147.12,59147.12,20.19
728000.0,47.6205,-122.291,1778500015,716586.9,-11413.1,-1.57
540000.0,47.5164,-121.875,7853360480,367455.54,-172544.46,-31.95
120000.0,47.3865,-122.217,2621600015,166685.8,46685.8,38.9
475000.0,47.6522,-122.366,7443000985,483151.81,8151.81,1.72
750000.0,47.4996,-122.378,6329000190,770372.82,20372.82,2.72
1620000.0,47.5605,-122.158,7856400240,1616853.97,-3146.03,-0.19
660000.0,47.6348,-122.06,7504030090,812898.52,152898.52,23.17
449228.0,47.5897,-122.179,424059100,812984.97,363756.97,80.97
335000.0,47.7355,-122.231,4189800050,426532.62,91532.62,27.32
530000.0,47.6323,-122.029,8078400010,507019.14,-22980.86,-4.34
1080000.0,47.5866,-122.116,7922900040,1307727.01,227727.01,21.09
847700.0,47.5503,-122.081,1778350160,1157700.68,310000.68,36.57
765000.0,47.6373,-122.042,1829300260,900627.73,135627.73,17.73
1380000.0,47.5503,-122.102,4139480200,1598555.71,218555.71,15.84
269000.0,47.3838,-122.026,6679000390,258369.56,-10630.44,-3.95
298900.0,47.3451,-122.209,301401620,214320.68,-84579.32,-28.3
2650000.0,47.6899,-122.217,3126059027,1782249.83,-867750.17,-32.75
325000.0,47.7263,-122.229,3755000310,411169.7,86169.7,26.51
535000.0,47.6815,-122.382,7518504291,455569.88,-79430.12,-14.85
455000.0,47.4369,-122.111,1310430400,749497.96,294497.96,64.72
525000.0,47.7709,-122.297,6042000090,590507.24,65507.24,12.48
1800000.0,47.5466,-122.197,3343302110,1303883.02,-496116.98,-27.56
380000.0,47.1991,-122.013,2620069113,486944.76,106944.76,28.14
1330000.0,47.7139,-122.106,9578050120,1338067.45,8067.45,0.61
453000.0,47.6293,-122.121,686300930,577921.11,124921.11,27.58
826000.0,47.5882,-122.295,272000945,970686.02,144686.02,17.52
460000.0,47.5376,-122.292,7857003046,427594.16,-32405.84,-7.04
282000.0,47.3112,-122.376,8731901610,292065.58,10065.58,3.57
621500.0,47.596,-122.08,624069098,604351.07,-17148.93,-2.76
225000.0,47.4342,-122.17,984000410,435021.79,210021.79,93.34
355000.0,47.5003,-122.156,7303100210,373810.02,18810.02,5.3
265000.0,47.4861,-122.251,1423049029,339745.66,74745.66,28.21
172000.0,47.5285,-122.354,2113700825,308719.64,136719.64,79.49
352500.0,47.7672,-122.348,7283900521,346380.49,-6119.51,-1.74
420000.0,47.7321,-122.353,2419600005,434336.85,14336.85,3.41
1300000.0,47.6585,-122.273,6613000140,1148508.98,-151491.02,-11.65
330000.0,47.3824,-122.207,2215450100,400600.45,70600.45,21.39
799900.0,47.68899999999999,-122.196,3982700250,845821.85,45921.85,5.74
440000.0,47.7077,-122.299,2826049023,450779.8,10779.8,2.45
394000.0,47.5169,-121.878,7853340610,326532.26,-67467.74,-17.12
1090000.0,47.7049,-122.224,3754501205,1211223.18,121223.18,11.12
589000.0,47.6496,-122.403,6822100030,432777.67,-156222.33,-26.52
1100000.0,47.5476,-122.219,7511000050,981636.22,-118363.78,-10.76
370000.0,47.4787,-122.23,2143700830,421201.88,51201.88,13.84
825000.0,47.6704,-122.183,3897100640,832322.88,7322.88,0.89
861111.0,47.606,-122.052,6453550090,957670.56,96559.56,11.21
449000.0,47.5387,-122.266,2624049103,362494.03,-86505.97,-19.27
197500.0,47.5525,-122.277,3330500705,388482.33,190982.33,96.7
286300.0,47.4789,-121.779,1151100165,203739.3,-82560.7,-28.84
235000.0,47.5163,-122.268,7131300032,394585.1,159585.1,67.91
445830.0,47.7557,-122.22,3709500180,513884.01,68054.01,15.26
2230000.0,47.5285,-122.205,518500460,1537490.12,-692509.88,-31.05
989900.0,47.5749,-122.213,5460900120,937830.5,-52069.5,-5.26
389950.0,47.5294,-122.386,3013300510,313036.61,-76913.39,-19.72
2190000.0,47.6193,-122.229,2525049259,1372473.98,-817526.02,-37.33
455000.0,47.7453,-122.129,1136100072,514106.67,59106.67,12.99
655000.0,47.6119,-122.011,1854900240,621427.1,-33572.9,-5.13
330000.0,47.5634,-122.298,6056100295,434975.02,104975.02,31.81
427000.0,47.4487,-121.981,8645900080,398391.81,-28608.19,-6.7
382500.0,47.4206,-122.183,3216900070,458272.48,75772.48,19.81
555000.0,47.6648,-122.363,1982200015,549480.2,-5519.8,-0.99
629000.0,47.6408,-122.403,1370803820,489724.34,-139275.66,-22.14
380000.0,47.3117,-122.083,9113600210,330095.45,-49904.55,-13.13
454000.0,47.5694,-122.395,5014000215,390404.13,-63595.87,-14.01
385000.0,47.4058,-121.994,1222069094,428575.79,43575.79,11.32
925000.0,47.6754,-122.307,8825900020,716860.77,-208139.23,-22.5
575000.0,47.5339,-121.854,7853220740,648054.69,73054.69,12.71
678500.0,47.5215,-122.383,2483200060,724928.65,46428.65,6.84
320000.0,47.4805,-122.178,4307350990,349631.81,29631.81,9.26
401000.0,47.5631,-122.091,9202650040,350162.28,-50837.72,-12.68
562500.0,47.5357,-122.179,4113800550,690031.34,127531.34,22.67
948000.0,47.5635,-122.032,3299610260,820904.63,-127095.37,-13.41
639000.0,47.7224,-122.101,3396200090,610545.73,-28454.27,-4.45
559900.0,47.7033,-122.322,5101408835,473164.49,-86735.51,-15.49
390000.0,47.7109,-122.311,8901000445,443561.4,53561.4,13.73
279000.0,47.3691,-122.074,7760400900,300688.49,21688.49,7.77
1060000.0,47.4543,-121.778,8835770330,929465.08,-130534.92,-12.31
355000.0,47.543,-122.299,7857004225,477903.43,122903.43,34.62
442500.0,47.6264,-122.058,7715800310,397089.14,-45410.86,-10.26
680000.0,47.5525,-121.99,3629980860,557171.27,-122828.73,-18.06
895000.0,47.6895,-122.052,9290850950,941309.75,46309.75,5.17
689000.0,47.5606,-122.184,4036100175,737306.18,48306.18,7.01
600000.0,47.6696,-122.149,1842300050,554451.89,-45548.11,-7.59
260000.0,47.3129,-122.39,8732020310,199879.06,-60120.94,-23.12
690000.0,47.6253,-122.027,1939130070,692979.6,2979.6,0.43
192500.0,47.3555,-122.175,3546000340,199805.88,7305.88,3.8
528000.0,47.5352,-122.38,2492200280,392951.48,-135048.52,-25.58
1070000.0,47.7246,-122.059,624110810,961201.81,-108798.19,-10.17
1350000.0,47.61600000000001,-122.239,3625049079,815699.65,-534300.35,-39.58
1530000.0,47.699,-122.206,3758900075,1441414.82,-88585.18,-5.79
470000.0,47.6939,-122.348,9266700256,558076.29,88076.29,18.74
315000.0,47.5275,-122.321,7883603965,440507.37,125507.37,39.84
245000.0,47.7308,-122.194,9477100620,430777.95,185777.95,75.83
700000.0,47.5742,-122.379,8701600510,648537.98,-51462.02,-7.35
646000.0,47.5615,-122.131,9346920260,674672.32,28672.32,4.44
600000.0,47.4827,-122.135,3304300380,770464.75,170464.75,28.41
445950.0,47.7321,-122.195,9477100060,495339.1,49389.1,11.08
215000.0,47.39,-122.166,8731730710,277021.68,62021.68,28.85
270000.0,47.3339,-122.055,3832050760,231920.31,-38079.69,-14.1
545000.0,47.4704,-122.076,4048400191,398222.14,-146777.86,-26.93
552100.0,47.6126,-122.313,7234600098,585393.7,33293.7,6.03
360000.0,47.7322,-122.207,6918730130,454873.3,94873.3,26.35
839000.0,47.5861,-122.112,627300190,869412.19,30412.19,3.62
185000.0,47.4887,-122.344,7796600085,280614.26,95614.26,51.68
1300000.0,47.5821,-122.247,2175100205,1104548.95,-195451.05,-15.03
429000.0,47.5293,-122.371,4363700365,410973.13,-18026.87,-4.2
430000.0,47.5059,-122.149,8079040320,507692.15,77692.15,18.07
535000.0,47.5323,-122.383,2490200620,338373.27,-196626.73,-36.75
615000.0,47.631,-122.052,7504020610,638565.08,23565.08,3.83
344000.0,47.6896,-122.307,2887700875,427352.02,83352.02,24.23
502000.0,47.5256,-122.392,9169100130,537910.97,35910.97,7.15
420000.0,47.7196,-122.197,3955800080,461081.11,41081.11,9.78
439995.0,47.76,-122.34,3705900238,398973.29,-41021.71,-9.32
407500.0,47.7223,-122.321,6414100721,383520.49,-23979.51,-5.88
268000.0,47.404,-122.191,6700400140,303871.64,35871.64,13.38
325000.0,47.3017,-122.349,9264960340,373644.27,48644.27,14.97
295000.0,47.497,-121.78,8570900328,188311.55,-106688.45,-36.17
335000.0,47.5299,-122.357,4302700445,362849.32,27849.32,8.31
179900.0,47.3238,-122.14,6600410480,46989.57,-132910.43,-73.88
1700000.0,47.6221,-122.29,6600000050,1290093.58,-409906.42,-24.11
510500.0,47.5874,-122.136,6751300130,491702.47,-18797.53,-3.68
1040000.0,47.6938,-122.213,1245500690,705548.16,-334451.84,-32.16
1050000.0,47.5319,-122.238,5451300105,1322603.64,272603.64,25.96
419000.0,47.6022,-122.134,2207200675,535667.37,116667.37,27.84
344950.0,47.4428,-122.134,1328330510,496949.52,151999.52,44.06
462500.0,47.5173,-122.286,603000555,425916.27,-36583.73,-7.91
185000.0,47.3027,-122.376,1099600220,18968.46,-166031.54,-89.75
667750.0,47.6696,-122.324,3856904655,497885.81,-169864.19,-25.44
606150.0,47.6208,-122.099,8563010540,551616.96,-54533.04,-9.0
730000.0,47.7368,-122.208,745500010,979503.19,249503.19,34.18
289950.0,47.39100000000001,-122.316,1448800010,150090.73,-139859.27,-48.24
990000.0,47.692,-122.338,3047700105,999112.37,9112.37,0.92
1570000.0,47.632,-122.289,1118001370,903969.62,-666030.38,-42.42
602000.0,47.6626,-122.141,7922710690,820373.65,218373.65,36.27
360000.0,47.7347,-122.192,9477001350,426818.91,66818.91,18.56
506950.0,47.5342,-121.868,7852020720,380439.18,-126510.82,-24.96
218450.0,47.4749,-122.339,4330600301,216140.08,-2309.92,-1.06
625000.0,47.5171,-121.876,7853370250,763837.19,138837.19,22.21
317000.0,47.5532,-122.372,9284801100,296772.63,-20227.37,-6.38
824000.0,47.6375,-122.388,2771604190,958945.89,134945.89,16.38
700000.0,47.6922,-122.371,6638900461,610339.45,-89660.55,-12.81
742000.0,47.6177,-122.308,7234601198,657493.35,-84506.65,-11.39
297000.0,47.4663,-122.363,2966800010,286189.26,-10810.74,-3.64
235000.0,47.5365,-122.378,4319200620,327523.05,92523.05,39.37
1190000.0,47.637,-122.361,1794501390,792821.56,-397178.44,-33.38
555565.0,47.6602,-122.188,3041700090,685799.25,130234.25,23.44
236000.0,47.3357,-122.305,6603000030,126875.52,-109124.48,-46.24
286000.0,47.4006,-122.162,2517010230,314723.53,28723.53,10.04
810000.0,47.6136,-122.041,5411600210,1066733.89,256733.89,31.7
389000.0,47.5426,-121.879,7853270940,263593.8,-125406.2,-32.24
235750.0,47.5036,-122.362,8151600610,198326.54,-37423.46,-15.87
375000.0,47.7216,-121.907,2126079124,455972.76,80972.76,21.59
718000.0,47.4843,-121.719,1223089077,431089.74,-286910.26,-39.96
780000.0,47.5861,-122.295,1498303700,801321.68,21321.68,2.73
235000.0,47.551,-122.289,2341300115,346654.18,111654.18,47.51
330000.0,47.5278,-122.063,3224069026,310170.72,-19829.28,-6.01
440000.0,47.451,-122.365,4335000030,341118.98,-98881.02,-22.47
1130000.0,47.6583,-122.273,6613000015,1060680.34,-69319.66,-6.13
295000.0,47.3317,-122.365,8937600080,233856.39,-61143.61,-20.73
925000.0,47.6351,-122.165,1089000190,882824.6,-42175.4,-4.56
140000.0,47.3217,-122.317,7875200005,90194.49,-49805.51,-35.58
729500.0,47.5818,-122.402,9385200045,609883.73,-119616.27,-16.4
875000.0,47.6835,-122.342,9482700475,735264.02,-139735.98,-15.97
368250.0,47.6191,-122.043,1954420170,527111.04,158861.04,43.14
1000000.0,47.6304,-122.309,1337800220,854981.84,-145018.16,-14.5
210000.0,47.4949,-122.338,723049219,218959.12,8959.12,4.27
236775.0,47.3116,-122.4,1898310100,184930.39,-51844.61,-21.9
633100.0,47.6303,-121.99,205000450,622459.27,-10640.73,-1.68
320000.0,47.7179,-121.403,774101755,55347.63,-264652.37,-82.7
801501.0,47.621,-122.151,2159800120,807460.55,5959.55,0.74
105500.0,47.4611,-122.324,2023049218,65185.55,-40314.45,-38.21
831000.0,47.5937,-122.172,9541600350,797384.29,-33615.71,-4.05
343500.0,47.4872,-122.144,5637200150,360107.45,16607.45,4.83
575000.0,47.6679,-122.165,1241500155,636840.63,61840.63,10.75
1840000.0,47.5707,-122.217,4457300005,1223640.61,-616359.39,-33.5
520000.0,47.4823,-122.031,2616800050,620098.16,100098.16,19.25
252000.0,47.3634,-122.046,1545805460,221963.19,-30036.81,-11.92
899000.0,47.6853,-122.21,3885802136,666747.28,-232252.72,-25.83
402000.0,47.5909,-122.297,1032000079,415231.12,13231.12,3.29
800000.0,47.5095,-122.247,4058801702,1622536.18,822536.18,102.82
245700.0,47.3733,-122.289,9835801000,294098.02,48398.02,19.7
349950.0,47.3485,-122.301,3260810590,309747.3,-40202.7,-11.49
390000.0,47.534,-122.376,9269200150,404027.17,14027.17,3.6
227064.0,47.54,-122.275,1105000745,501736.03,274672.03,120.97
650000.0,47.6952,-122.39,3526039074,529289.87,-120710.13,-18.57
383000.0,47.7688,-122.238,114101055,489826.45,106826.45,27.89
413800.0,47.7188,-122.024,8682302030,402264.74,-11535.26,-2.79
650000.0,47.6353,-122.124,6696800030,647197.53,-2802.47,-0.43
675000.0,47.677,-122.165,425059024,680609.06,5609.06,0.83
350000.0,47.3528,-122.057,2215901650,379013.16,29013.16,8.29
534000.0,47.6056,-122.305,9126100850,538022.29,4022.29,0.75
333500.0,47.7736,-122.214,3775300030,381296.9,47796.9,14.33
750000.0,47.5898,-121.989,629420260,727821.28,-22178.72,-2.96
368000.0,47.4535,-122.361,4335000145,320656.94,-47343.06,-12.86
570000.0,47.7692,-122.128,226059103,522655.81,-47344.19,-8.31
177000.0,47.3695,-122.081,8651430870,194803.28,17803.28,10.06
590000.0,47.2725,-121.929,2821079081,356953.52,-233046.48,-39.5
324500.0,47.5298,-122.268,3336500180,387567.77,63067.77,19.44
200000.0,47.2956,-122.285,4031000260,132856.95,-67143.05,-33.57
555700.0,47.5888,-122.127,6751500285,560252.1,4552.1,0.82
285000.0,47.504,-122.26,9368700341,371874.53,86874.53,30.48
670000.0,47.6362,-122.324,4086300065,598405.85,-71594.15,-10.69
1010000.0,47.6344,-122.205,2025059204,938623.07,-71376.93,-7.07
815000.0,47.5611,-122.032,3299600040,794343.37,-20656.63,-2.53
364250.0,47.4213,-122.033,322069153,617270.49,253020.49,69.46
279950.0,47.398,-122.299,7138000260,210268.19,-69681.81,-24.89
1500000.0,47.6845,-122.209,3885804390,1087318.41,-412681.59,-27.51
465000.0,47.676,-122.288,7974200937,480062.54,15062.54,3.24
322000.0,47.5076,-122.173,3449500035,499032.43,177032.43,54.98
640000.0,47.6398,-122.393,8127700820,483629.04,-156370.96,-24.43
456500.0,47.3658,-122.04,1786200010,526396.93,69896.93,15.31
407193.0,47.6959,-121.921,4046601460,433526.65,26333.65,6.47
429900.0,47.7333,-121.975,1776460190,509018.88,79118.88,18.4
222000.0,47.4096,-122.172,2787320620,323299.1,101299.1,45.63
335000.0,47.5394,-122.368,8165501540,436902.95,101902.95,30.42
555000.0,47.4326,-122.208,3123059107,803522.64,248522.64,44.78
396500.0,47.5256,-122.379,3524039196,331089.96,-65410.04,-16.5
330000.0,47.4291,-122.292,7844200050,272171.64,-57828.36,-17.52
593777.0,47.684,-122.113,7200001005,494143.99,-99633.01,-16.78
460000.0,47.7668,-122.197,5255000110,559192.65,99192.65,21.56
279000.0,47.4914,-122.253,1123049232,420063.15,141063.15,50.56
216600.0,47.4119,-122.181,2893000280,344278.16,127678.16,58.95
755000.0,47.6897,-122.098,3275860270,813141.85,58141.85,7.7
490000.0,47.6051,-122.304,9126100813,546147.84,56147.84,11.46
290000.0,47.4045,-122.171,8078560140,343900.51,53900.51,18.59
255000.0,47.3663,-122.089,1796360350,291409.69,36409.69,14.28
242500.0,47.4516,-122.175,1432701430,210410.18,-32089.82,-13.23
759000.0,47.5825,-121.97,98020300,846001.94,87001.94,11.46
263000.0,47.4556,-122.209,8899000140,321924.2,58924.2,22.4
2150000.0,47.6465,-122.319,1959701800,1974553.63,-175446.37,-8.16
567500.0,47.5364,-122.073,8562770430,532575.75,-34924.25,-6.15
325000.0,47.7471,-121.979,1559900110,333038.91,8038.91,2.47
245000.0,47.3682,-122.179,7697920160,254782.79,9782.79,3.99
415000.0,47.2133,-122.007,2320069260,451935.29,36935.29,8.9
380000.0,47.3828,-122.026,705700240,344991.82,-35008.18,-9.21
335000.0,47.7746,-122.239,3949600090,369987.38,34987.38,10.44
620000.0,47.6539,-122.352,1972200725,563628.28,-56371.72,-9.09
480000.0,47.5203,-121.874,7853320250,336076.83,-143923.17,-29.98
218000.0,47.3146,-122.384,8731902680,224569.22,6569.22,3.01
122000.0,47.2109,-121.985,1917300025,-8418.35,-130418.35,-106.9
700000.0,47.7294,-122.352,164000261,725957.43,25957.43,3.71
405000.0,47.7321,-122.185,3288200030,503897.37,98897.37,24.42
350000.0,47.1808,-122.023,3420069055,585664.0,235664.0,67.33
379750.0,47.3438,-122.322,5152960350,498194.98,118444.98,31.19
565000.0,47.7657,-122.284,4022905473,480851.93,-84148.07,-14.89
420250.0,47.7225,-122.029,8682290100,409946.06,-10303.94,-2.45
220000.0,47.5419,-122.271,2724049222,377969.09,157969.09,71.8
560000.0,47.6319,-122.007,6134500070,478142.81,-81857.19,-14.62
600000.0,47.6725,-122.293,1870400605,616683.25,16683.25,2.78
675000.0,47.6734,-122.38,2767602356,637984.13,-37015.87,-5.48
553000.0,47.6719,-122.392,476000017,430930.93,-122069.07,-22.07
415000.0,47.56100000000001,-122.275,5249802424,425644.54,10644.54,2.56
460000.0,47.5926,-122.047,424069096,411390.67,-48609.33,-10.57
270000.0,47.1943,-121.991,6802210330,52986.7,-217013.3,-80.38
215000.0,47.771,-122.353,2228900270,261999.32,46999.32,21.86
500000.0,47.7013,-122.369,5522600205,476640.82,-23359.18,-4.67
625000.0,47.6244,-122.326,6848200325,712779.09,87779.09,14.04
788000.0,47.5367,-122.067,8562740530,971637.68,183637.68,23.3
1120000.0,47.5842,-122.292,6738700205,620702.49,-499297.51,-44.58
605000.0,47.5743,-122.378,2824600290,643266.64,38266.64,6.33
780000.0,47.6598,-122.355,8129700644,969690.04,189690.04,24.32
180000.0,47.565,-122.291,1604601155,344594.35,164594.35,91.44
609000.0,47.6536,-122.354,1972200556,513289.4,-95710.6,-15.72
672500.0,47.5426,-121.879,7853270200,705790.72,33290.72,4.95
568000.0,47.6735,-122.041,925069111,578294.49,10294.49,1.81
750000.0,47.5714,-122.408,1818800144,766805.99,16805.99,2.24
361000.0,47.5072,-122.252,3878900815,602563.14,241563.14,66.91
318000.0,47.7235,-122.353,832700270,402827.43,84827.43,26.68
1690000.0,47.55,-122.103,4139480350,1788995.88,98995.88,5.86
1610000.0,47.5316,-122.263,9412400220,2045833.5,435833.5,27.07
277000.0,47.1927,-122.011,3797310010,123972.58,-153027.42,-55.24
890000.0,47.669,-122.365,2768200090,668048.72,-221951.28,-24.94
619500.0,47.5719,-122.377,9285800055,656675.64,37175.64,6.0
340000.0,47.4052,-122.17,8078100260,469662.57,129662.57,38.14
570000.0,47.68600000000001,-122.304,3187600100,544326.18,-25673.82,-4.5
533000.0,47.7735,-122.227,8564950280,632251.79,99251.79,18.62
634950.0,47.6891,-122.375,7589200191,690247.11,55297.11,8.71
525000.0,47.6511,-122.368,7443000514,517689.08,-7310.92,-1.39
315000.0,47.3538,-122.025,538000450,267215.71,-47784.29,-15.17
729000.0,47.7057,-122.112,9526600340,616070.91,-112929.09,-15.49
378510.0,47.5459,-122.379,3874900205,344410.32,-34099.68,-9.01
627500.0,47.5609,-122.15,7856620910,742685.4,115185.4,18.36
846450.0,47.5596,-122.016,1150900080,854999.13,8549.13,1.01
2890000.0,47.6295,-122.285,5316101075,1859524.01,-1030475.99,-35.66
260000.0,47.3505,-122.179,3830630310,233946.25,-26053.75,-10.02
1350000.0,47.6984,-122.206,2387600010,1388220.74,38220.74,2.83
495000.0,47.7719,-122.235,3818400060,552297.17,57297.17,11.58
90000.0,47.5335,-122.348,2114700500,147991.64,57991.64,64.44
448000.0,47.4799,-122.129,2407900550,406560.04,-41439.96,-9.25
334000.0,47.7347,-121.976,1326069191,381317.41,47317.41,14.17
290000.0,47.4659,-122.144,6806100340,385856.88,95856.88,33.05
315000.0,47.3503,-122.042,2310100240,394511.57,79511.57,25.24
346500.0,47.5338,-122.36,7831800495,410694.11,64194.11,18.53
718000.0,47.5702,-122.128,1777500160,860795.26,142795.26,19.89
562000.0,47.7361,-122.046,1626069220,691928.55,129928.55,23.12
391000.0,47.5455,-122.184,6067900640,578213.28,187213.28,47.88
815000.0,47.7687,-122.036,426069099,739527.13,-75472.87,-9.26
705000.0,47.7196,-122.02,8682301050,531868.29,-173131.71,-24.56
450000.0,47.7356,-122.335,217500135,517007.87,67007.87,14.89
775000.0,47.705,-122.118,6192400400,821619.68,46619.68,6.02
629000.0,47.3311,-122.375,121039083,548745.2,-80254.8,-12.76
213000.0,47.3071,-122.381,8732130940,58580.41,-154419.59,-72.5
268500.0,47.5439,-122.375,3277801431,297018.62,28518.62,10.62
1680000.0,47.6458,-122.32,1959701745,1708776.15,28776.15,1.71
438000.0,47.4893,-122.138,5214500690,476600.01,38600.01,8.81
296000.0,47.4351,-122.173,984100340,378096.64,82096.64,27.74
483500.0,47.5307,-122.047,9286100300,431871.82,-51628.18,-10.68
1060000.0,47.6852,-122.4,472000895,1218532.05,158532.05,14.96
980000.0,47.6327,-122.395,2021201000,1290584.98,310584.98,31.69
387500.0,47.6982,-122.298,1566100400,351756.4,-35743.6,-9.22
432900.0,47.4849,-121.782,7787110060,353895.76,-79004.24,-18.25
415000.0,47.6774,-122.361,2877101310,432485.32,17485.32,4.21
330000.0,47.3355,-122.168,2111010080,384192.41,54192.41,16.42
337900.0,47.7034,-122.362,767000159,412134.07,74234.07,21.97
259000.0,47.7704,-122.264,4027701220,386878.67,127878.67,49.37
600000.0,47.6313,-122.368,6169901006,632349.04,32349.04,5.39
351000.0,47.7417,-122.172,3876800580,254939.97,-96060.03,-27.37
790000.0,47.3166,-122.046,7299810040,1187608.05,397608.05,50.33
469995.0,47.4783,-122.123,1438000390,497853.61,27858.61,5.93
280000.0,47.2702,-122.29,3750607974,152302.32,-127697.68,-45.61
250000.0,47.4723,-122.19,2475200870,328501.15,78501.15,31.4
312000.0,47.5003,-122.306,923049440,613749.27,301749.27,96.71
460000.0,47.6368,-122.388,2771604370,398585.25,-61414.75,-13.35
315000.0,47.5486,-122.38,66000070,219233.48,-95766.52,-30.4
500000.0,47.6558,-122.348,1931300977,502986.43,2986.43,0.6
312500.0,47.7288,-122.331,6415100331,371299.05,58799.05,18.82
390000.0,47.6334,-122.371,1861400068,497178.59,107178.59,27.48
410500.0,47.6436,-122.352,5244801275,493092.41,82592.41,20.12
372500.0,47.7358,-122.342,1826049430,468535.89,96035.89,25.78
580000.0,47.6549,-122.394,6917700665,396160.09,-183839.91,-31.7
580000.0,47.768,-122.259,6891800500,699051.3,119051.3,20.53
805000.0,47.654,-122.088,2050100210,1076988.18,271988.18,33.79
1000000.0,47.655,-122.124,5196410260,1130945.84,130945.84,13.09
439990.0,47.5526,-121.999,8929000050,363212.43,-76777.57,-17.45
750000.0,47.6479,-122.367,7015200800,540553.28,-209446.72,-27.93
625000.0,47.6403,-122.105,7539900040,510141.9,-114858.1,-18.38
253905.0,47.5112,-122.167,7789000080,425044.35,171139.35,67.4
436000.0,47.691,-122.342,993002127,501860.76,65860.76,15.11
840000.0,47.401,-122.026,1560930070,1094904.38,254904.38,30.35
564000.0,47.554,-122.385,7625700305,614596.4,50596.4,8.97
650000.0,47.74100000000001,-122.208,1088810160,1067073.75,417073.75,64.17
680000.0,47.5035,-122.384,287000110,646895.32,-33104.68,-4.87
288790.0,47.5401,-122.026,9268850140,283682.04,-5107.96,-1.77
440000.0,47.7307,-122.219,3574800860,529636.44,89636.44,20.37
1110000.0,47.5932,-122.172,9541600295,911006.23,-198993.77,-17.93
317000.0,47.5496,-122.311,8100900015,517279.72,200279.72,63.18
459900.0,47.5646,-122.181,4034900065,625998.06,166098.06,36.12
2200000.0,47.6264,-122.289,9185700285,1331457.83,-868542.17,-39.48
335000.0,47.3058,-122.348,9264950600,321916.08,-13083.92,-3.91
501000.0,47.6846,-122.317,2979800845,548329.33,47329.33,9.45
572000.0,47.5716,-122.227,5450300010,571226.83,-773.17,-0.14
612995.0,47.4779,-122.122,1438000170,706575.92,93580.92,15.27
620000.0,47.6885,-122.38,546000910,627807.87,7807.87,1.26
638000.0,47.5741,-122.414,375000230,483998.77,-154001.23,-24.14
785000.0,47.6078,-122.202,666000143,769835.55,-15164.45,-1.93
825000.0,47.5169,-122.201,3342103282,593306.89,-231693.11,-28.08
350000.0,47.7466,-121.979,1559900140,364960.46,14960.46,4.27
395000.0,47.6915,-122.321,5100401315,479614.44,84614.44,21.42
429950.0,47.5132,-122.157,1094000030,505102.85,75152.85,17.48
323000.0,47.3343,-122.194,2212500430,252707.74,-70292.26,-21.76
325000.0,47.7017,-122.36,6170900190,378227.53,53227.53,16.38
410000.0,47.5938,-122.315,6401700010,437280.75,27280.75,6.65
652450.0,47.563,-122.178,6072760670,730643.97,78193.97,11.98
420000.0,47.6775,-122.168,7424100050,460794.85,40794.85,9.71
249000.0,47.3612,-122.284,9392500100,217219.41,-31780.59,-12.76
400000.0,47.5543,-122.29,9459200120,516219.53,116219.53,29.05
562000.0,47.7301,-121.972,2787250090,575681.78,13681.78,2.43
393000.0,47.3751,-122.044,4123810090,418134.31,25134.31,6.4
665000.0,47.6524,-122.404,871000155,482490.31,-182509.69,-27.45
825000.0,47.6813,-122.372,461003835,706445.73,-118554.27,-14.37
428000.0,47.5322,-121.851,7853210180,324103.66,-103896.34,-24.27
305000.0,47.3504,-122.035,2025701080,258528.38,-46471.62,-15.24
370000.0,47.3382,-122.196,2212600100,600251.59,230251.59,62.23
690700.0,47.5405,-122.187,5014600440,740215.23,49515.23,7.17
635000.0,47.68600000000001,-122.374,3491300180,496707.75,-138292.25,-21.78
660000.0,47.6635,-122.32,8812401450,684317.65,24317.65,3.68
360000.0,47.5304,-122.353,2113700235,449866.0,89866.0,24.96
415000.0,47.4494,-122.139,2473002700,596029.95,181029.95,43.62
620000.0,47.6415,-122.303,6788200295,552992.74,-67007.26,-10.81
342500.0,47.214,-121.993,1320069271,204966.4,-137533.6,-40.16
245000.0,47.3702,-122.185,7697870860,226070.67,-18929.33,-7.73
333000.0,47.4874,-122.152,100300500,346541.11,13541.11,4.07
306000.0,47.7311,-122.199,7955000210,407627.35,101627.35,33.21
994000.0,47.611,-121.992,1437580480,1096610.49,102610.49,10.32
287000.0,47.3484,-122.033,2025700860,256392.97,-30607.03,-10.66
578888.0,47.6626,-122.337,4083802195,501411.73,-77476.27,-13.38
632500.0,47.6748,-122.386,2767601390,540838.12,-91661.88,-14.49
940000.0,47.5893,-122.177,9542100085,947527.61,7527.61,0.8
1160000.0,47.5703,-122.165,1624059224,1407818.48,247818.48,21.36
335000.0,47.5327,-122.276,3904100106,404076.33,69076.33,20.62
428000.0,47.7094,-122.03,8682230400,421939.01,-6060.99,-1.42
530000.0,47.4954,-122.172,8011100047,760922.75,230922.75,43.57
405000.0,47.6943,-122.184,2591010240,497706.45,92706.45,22.89
165000.0,47.5169,-122.358,3004800175,370124.11,205124.11,124.32
267500.0,47.3991,-121.964,4396000180,294260.25,26760.25,10.0
487000.0,47.1879,-121.973,3020079078,86127.99,-400872.01,-82.31
529000.0,47.6571,-122.396,6917700305,278387.69,-250612.31,-47.37
550000.0,47.6859,-122.339,2886200070,559506.51,9506.51,1.73
1480000.0,47.6324,-122.289,1118001360,1259489.23,-220510.77,-14.9
840000.0,47.5624,-122.399,2391601445,1155684.87,315684.87,37.58
200000.0,47.4942,-122.235,7657000165,293181.97,93181.97,46.59
760000.0,47.6259,-122.142,2625059301,790775.55,30775.55,4.05
379900.0,47.5273,-122.345,7972601950,553720.03,173820.03,45.75
199950.0,47.3746,-122.056,1442800150,355958.91,156008.91,78.02
638000.0,47.6052,-122.3,6840701125,678306.3,40306.3,6.32
205000.0,47.3632,-122.11,1274500240,222205.45,17205.45,8.39
360000.0,47.572,-122.29,9834200885,528610.27,168610.27,46.84
325000.0,47.3922,-122.165,5437600140,449351.74,124351.74,38.26
515000.0,47.7723,-122.262,4027701055,405018.18,-109981.82,-21.36
435000.0,47.5929,-122.303,7658600150,540765.76,105765.76,24.31
320000.0,47.7364,-122.295,1568100087,312647.64,-7352.36,-2.3
169317.0,47.6248,-122.301,5016003230,715301.98,545984.98,322.46
531155.0,47.3559,-122.022,3744000150,552306.08,21151.08,3.98
522500.0,47.5334,-122.168,3987700115,505304.02,-17195.98,-3.29
785000.0,47.5373,-122.051,9545250010,777214.35,-7785.65,-0.99
286300.0,47.5066,-122.259,393000311,508378.19,222078.19,77.57
367000.0,47.701,-122.39,6132600221,386925.93,19925.93,5.43
412000.0,47.4377,-122.132,1402660150,525371.83,113371.83,27.52
437500.0,47.5322,-121.88,7852030960,316495.68,-121004.32,-27.66
1140000.0,47.4473,-122.086,3023069166,2088899.18,948899.18,83.24
225000.0,47.4906,-122.306,8148600055,232522.6,7522.6,3.34
275000.0,47.5393,-122.351,3438503120,399478.44,124478.44,45.26
690000.0,47.6834,-122.306,7173700518,648450.24,-41549.76,-6.02
199000.0,47.4225,-122.15,2618300350,333187.18,134187.18,67.43
735000.0,47.6079,-122.195,8146100370,702833.97,-32166.03,-4.38
619000.0,47.6883,-122.314,6884800210,513192.45,-105807.55,-17.09
390000.0,47.7142,-122.319,5272200035,387344.18,-2655.82,-0.68
315000.0,47.5104,-121.787,1593000690,18540.75,-296459.25,-94.11
265000.0,47.2578,-122.217,4137020360,173878.76,-91121.24,-34.39
295000.0,47.6185,-122.295,9828701295,411668.24,116668.24,39.55
818000.0,47.7095,-122.019,8682320090,708198.48,-109801.52,-13.42
436000.0,47.6684,-122.365,475000176,464936.3,28936.3,6.64
716000.0,47.5622,-122.022,1150001270,715440.18,-559.82,-0.08
300000.0,47.3997,-122.215,1822059073,265257.45,-34742.55,-11.58
900000.0,47.715,-122.065,2926069083,961862.52,61862.52,6.87
580000.0,47.6191,-122.043,1954420170,527111.04,-52888.96,-9.12
625000.0,47.6296,-122.308,1337800045,615039.16,-9960.84,-1.59
1130000.0,47.5894,-122.197,3860400060,836470.49,-293529.51,-25.98
838000.0,47.5535,-122.395,7936000463,602490.72,-235509.28,-28.1
570000.0,47.3509,-122.323,3222049087,399200.45,-170799.55,-29.96
680000.0,47.6658,-122.139,7922720040,746279.43,66279.43,9.75
570000.0,47.733,-121.968,1443550020,545502.74,-24497.26,-4.3
582000.0,47.6964,-122.4,4441300440,512696.33,-69303.67,-11.91
374000.0,47.5634,-122.391,3488300110,399719.99,25719.99,6.88
206000.0,47.2808,-122.225,7877400266,-31019.89,-237019.89,-115.06
650000.0,47.6322,-122.212,8084400010,579737.65,-70262.35,-10.81
310000.0,47.5181,-122.257,7129303180,467027.67,157027.67,50.65
1270000.0,47.6272,-122.316,1336300445,1150405.18,-119594.82,-9.42
921000.0,47.5873,-122.193,644200090,774144.29,-146855.71,-15.95
310000.0,47.7263,-122.314,2026049125,356458.6,46458.6,14.99
375000.0,47.6076,-122.298,1211000185,538674.93,163674.93,43.65
252000.0,47.3609,-122.048,1545803390,276194.47,24194.47,9.6
250000.0,47.4959,-122.174,424500035,359806.44,109806.44,43.92
305000.0,47.3287,-122.169,2582500110,213337.32,-91662.68,-30.05
179950.0,47.3335,-122.305,7683800192,139400.1,-40549.9,-22.53
417400.0,47.4633,-122.196,7399200770,654010.93,236610.93,56.69
280000.0,47.7274,-122.357,2426039314,337946.09,57946.09,20.7
268000.0,47.3923,-122.311,2013200390,156850.03,-111149.97,-41.47
436000.0,47.7598,-122.359,1226039054,408986.77,-27013.23,-6.2
410000.0,47.5769,-122.397,9277200180,317896.87,-92103.13,-22.46
565000.0,47.6539,-122.396,582000135,432257.25,-132742.75,-23.49
180000.0,47.28,-122.257,3356407665,91170.39,-88829.61,-49.35
500000.0,47.5821,-122.401,3508100161,775043.14,275043.14,55.01
399000.0,47.7176,-122.284,3753000100,477439.66,78439.66,19.66
1670000.0,47.6134,-122.282,5350201180,1514913.6,-155086.4,-9.29
357500.0,47.35,-122.005,5104520550,391728.85,34228.85,9.57
180000.0,47.762,-122.321,6163900073,318456.06,138456.06,76.92
415000.0,47.6978,-122.13,7199330390,424403.91,9403.91,2.27
249950.0,47.4873,-122.099,1823069213,327601.59,77651.59,31.07
200000.0,47.3493,-122.025,2781250520,100826.62,-99173.38,-49.59
209000.0,47.3644,-122.082,8651410090,204198.27,-4801.73,-2.3
409124.0,47.3904,-122.154,1522059120,664892.49,255768.49,62.52
349000.0,47.4815,-122.152,6928000590,380756.9,31756.9,9.1
640000.0,47.45,-122.334,3023049143,678164.1,38164.1,5.96
400000.0,47.5124,-122.374,7454001125,410465.49,10465.49,2.62
700000.0,47.3402,-122.046,6151800070,425608.78,-274391.22,-39.2
336000.0,47.4504,-122.15,2473000470,605753.95,269753.95,80.28
438400.0,47.7218,-122.37,7640400106,414350.61,-24049.39,-5.49
635000.0,47.6806,-122.388,1254200045,588750.82,-46249.18,-7.28
476500.0,47.6929,-122.287,6844702690,468482.73,-8017.27,-1.68
450000.0,47.3487,-122.088,9485951510,620318.22,170318.22,37.85
820000.0,47.5419,-122.383,2716600273,800429.97,-19570.03,-2.39
280000.0,47.6946,-122.362,9268200658,336827.48,56827.48,20.3
575000.0,47.6733,-122.389,2767602720,433473.14,-141526.86,-24.61
400000.0,47.573,-122.312,3101500090,459337.54,59337.54,14.83
912000.0,47.5651,-122.034,3295610080,1035852.97,123852.97,13.58
462600.0,47.5515,-122.262,2147300050,449246.35,-13353.65,-2.89
267000.0,47.4282,-122.331,6123000090,239106.87,-27893.13,-10.45
375000.0,47.5765,-122.155,2206500550,501605.48,126605.48,33.76
500000.0,47.7413,-122.354,9141100073,474157.33,-25842.67,-5.17
375000.0,47.64,-122.394,8127700845,322573.36,-52426.64,-13.98
292000.0,47.3842,-122.036,3303950080,396714.1,104714.1,35.86
316000.0,47.2588,-122.21,4136880460,178401.67,-137598.33,-43.54
421000.0,47.4326,-122.286,238000244,519275.24,98275.24,23.34
219900.0,47.4987,-122.341,3883800011,207801.28,-12098.72,-5.5
478000.0,47.6531,-122.401,6821101275,495204.94,17204.94,3.6
242000.0,47.3149,-122.386,8731960540,135826.56,-106173.44,-43.87
213675.0,47.2862,-122.352,5028600360,64455.74,-149219.26,-69.83
875000.0,47.731,-122.078,1853000300,1023161.27,148161.27,16.93
375000.0,47.7154,-122.341,7996700220,520429.5,145429.5,38.78
360000.0,47.7267,-122.226,3755000120,442182.88,82182.88,22.83
475000.0,47.5773,-122.409,2997800021,406029.52,-68970.48,-14.52
265000.0,47.3395,-122.28,1311200460,165562.8,-99437.2,-37.52
740500.0,47.6981,-122.368,3626039325,1160597.96,420097.96,56.73
390000.0,47.4417,-122.09,7937600830,387326.57,-2673.43,-0.69
678700.0,47.6669,-122.179,1088000050,697178.47,18478.47,2.72
458500.0,47.6937,-122.298,2545700020,465334.13,6834.13,1.49
290000.0,47.5765,-122.154,2206500105,497453.59,207453.59,71.54
336500.0,47.3853,-122.028,6679000960,364480.93,27980.93,8.32
600000.0,47.3109,-122.045,1621069045,768739.19,168739.19,28.12
625000.0,47.5184,-121.886,7853420110,574007.92,-50992.08,-8.16
979000.0,47.6797,-122.385,7518506715,771216.28,-207783.72,-21.22
257000.0,47.3363,-122.213,7338220280,266846.54,9846.54,3.83
500000.0,47.5349,-122.384,2490200165,340252.78,-159747.22,-31.95
259000.0,47.3665,-122.183,7697870350,255883.36,-3116.64,-1.2
630000.0,47.6317,-122.124,7752200100,708293.76,78293.76,12.43
235000.0,47.4529,-122.207,8899200110,382849.88,147849.88,62.91
415000.0,47.4379,-122.011,3523069060,393102.37,-21897.63,-5.28
2320000.0,47.6364,-122.209,8085400376,1681938.59,-638061.41,-27.5
865000.0,47.6391,-122.36,1794500360,619841.03,-245158.97,-28.34
259000.0,47.3786,-122.179,5412400170,237133.0,-21867.0,-8.44
340000.0,47.3583,-121.927,2822079012,288567.79,-51432.21,-15.13
437000.0,47.496,-122.151,1023059246,585336.84,148336.84,33.94
425000.0,47.739,-122.048,9492800020,442635.3,17635.3,4.15
225800.0,47.3858,-122.227,1612500090,285729.75,59929.75,26.54
464000.0,47.5231,-122.202,3342102880,586534.25,122534.25,26.41
510000.0,47.6887,-122.307,2887700826,644480.59,134480.59,26.37
1020000.0,47.6785,-122.396,3693900885,614801.97,-405198.03,-39.73
1710000.0,47.6176,-122.223,3738000070,1082841.79,-627158.21,-36.68
307500.0,47.3646,-122.037,9406520550,263041.18,-44458.82,-14.46
680000.0,47.4238,-122.098,7937900280,847217.89,167217.89,24.59
985000.0,47.5669,-121.956,1824079073,904734.29,-80265.71,-8.15
232900.0,47.5238,-122.356,7899800045,243317.32,10417.32,4.47
420000.0,47.7515,-122.174,6979970150,593656.49,173656.49,41.35
710000.0,47.5836,-122.046,924069176,578800.59,-131199.41,-18.48
1470000.0,47.6301,-122.369,6169900580,1490398.56,20398.56,1.39
522500.0,47.587,-122.134,6751300375,476330.35,-46169.65,-8.84
830000.0,47.5958,-122.175,9541800010,912261.12,82261.12,9.91
580000.0,47.6883,-122.113,7558750120,628147.63,48147.63,8.3
597000.0,47.7379,-122.052,5201000030,542657.63,-54342.37,-9.1
435000.0,47.4627,-122.152,5104450070,605890.75,170890.75,39.29
780000.0,47.4961,-122.063,3286800260,609466.78,-170533.22,-21.86
491500.0,47.7267,-122.232,251200240,575791.19,84291.19,17.15
595000.0,47.5842,-122.045,6795100563,484473.78,-110526.22,-18.58
759600.0,47.4163,-122.22,622059031,434507.68,-325092.32,-42.8
175000.0,47.4491,-122.176,1432400095,263161.66,88161.66,50.38
545000.0,47.5307,-122.054,5710500230,490860.05,-54139.95,-9.93
444000.0,47.3538,-122.013,5104511630,506596.57,62596.57,14.1
290000.0,47.5131,-122.313,133000135,499297.99,209297.99,72.17
564500.0,47.7302,-121.974,2787250240,647774.94,83274.94,14.75
267000.0,47.3731,-122.172,3814701090,400359.02,133359.02,49.95
725000.0,47.6804,-122.316,6716700240,532523.75,-192476.25,-26.55
375000.0,47.5893,-122.317,7660100236,480725.99,105725.99,28.19
630000.0,47.4714,-122.071,5095401070,691688.87,61688.87,9.79
600000.0,47.6095,-122.296,7960100120,704311.08,104311.08,17.39
385000.0,47.4598,-122.352,3990200125,285240.74,-99759.26,-25.91
464625.0,47.666,-122.185,1088030010,707187.43,242562.43,52.21
335000.0,47.4447,-122.137,1328340540,361571.34,26571.34,7.93
557500.0,47.5789,-122.118,3211700035,541091.31,-16408.69,-2.94
459000.0,47.6718,-122.386,2767603824,461138.71,2138.71,0.47
474950.0,47.542,-121.792,2824089053,320616.07,-154333.93,-32.49
323000.0,47.4424,-122.126,1328300180,438828.34,115828.34,35.86
339100.0,47.3284,-122.171,7137950720,326822.99,-12277.01,-3.62
353000.0,47.5501,-122.296,7857000900,449264.34,96264.34,27.27
238000.0,47.4927,-122.169,420000085,347451.81,109451.81,45.99
1550000.0,47.5323,-122.238,5451300117,1909459.76,359459.76,23.19
1250000.0,47.6569,-122.286,723000226,1123615.72,-126384.28,-10.11
422000.0,47.7304,-122.308,6632300161,353663.74,-68336.26,-16.19
285000.0,47.4899,-122.133,9353300220,289565.91,4565.91,1.6
336000.0,47.5486,-122.278,8113101000,482341.16,146341.16,43.55
600000.0,47.5584,-122.089,5608030020,974934.7,374934.7,62.49
435000.0,47.5592,-122.385,7579200767,494341.06,59341.06,13.64
522500.0,47.6301,-121.911,2125079054,422510.18,-99989.82,-19.14
292500.0,47.3889,-122.316,3300790540,153195.51,-139304.49,-47.63
394500.0,47.4231,-122.186,7936800150,574565.63,180065.63,45.64
725000.0,47.6372,-122.352,809002435,703535.55,-21464.45,-2.96
255000.0,47.5693,-122.296,1624049092,442306.7,187306.7,73.45
185000.0,47.307,-122.372,9542802000,41096.23,-143903.77,-77.79
270000.0,47.3596,-122.082,1760650670,212641.86,-57358.14,-21.24
325088.0,47.5402,-122.298,4410600100,389113.8,64025.8,19.69
560000.0,47.5698,-121.999,3905081350,455677.99,-104322.01,-18.63
325000.0,47.3317,-121.927,421079105,360817.51,35817.51,11.02
851500.0,47.6034,-122.172,3260200110,895960.81,44460.81,5.22
530000.0,47.7605,-122.085,1630700361,569581.74,39581.74,7.47
535000.0,47.569,-122.007,3905100220,438584.05,-96415.95,-18.02
326000.0,47.6975,-122.34,4310702759,458925.88,132925.88,40.77
1000000.0,47.5849,-122.198,629000704,771304.63,-228695.37,-22.87
613200.0,47.6719,-122.301,9191200015,661121.07,47921.07,7.81
472000.0,47.3376,-122.324,5152100060,921214.94,449214.94,95.17
272450.0,47.3593,-122.051,1545802100,281533.24,9083.24,3.33
365650.0,47.4391,-122.194,5089700300,539167.35,173517.35,47.45
707900.0,47.6792,-122.31,9547202380,576026.9,-131873.1,-18.63
432500.0,47.4408,-122.161,9306500200,513682.83,81182.83,18.77
860000.0,47.637,-122.4,1370804295,509634.15,-350365.85,-40.74
1300000.0,47.659,-122.281,4217400305,918778.0,-381222.0,-29.32
690500.0,47.7397,-122.316,6632900452,659287.67,-31212.33,-4.52
250000.0,47.3745,-122.275,3832200070,256829.04,6829.04,2.73
369950.0,47.6827,-122.097,339600090,422820.13,52870.13,14.29
350000.0,47.3357,-122.336,5137200140,548947.36,198947.36,56.84
538900.0,47.548,-122.356,3438500924,759926.09,221026.09,41.01
875000.0,47.6384,-122.404,1370802540,828376.16,-46623.84,-5.33
766500.0,47.6705,-122.277,3179100790,731039.41,-35460.59,-4.63
425000.0,47.7121,-122.333,2926049437,445650.47,20650.47,4.86
387000.0,47.535,-122.289,8685500020,411429.16,24429.16,6.31
585000.0,47.4815,-122.47,1823039205,465308.3,-119691.7,-20.46
232000.0,47.3743,-122.116,1865810290,79285.25,-152714.75,-65.83
361280.0,47.55,-122.379,1394300005,391079.04,29799.04,8.25
165000.0,47.3763,-122.148,5466310730,286128.64,121128.64,73.41
790000.0,47.6371,-122.279,4385700735,587237.65,-202762.35,-25.67
425000.0,47.5659,-121.863,1324079007,412201.46,-12798.54,-3.01
807500.0,47.6209,-122.052,1240100065,839388.9,31888.9,3.95
126500.0,47.4952,-122.34,723049530,230751.98,104251.98,82.41
1950000.0,47.6042,-122.21,5493110020,1648815.06,-301184.94,-15.45
389950.0,47.3091,-122.343,6837820030,483326.72,93376.72,23.95
565000.0,47.5539,-122.001,3630120050,486587.81,-78412.19,-13.88
795000.0,47.6481,-122.081,6352600350,838835.48,43835.48,5.51
535000.0,47.4916,-122.144,7708200180,641484.37,106484.37,19.9
739000.0,47.6586,-121.962,1825079005,777007.63,38007.63,5.14
460000.0,47.7713,-122.259,3824100246,526524.15,66524.15,14.46
557000.0,47.684,-122.381,1232001985,419443.2,-137556.8,-24.7
415000.0,47.7362,-122.172,3876313260,450244.11,35244.11,8.49
721000.0,47.56100000000001,-122.398,7936000562,668272.13,-52727.87,-7.31
590000.0,47.5782,-122.018,3904960700,510110.18,-79889.82,-13.54
665000.0,47.5847,-122.032,305010050,618530.24,-46469.76,-6.99
735000.0,47.6809,-122.305,7173700591,577549.32,-157450.68,-21.42
545000.0,47.3557,-122.29,5729000070,1138468.5,593468.5,108.89
865000.0,47.63800000000001,-122.206,8861000210,597963.43,-267036.57,-30.87
660000.0,47.6108,-122.308,7234601544,672425.8,12425.8,1.88
600000.0,47.5498,-121.996,3630030290,468919.23,-131080.77,-21.85
424950.0,47.2975,-122.35,9578500820,403374.93,-21575.07,-5.08
544500.0,47.5816,-122.0,8099900260,465683.05,-78816.95,-14.48
550000.0,47.5071,-122.148,8029770470,683386.75,133386.75,24.25
790000.0,47.469,-122.063,2023069059,929920.14,139920.14,17.71
340000.0,47.3314,-122.202,1657300450,494356.33,154356.33,45.4
335500.0,47.7156,-122.291,8821900155,354290.41,18790.41,5.6
772500.0,47.6791,-122.402,7677300010,585461.55,-187038.45,-24.21
432100.0,47.6343,-122.106,7525100530,590274.83,158174.83,36.61
550000.0,47.5514,-121.998,8929000230,420421.3,-129578.7,-23.56
832600.0,47.6601,-122.332,510002995,519879.3,-312720.7,-37.56
579000.0,47.5658,-122.276,5249801785,579020.39,20.39,0.0
1100000.0,47.6474,-122.389,9241900115,794329.35,-305670.65,-27.79
324500.0,47.3602,-122.082,1760650610,273385.07,-51114.93,-15.75
249000.0,47.3769,-122.234,3686900025,310396.93,61396.93,24.66
720000.0,47.62600000000001,-122.119,686300450,748831.11,28831.11,4.0
600000.0,47.7713,-122.129,9238430430,555755.07,-44244.93,-7.37
724950.0,47.6847,-122.37,9376301800,616243.98,-108706.02,-14.99
191000.0,47.5269,-122.314,7883608693,425581.48,234581.48,122.82
311000.0,47.4455,-122.169,2333230060,325455.92,14455.92,4.65
425000.0,47.7253,-122.309,1133000542,400461.96,-24538.04,-5.77
715000.0,47.6374,-122.042,1829300270,785047.51,70047.51,9.8
659000.0,47.5868,-122.033,305000170,639026.3,-19973.7,-3.03
649990.0,47.6408,-122.058,7504010750,616763.07,-33226.93,-5.11
445000.0,47.4802,-122.189,3955900910,502186.84,57186.84,12.85
255000.0,47.4293,-122.151,4406000390,276489.47,21489.47,8.43
390000.0,47.4507,-122.12,9558010300,423237.89,33237.89,8.52
409900.0,47.5389,-122.367,8165500830,444455.79,34555.79,8.43
239950.0,47.2975,-122.38,9211500520,60759.08,-179190.92,-74.68
288790.0,47.5401,-122.026,9268850130,280629.08,-8160.92,-2.83
428950.0,47.5311,-122.381,2695600410,457703.32,28753.32,6.7
502000.0,47.7728,-122.253,3824100082,527186.46,25186.46,5.02
610000.0,47.6322,-122.053,7504020810,645726.54,35726.54,5.86
262000.0,47.4697,-122.267,7661600206,334273.25,72273.25,27.59
432500.0,47.6687,-122.154,8562600260,583039.77,150539.77,34.81
325000.0,47.7317,-122.231,3768000030,442487.54,117487.54,36.15
540000.0,47.7189,-122.181,1036450360,559403.86,19403.86,3.59
181000.0,47.4444,-122.509,3523029059,138326.92,-42673.08,-23.58
661000.0,47.6791,-122.149,1471590060,745073.74,84073.74,12.72
826000.0,47.6312,-122.353,811000050,746685.88,-79314.12,-9.6
259000.0,47.2872,-122.283,1687000200,237090.36,-21909.64,-8.46
950000.0,47.5541,-122.106,4139450360,934725.23,-15274.77,-1.61
411100.0,47.5882,-122.155,514500235,523997.73,112897.73,27.46
510000.0,47.6609,-121.892,1025079074,478970.66,-31029.34,-6.08
565000.0,47.5257,-122.392,9169100185,505501.04,-59498.96,-10.53
338000.0,47.3438,-122.039,6699930550,420260.76,82260.76,24.34
260000.0,47.5038,-122.3,2843200085,352508.33,92508.33,35.58
317000.0,47.7383,-121.983,2131701020,368224.22,51224.22,16.16
720000.0,47.6319,-122.037,7504110110,852333.04,132333.04,18.38
597500.0,47.6849,-122.037,7202310010,513073.04,-84426.96,-14.13
349000.0,47.4451,-122.126,2473460060,427124.61,78124.61,22.39
410000.0,47.7329,-122.343,6450300605,431873.98,21873.98,5.34
310000.0,47.74100000000001,-122.095,1775800280,630150.05,320150.05,103.27
655000.0,47.7672,-122.292,8562970040,943157.17,288157.17,43.99
250800.0,47.5309,-122.354,2113700500,316696.68,65896.68,26.27
390000.0,47.7433,-122.229,5631500992,581761.35,191761.35,49.17
599950.0,47.6648,-122.324,8818900155,477421.28,-122528.72,-20.42
375000.0,47.4888,-122.184,3291800780,439856.64,64856.64,17.3
580000.0,47.6365,-122.108,1523550480,577909.63,-2090.37,-0.36
305000.0,47.6971,-122.026,7203102080,311095.4,6095.4,2.0
255000.0,47.2137,-121.989,2420069604,76590.32,-178409.68,-69.96
160000.0,47.4889,-122.259,2172000750,289251.38,129251.38,80.78
425000.0,47.6029,-122.307,1934800022,535358.56,110358.56,25.97
1250000.0,47.5815,-122.398,3505100126,1481728.27,231728.27,18.54
250000.0,47.3457,-122.217,301402140,163112.3,-86887.7,-34.76
610685.0,47.5137,-122.167,3448900210,642307.33,31622.33,5.18
670000.0,47.5533,-121.995,3629970930,701225.66,31225.66,4.66
340000.0,47.3817,-122.206,1332300110,472294.27,132294.27,38.91
499000.0,47.6513,-122.4,6821101762,382296.79,-116703.21,-23.39
315000.0,47.3812,-122.029,705700960,285455.83,-29544.17,-9.38
235000.0,47.7332,-122.305,6381500170,301728.51,66728.51,28.4
441000.0,47.5971,-122.295,1250201165,367901.65,-73098.35,-16.58
424000.0,47.7521,-122.279,1062100100,464643.14,40643.14,9.59
330000.0,47.5313,-122.351,2113700025,377324.72,47324.72,14.34
675000.0,47.62,-122.309,1806900499,588741.25,-86258.75,-12.78
345000.0,47.3347,-122.077,7215400280,526081.85,181081.85,52.49
255000.0,47.3161,-122.382,8731983200,220296.6,-34703.4,-13.61
319950.0,47.7293,-122.343,6149700194,385439.38,65489.38,20.47
275000.0,47.3662,-122.315,7522600110,152047.66,-122952.34,-44.71
510000.0,47.3938,-122.321,2011400401,359033.33,-150966.67,-29.6
501000.0,47.5695,-122.087,4353700200,537622.76,36622.76,7.31
319950.0,47.5257,-122.263,3336002215,355444.57,35494.57,11.09
349950.0,47.466,-122.147,6806100040,368618.39,18668.39,5.33
630000.0,47.7741,-122.203,3395050050,1244789.75,614789.75,97.59
549950.0,47.3526,-122.012,5104511730,697724.76,147774.76,26.87
550285.0,47.7132,-122.032,8682261190,445458.15,-104826.85,-19.05
700000.0,47.6575,-122.346,1931300110,695245.92,-4754.08,-0.68
425000.0,47.7244,-122.331,6414600051,406206.18,-18793.82,-4.42
422500.0,47.6868,-122.119,3378900020,452192.81,29692.81,7.03
1090000.0,47.5835,-122.227,1224049005,789984.8,-300015.2,-27.52
214000.0,47.4963,-122.35,7520000440,276428.1,62428.1,29.17
833000.0,47.5976,-122.178,9542300430,783085.37,-49914.63,-5.99
197000.0,47.288,-122.196,304000380,142221.3,-54778.7,-27.81
520000.0,47.6733,-122.37,123000110,439684.91,-80315.09,-15.45
463000.0,47.5219,-122.052,9414610320,559710.73,96710.73,20.89
213000.0,47.475,-122.199,7221400320,431873.6,218873.6,102.76
279900.0,47.4114,-122.334,7893802670,421576.59,141676.59,50.62
690000.0,47.6399,-122.311,6788203060,880945.61,190945.61,27.67
790000.0,47.5271,-122.386,3524039204,985089.06,195089.06,24.69
280000.0,47.3913,-122.191,3831200210,391114.79,111114.79,39.68
315000.0,47.4484,-122.158,2473101070,375391.98,60391.98,19.17
315000.0,47.4418,-122.136,1328340120,319857.22,4857.22,1.54
429000.0,47.557,-122.308,3732800495,530304.87,101304.87,23.61
1150000.0,47.6853,-122.204,1245003006,933257.48,-216742.52,-18.85
285000.0,47.3204,-122.322,821049191,145788.3,-139211.7,-48.85
261590.0,47.4977,-122.259,3151600035,239830.9,-21759.1,-8.32
425000.0,47.7334,-121.97,3296900280,467783.04,42783.04,10.07
175000.0,47.3377,-122.291,3876500290,101597.08,-73402.92,-41.94
631625.0,47.6971,-122.371,1862400176,645402.38,13777.38,2.18
680000.0,47.7506,-122.372,3586501135,595937.5,-84062.5,-12.36
199500.0,47.2958,-122.284,4031000460,101760.87,-97739.13,-48.99
455000.0,47.5378,-122.043,8843900396,300782.66,-154217.34,-33.89
215000.0,47.518,-122.194,1332700270,470223.58,255223.58,118.71
640000.0,47.6768,-122.31,9547200460,595241.75,-44758.25,-6.99
525000.0,47.5631,-122.317,3959400855,622854.55,97854.55,18.64
450000.0,47.6319,-122.124,7752400075,563648.81,113648.81,25.26
760000.0,47.7288,-122.284,1455600015,809225.71,49225.71,6.48
386900.0,47.7204,-122.196,9206200110,418560.24,31660.24,8.18
350000.0,47.5112,-122.329,6433000050,415457.02,65457.02,18.7
439000.0,47.4874,-122.223,4204400175,861438.72,422438.72,96.23
545000.0,47.3329,-122.2,3303870050,883082.32,338082.32,62.03
879000.0,47.647,-122.369,7015201015,941962.56,62962.56,7.16
412450.0,47.7114,-122.23,7980900011,616092.6,203642.6,49.37
443500.0,47.5403,-121.889,7853301240,320810.7,-122689.3,-27.66
365000.0,47.5067,-122.16,2787700150,510337.35,145337.35,39.82
747000.0,47.6207,-122.295,9828701085,653876.01,-93123.99,-12.47
500000.0,47.4877,-122.143,2141500020,505877.61,5877.61,1.18
1150000.0,47.639,-122.216,1925059194,860465.85,-289534.15,-25.18
616000.0,47.5789,-122.396,9277200065,769722.77,153722.77,24.95
651000.0,47.5664,-122.389,194000505,654673.09,3673.09,0.56
271675.0,47.3099,-122.197,1721059218,220048.51,-51626.49,-19.0
510000.0,47.6301,-122.107,6811000220,623387.54,113387.54,22.23
305000.0,47.7553,-122.283,1154100205,183347.76,-121652.24,-39.89
546500.0,47.6786,-122.371,5309100450,384081.42,-162418.58,-29.72
522000.0,47.5616,-122.392,2391602650,378909.81,-143090.19,-27.41
320000.0,47.3619,-122.287,1310700390,396914.98,76914.98,24.04
220000.0,47.3829,-122.322,3530470190,224534.02,4534.02,2.06
491000.0,47.5996,-122.12,7375100070,505974.52,14974.52,3.05
672000.0,47.5744,-121.993,3905000340,645815.8,-26184.2,-3.9
481000.0,47.5343,-122.185,2824059043,633824.32,152824.32,31.77
525000.0,47.6886,-122.375,458000235,406447.67,-118552.33,-22.58
202000.0,47.5181,-122.267,7129304375,292272.26,90272.26,44.69
1190000.0,47.6406,-122.304,6788200800,840489.96,-349510.04,-29.37
559500.0,47.7179,-122.113,8123710070,595862.43,36362.43,6.5
488000.0,47.6772,-122.393,2856101105,406503.24,-81496.76,-16.7
269950.0,47.2606,-122.254,3094000210,146246.38,-123703.62,-45.82
460000.0,47.7226,-122.219,2896600020,416836.86,-43163.14,-9.38
245000.0,47.2981,-122.38,9211500560,75077.68,-169922.32,-69.36
810000.0,47.6375,-122.016,1118500030,912146.36,102146.36,12.61
629000.0,47.4911,-122.125,1656600310,676171.61,47171.61,7.5
950000.0,47.7154,-122.161,2726059100,920745.62,-29254.38,-3.08
539000.0,47.6942,-122.304,5101402435,519698.03,-19301.97,-3.58
525000.0,47.5319,-121.867,7852020300,397810.47,-127189.53,-24.23
570000.0,47.685,-122.359,1646501845,563998.84,-6001.16,-1.05
822500.0,47.63,-122.349,3025049052,881007.32,58507.32,7.11
215000.0,47.2706,-122.254,8856003839,61560.48,-153439.52,-71.37
235000.0,47.5611,-122.28,4154300296,423303.7,188303.7,80.13
430000.0,47.5662,-122.364,7891600245,460402.8,30402.8,7.07
320000.0,47.4429,-122.282,7147600225,352258.73,32258.73,10.08
512500.0,47.6094,-122.31,2254502070,627682.9,115182.9,22.47
491300.0,47.6099,-122.058,8562900180,514209.28,22909.28,4.66
266000.0,47.3521,-122.212,8669160310,219960.64,-46039.36,-17.31
234000.0,47.3885,-122.284,8075400530,135739.17,-98260.83,-41.99
1420000.0,47.6349,-122.204,7933250050,1237830.61,-182169.39,-12.83
1070000.0,47.5198,-122.156,3303960060,1166824.38,96824.38,9.05
315000.0,47.6172,-122.061,3575304017,353726.85,38726.85,12.29
590000.0,47.5382,-122.391,4315700275,498865.92,-91134.08,-15.45
315000.0,47.6931,-121.921,4046500140,314456.9,-543.1,-0.17
404763.0,47.5521,-121.998,8929000330,385283.95,-19479.05,-4.81
515000.0,47.6699,-122.369,2768100040,539018.54,24018.54,4.66
349000.0,47.6004,-122.299,3796000400,427472.84,78472.84,22.49
371000.0,47.71,-122.286,4077800518,385839.28,14839.28,4.0
488000.0,47.6949,-122.37,2688100075,519359.88,31359.88,6.43
294010.0,47.5291,-122.351,2113701100,292330.74,-1679.26,-0.57
622500.0,47.7498,-122.146,2817260130,751248.18,128748.18,20.68
1200000.0,47.528,-122.132,7237501040,1266771.91,66771.91,5.56
238000.0,47.6946,-122.357,1172000150,343188.47,105188.47,44.2
215000.0,47.4787,-122.275,3229200040,377423.21,162423.21,75.55
592500.0,47.6384,-122.403,1370802620,515915.63,-76584.37,-12.93
271500.0,47.4129,-122.322,2868300115,262172.58,-9327.42,-3.44
547500.0,47.739,-122.203,1088800470,743136.84,195636.84,35.73
355000.0,47.6982,-122.347,263000359,484798.4,129798.4,36.56
247000.0,47.2843,-122.357,9269750460,103197.26,-143802.74,-58.22
266750.0,47.3862,-122.315,2013800095,146576.43,-120173.57,-45.05
299900.0,47.3203,-122.385,8731990440,295793.68,-4106.32,-1.37
465000.0,47.7311,-122.353,2419600075,399892.26,-65107.74,-14.0
350000.0,47.761,-122.307,4024101451,354480.07,4480.07,1.28
483000.0,47.6689,-122.326,3856905185,558924.38,75924.38,15.72
250000.0,47.3839,-122.225,1922059135,233659.25,-16340.75,-6.54
700000.0,47.646,-122.363,976000879,512326.75,-187673.25,-26.81
333000.0,47.4918,-122.141,2739200160,392611.31,59611.31,17.9
339950.0,47.432,-122.329,9320990140,238846.18,-101103.82,-29.74
810000.0,47.7391,-122.102,2195700050,1047836.29,237836.29,29.36
509000.0,47.6092,-122.146,8944600620,624740.05,115740.05,22.74
507000.0,47.6258,-122.038,2872900390,473600.18,-33399.82,-6.59
268000.0,47.3104,-122.394,8732190070,180920.58,-87079.42,-32.49
555000.0,47.6161,-122.302,7228500037,528366.46,-26633.54,-4.8
228950.0,47.2795,-122.353,7137800300,75548.13,-153401.87,-67.0
415000.0,47.5119,-122.255,7129300935,749809.51,334809.51,80.68
518380.0,47.3552,-122.023,3744000040,543881.75,25501.75,4.92
540000.0,47.5745,-122.311,3964400160,561998.36,21998.36,4.07
185000.0,47.494,-122.307,3826000070,261803.79,76803.79,41.52
403500.0,47.734,-122.353,1926049141,329507.51,-73992.49,-18.34
549000.0,47.6432,-122.057,8651540040,513517.55,-35482.45,-6.46
447055.0,47.3428,-122.179,1085623710,436323.15,-10731.85,-2.4
280000.0,47.4617,-122.327,1214700090,331377.64,51377.64,18.35
445000.0,47.7001,-122.309,8024202520,472630.63,27630.63,6.21
850000.0,47.5435,-121.966,3024079063,358018.82,-491981.18,-57.88
465000.0,47.6685,-122.365,475000190,480023.72,15023.72,3.23
571000.0,47.7168,-122.287,8820901275,709949.98,138949.98,24.33
635000.0,47.5897,-122.156,7811200310,669987.03,34987.03,5.51
445000.0,47.7092,-122.015,8682310470,572300.46,127300.46,28.61
358000.0,47.5535,-121.997,3630080120,300804.18,-57195.82,-15.98
530000.0,47.6871,-122.307,2887700995,629852.5,99852.5,18.84
205000.0,47.2873,-122.367,5029450850,83786.57,-121213.43,-59.13
615000.0,47.5696,-122.386,7577700136,475943.31,-139056.69,-22.61
645000.0,47.6873,-122.332,2402100675,719661.01,74661.01,11.58
445000.0,47.5448,-122.288,3333001997,340269.68,-104730.32,-23.53
380000.0,47.5122,-122.186,3343900120,547059.72,167059.72,43.96
430000.0,47.7412,-122.088,1770000460,528254.66,98254.66,22.85
550000.0,47.7498,-122.181,3825500020,826105.94,276105.94,50.2
169000.0,47.4971,-122.261,3352402195,211563.81,42563.81,25.19
399000.0,47.7246,-122.3,2126049096,467572.85,68572.85,17.19
1550000.0,47.64100000000001,-122.357,2652501565,957994.1,-592005.9,-38.19
415000.0,47.6471,-122.397,6821102340,393058.09,-21941.91,-5.29
756000.0,47.6608,-122.145,7732400360,740311.55,-15688.45,-2.08
400000.0,47.6256,-122.037,2872900050,447458.62,47458.62,11.86
448500.0,47.7466,-122.249,3579000370,522212.36,73712.36,16.44
425000.0,47.7281,-122.233,1112700170,481654.23,56654.23,13.33
310000.0,47.3836,-122.082,1922069089,283893.87,-26106.13,-8.42
291000.0,47.566,-121.894,2475901105,164678.54,-126321.46,-43.41
655000.0,47.6535,-122.397,582000185,437793.46,-217206.54,-33.16
1110000.0,47.6645,-122.291,2436200200,871695.7,-238304.3,-21.47
1360000.0,47.7142,-122.277,7352200100,968295.01,-391704.99,-28.8
345000.0,47.6522,-121.97,7302000500,353591.31,8591.31,2.49
240000.0,47.3581,-122.288,2722049092,295467.27,55467.27,23.11
299999.0,47.5565,-122.363,1773100967,358572.95,58573.95,19.52
465000.0,47.4959,-122.367,1223039195,529244.11,64244.11,13.82
399000.0,47.5392,-122.39,9557200090,366971.83,-32028.17,-8.03
505000.0,47.6054,-122.314,7942600975,589834.23,84834.23,16.8
336000.0,47.7475,-122.342,414100280,314078.21,-21921.79,-6.52
209995.0,47.4934,-122.166,421000500,257852.56,47857.56,22.79
295000.0,47.3518,-122.057,2215900900,295417.98,417.98,0.14
500000.0,47.709,-122.35,7189800095,705554.12,205554.12,41.11
585000.0,47.6674,-122.358,9530100555,560919.59,-24080.41,-4.12
295000.0,47.5704,-122.409,1024000109,386037.52,91037.52,30.86
483453.0,47.4827,-121.773,1442880160,407929.05,-75523.95,-15.62
715000.0,47.6038,-122.303,9826701765,411161.09,-303838.91,-42.49
554000.0,47.4426,-122.342,5072100095,699770.74,145770.74,26.31
329000.0,47.7538,-122.322,6163901061,409115.14,80115.14,24.35
465000.0,47.3714,-122.059,1442740010,473077.44,8077.44,1.74
495000.0,47.701,-122.306,5101405331,496805.04,1805.04,0.36
535000.0,47.6748,-122.352,9523102420,796511.09,261511.09,48.88
420000.0,47.6973,-122.295,5652600427,460006.8,40006.8,9.53
450000.0,47.5659,-122.141,2206700165,500383.57,50383.57,11.2
400000.0,47.5596,-122.315,5141000720,482533.63,82533.63,20.63
276000.0,47.2635,-122.284,3750603732,179474.03,-96525.97,-34.97
310000.0,47.5471,-121.996,3630070010,249490.12,-60509.88,-19.52
657500.0,47.3062,-122.15,2025760210,929168.89,271668.89,41.32
550000.0,47.5519,-121.803,2024089011,259772.85,-290227.15,-52.77
1250000.0,47.5814,-122.081,724069023,898868.41,-351131.59,-28.09
205000.0,47.5211,-122.33,13002460,329726.47,124726.47,60.84
335000.0,47.5116,-122.157,2482410130,501356.53,166356.53,49.66
625000.0,47.681,-122.388,1254200015,544343.79,-80656.21,-12.9
780000.0,47.7016,-122.103,3204930510,759200.45,-20799.55,-2.67
530000.0,47.4695,-122.366,7635801370,547211.04,17211.04,3.25
498000.0,47.6036,-122.305,9826701345,527578.51,29578.51,5.94
670000.0,47.7139,-122.223,6619900120,1241733.38,571733.38,85.33
485000.0,47.687,-122.391,4443800940,457032.39,-27967.61,-5.77
1730000.0,47.5665,-122.21,46100350,1728384.03,-1615.97,-0.09
355000.0,47.5491,-122.386,7625702400,299758.09,-55241.91,-15.56
300000.0,47.5336,-122.278,3904100089,420151.33,120151.33,40.05
281000.0,47.4833,-122.237,2988800065,319281.6,38281.6,13.62
218000.0,47.4892,-122.306,923049468,305175.07,87175.07,39.99
1050000.0,47.5964,-122.077,524069020,1164994.6,114994.6,10.95
561000.0,47.5498,-121.997,3630030500,404926.39,-156073.61,-27.82
609850.0,47.6544,-122.373,2770604942,645301.06,35451.06,5.81
267500.0,47.3737,-122.115,1865810060,463172.1,195672.1,73.15
207000.0,47.293,-122.215,7140600055,50504.53,-156495.47,-75.6
580000.0,47.5915,-122.132,4157600120,610433.98,30433.98,5.25
620000.0,47.6435,-122.373,5113400168,583368.7,-36631.3,-5.91
544500.0,47.6746,-122.325,3359500755,511210.65,-33289.35,-6.11
610000.0,47.6075,-122.2,682000030,756322.82,146322.82,23.99
265000.0,47.5259,-121.815,7851200040,65633.54,-199366.46,-75.23
485000.0,47.6324,-122.028,8078400020,455158.81,-29841.19,-6.15
1450000.0,47.6385,-122.348,1689400375,1200884.94,-249115.06,-17.18
220000.0,47.7027,-122.346,6145601745,463051.28,243051.28,110.48
920000.0,47.6145,-122.001,3525069037,874696.53,-45303.47,-4.92
1090000.0,47.5764,-122.287,5700002510,899461.88,-190538.12,-17.48
757000.0,47.6632,-122.201,7732000045,687179.62,-69820.38,-9.22
696500.0,47.7632,-122.09,1774230180,649707.74,-46792.26,-6.72
669950.0,47.6327,-122.036,7504110050,659530.32,-10419.68,-1.56
502000.0,47.5736,-122.152,384000135,507958.17,5958.17,1.19
775000.0,47.6388,-122.218,1925059049,521521.93,-253478.07,-32.71
580000.0,47.6624,-122.348,9521101065,705957.47,125957.47,21.72
311000.0,47.4941,-122.151,1023059223,421571.75,110571.75,35.55
630000.0,47.7649,-122.049,4298100070,681001.56,51001.56,8.1
353000.0,47.3224,-122.122,1221059176,242204.61,-110795.39,-31.39
928950.0,47.554,-122.19,2024059130,887552.16,-41397.84,-4.46
2490000.0,47.5636,-122.231,1324049015,1557362.11,-932637.89,-37.46
535000.0,47.6415,-122.401,1370803925,441886.91,-93113.09,-17.4
515000.0,47.7242,-122.105,1795910420,583726.0,68726.0,13.34
700000.0,47.6374,-122.324,2902200015,924809.49,224809.49,32.12
465000.0,47.7671,-122.33,7767400060,517053.33,52053.33,11.19
450000.0,47.7136,-122.288,3992700070,422596.73,-27403.27,-6.09
500000.0,47.5336,-122.052,5710610250,686357.87,186357.87,37.27
252000.0,47.5832,-122.399,913000340,511957.7,259957.7,103.16
232500.0,47.3278,-122.337,5560000640,-5130.01,-237630.01,-102.21
375000.0,47.6717,-122.184,3897100060,430617.58,55617.58,14.83
1050000.0,47.6906,-122.019,7203230010,930166.3,-119833.7,-11.41
1000000.0,47.5871,-122.192,644200040,1147495.62,147495.62,14.75
300000.0,47.3617,-122.061,252000300,278216.06,-21783.94,-7.26
265000.0,47.2961,-122.188,7749500250,353926.33,88926.33,33.56
443000.0,47.5399,-122.352,3438503021,575397.46,132397.46,29.89
339000.0,47.557,-122.306,1708400370,484849.5,145849.5,43.02
458450.0,47.6038,-122.122,4037200690,461307.87,2857.87,0.62
650000.0,47.6767,-122.365,2880100795,503586.02,-146413.98,-22.53
1820000.0,47.6395,-122.214,1051000040,1041576.61,-778423.39,-42.77
959750.0,47.6205,-122.096,7431500280,1011329.14,51579.14,5.37
711000.0,47.5688,-122.012,3904921120,704840.83,-6159.17,-0.87
500000.0,47.7312,-122.334,2026049326,532379.2,32379.2,6.48
438800.0,47.4541,-122.117,9558040230,637018.64,198218.64,45.17
388000.0,47.3474,-122.025,2781260070,508778.96,120778.96,31.13
163800.0,47.5419,-122.271,2724049222,377969.09,214169.09,130.75
575000.0,47.6782,-122.314,525049085,602637.7,27637.7,4.81
240000.0,47.7532,-122.244,9406500310,356593.38,116593.38,48.58
1190000.0,47.5211,-122.151,3303980470,1180227.52,-9772.48,-0.82
358000.0,47.3473,-122.314,251300110,353152.25,-4847.75,-1.35
609000.0,47.7227,-122.098,5701800030,676545.88,67545.88,11.09
256000.0,47.5232,-122.284,603001045,355675.16,99675.16,38.94
424950.0,47.6823,-122.327,2883200083,496099.59,71149.59,16.74
640000.0,47.5241,-122.039,3324069058,638211.13,-1788.87,-0.28
405000.0,47.6922,-122.163,1246700136,506652.76,101652.76,25.1
1280000.0,47.6847,-122.2,1245003268,1058752.05,-221247.95,-17.28
236000.0,47.5053,-122.255,2976800796,315789.89,79789.89,33.81
615000.0,47.5742,-122.315,3678900450,579642.45,-35357.55,-5.75
469950.0,47.5432,-122.376,3277801580,514263.58,44313.58,9.43
485000.0,47.7074,-122.349,2291401425,363710.18,-121289.82,-25.01
325000.0,47.7364,-121.969,1518000080,336274.49,11274.49,3.47
394000.0,47.3655,-122.028,3793500730,445293.05,51293.05,13.02
550000.0,47.6283,-122.032,6600220490,485643.47,-64356.53,-11.7
385000.0,47.7466,-122.347,3293700105,388168.86,3168.86,0.82
173250.0,47.4849,-122.303,6404600006,369858.02,196608.02,113.48
474500.0,47.5971,-122.295,1250201165,367901.65,-106598.35,-22.47
436000.0,47.4778,-122.146,5104200470,654286.48,218286.48,50.07
845000.0,47.742,-122.035,7574910450,911335.78,66335.78,7.85
465000.0,47.5509,-122.377,1053000010,397580.77,-67419.23,-14.5
500000.0,47.6198,-122.299,9828702262,553673.71,53673.71,10.73
275000.0,47.4594,-122.346,2968800010,312954.13,37954.13,13.8
468000.0,47.539,-122.18,3205100080,539286.86,71286.86,15.23
275000.0,47.3361,-122.175,806800110,379675.77,104675.77,38.06
425000.0,47.5353,-121.879,7852130430,333889.15,-91110.85,-21.44
447000.0,47.5185,-122.392,2487200680,406436.69,-40563.31,-9.07
1140000.0,47.6624,-122.197,7882600326,1415077.75,275077.75,24.13
600000.0,47.6729,-122.363,2769600480,406885.74,-193114.26,-32.19
455000.0,47.6675,-122.368,1225039067,462564.88,7564.88,1.66
560000.0,47.54,-122.267,2624049035,626726.66,66726.66,11.92
474000.0,47.6385,-122.344,2041000025,493830.04,19830.04,4.18
455000.0,47.7171,-122.32,6413600123,485946.29,30946.29,6.8
545000.0,47.515,-121.869,7853361410,441801.99,-103198.01,-18.94
240000.0,47.5024,-122.169,1061400180,420575.46,180575.46,75.24
605000.0,47.6021,-122.202,5739601300,541530.03,-63469.97,-10.49
445000.0,47.6684,-122.368,3019300050,498762.24,53762.24,12.08
900000.0,47.5836,-122.2,2344300122,804181.1,-95818.9,-10.65
289000.0,47.5155,-122.374,7454000585,238857.67,-50142.33,-17.35
698000.0,47.6886,-122.211,3885803465,510420.43,-187579.57,-26.87
307000.0,47.6499,-121.915,8658303065,307557.35,557.35,0.18
720000.0,47.6434,-122.324,1959700225,595895.79,-124104.21,-17.24
520000.0,47.6096,-122.132,4038400040,556126.07,36126.07,6.95
432000.0,47.5803,-122.05,6791100410,436702.14,4702.14,1.09
695000.0,47.5435,-121.888,7853301520,832442.32,137442.32,19.78
360000.0,47.7748,-122.337,6648000050,338810.59,-21189.41,-5.89
324000.0,47.3654,-122.164,6705900070,368825.11,44825.11,13.83
295000.0,47.5124,-122.372,7454001060,261291.97,-33708.03,-11.43
599950.0,47.669,-122.402,1176001123,431799.55,-168150.45,-28.03
872500.0,47.6515,-122.397,582000644,495059.06,-377440.94,-43.26
685000.0,47.6981,-122.099,8732900300,601725.11,-83274.89,-12.16
666570.0,47.5558,-122.269,1231000458,672913.75,6343.75,0.95
730000.0,47.6437,-122.396,5042300095,468359.74,-261640.26,-35.84
340000.0,47.6965,-121.922,4046601420,390672.48,50672.48,14.9
1250000.0,47.5897,-122.229,5452301800,1627926.31,377926.31,30.23
300000.0,47.3719,-122.461,3022039069,60419.48,-239580.52,-79.86
330000.0,47.7278,-122.226,6675500112,427814.33,97814.33,29.64
230000.0,47.4213,-122.322,2946000751,216408.93,-13591.07,-5.91
579000.0,47.5827,-122.387,6379500227,460079.65,-118920.35,-20.54
333000.0,47.4551,-122.151,2473001210,478710.34,145710.34,43.76
199500.0,47.3643,-122.09,8651443190,256231.19,56731.19,28.44
310000.0,47.4275,-122.331,6123000070,233260.25,-76739.75,-24.75
2460000.0,47.6304,-122.236,3262300555,2441457.84,-18542.16,-0.75
260750.0,47.341,-122.309,4223000140,155882.92,-104867.08,-40.22
562500.0,47.6371,-122.327,2902200241,520952.55,-41547.45,-7.39
650000.0,47.5876,-122.292,161000120,810029.73,160029.73,24.62
675000.0,47.5603,-122.013,1424069110,605881.2,-69118.8,-10.24
315000.0,47.4756,-122.147,5127001620,389753.65,74753.65,23.73
357000.0,47.5274,-122.379,1782500035,362328.76,5328.76,1.49
389000.0,47.3547,-122.285,3422049088,271348.04,-117651.96,-30.24
925000.0,47.7211,-122.283,1454600266,1332149.49,407149.49,44.02
325000.0,47.76300000000001,-122.291,2678100005,271557.92,-53442.08,-16.44
515000.0,47.5543,-122.359,3438500250,680215.14,165215.14,32.08
541000.0,47.6695,-122.32,1928300640,564397.41,23397.41,4.32
473000.0,47.6488,-122.385,2770601365,294475.26,-178524.74,-37.74
265000.0,47.7411,-122.322,7568700135,397877.86,132877.86,50.14
575000.0,47.6296,-122.3,3204300705,537185.84,-37814.16,-6.58
312000.0,47.5567,-122.363,1773100972,366901.83,54901.83,17.6
380000.0,47.5066,-122.377,7100000250,340418.67,-39581.33,-10.42
653450.0,47.5936,-122.013,224069010,584908.03,-68541.97,-10.49
495000.0,47.7218,-122.306,2126049265,512944.2,17944.2,3.63
1250000.0,47.5686,-122.154,7856660130,1336746.75,86746.75,6.94
630000.0,47.6236,-122.318,6852700097,592701.17,-37298.83,-5.92
729000.0,47.5449,-121.995,3629920860,615886.87,-113113.13,-15.52
295000.0,47.5139,-122.187,2720000120,411537.92,116537.92,39.5
380600.0,47.7256,-121.97,3793400360,384171.19,3571.19,0.94
300000.0,47.5401,-122.292,3395041236,438131.11,138131.11,46.04
294000.0,47.7254,-122.175,2126059048,376460.31,82460.31,28.05
343566.0,47.5312,-122.392,34000005,314485.77,-29080.23,-8.46
698000.0,47.6845,-122.201,1245003160,699324.55,1324.55,0.19
825000.0,47.6835,-122.045,7202300540,983660.33,158660.33,19.23
291600.0,47.4514,-122.159,2473420070,340150.18,48550.18,16.65
639983.0,47.4969,-122.145,1604730150,590139.12,-49843.88,-7.79
665000.0,47.7228,-122.369,7640400070,756898.88,91898.88,13.82
225000.0,47.3054,-122.371,8945300040,66775.21,-158224.79,-70.32
465000.0,47.7294,-122.186,3288200710,529979.37,64979.37,13.97
830005.0,47.6992,-122.385,586000020,1111314.87,281309.87,33.89
550000.0,47.6648,-122.204,4151800265,424837.09,-125162.91,-22.76
1380000.0,47.5323,-122.237,2524049108,1361622.89,-18377.11,-1.33
774000.0,47.6607,-122.396,7010700810,675010.91,-98989.09,-12.79
259000.0,47.3684,-122.318,7524100280,89596.44,-169403.56,-65.41
442500.0,47.7522,-122.338,5253300437,439104.2,-3395.8,-0.77
411605.0,47.2603,-122.194,3845100640,335783.08,-75821.92,-18.42
417000.0,47.5297,-122.354,2113700620,527376.37,110376.37,26.47
392000.0,47.5553,-122.288,2660500365,433584.12,41584.12,10.61
697000.0,47.5883,-121.991,629410180,723989.67,26989.67,3.87
250000.0,47.6131,-122.123,4038000040,547237.36,297237.36,118.89
204555.0,47.2737,-122.153,2721059173,128727.68,-75827.32,-37.07
657500.0,47.6597,-122.29,9822700285,607975.65,-49524.35,-7.53
750000.0,47.537,-122.185,3204960200,1010321.18,260321.18,34.71
880000.0,47.6806,-122.167,1241900028,825423.0,-54577.0,-6.2
340000.0,47.3845,-122.154,5469501940,486357.83,146357.83,43.05
830000.0,47.6042,-122.193,8146200150,709026.14,-120973.86,-14.58
150000.0,47.2958,-122.285,4031000250,76217.09,-73782.91,-49.19
335000.0,47.4676,-122.296,6385800030,353573.43,18573.43,5.54
813000.0,47.6247,-122.016,2725069121,846568.48,33568.48,4.13
1090000.0,47.5814,-122.196,2450000295,773693.01,-316306.99,-29.02
950000.0,47.5959,-122.291,4473400195,913295.91,-36704.09,-3.86
3100000.0,47.5716,-122.204,4131900066,1621415.01,-1478584.99,-47.7
270000.0,47.772,-122.323,3971700937,235707.93,-34292.07,-12.7
530000.0,47.7567,-122.333,2783100230,476254.48,-53745.52,-10.14
449000.0,47.3013,-122.109,1321059052,191690.81,-257309.19,-57.31
405000.0,47.473,-122.118,1081200070,600579.77,195579.77,48.29
680000.0,47.6313,-122.172,2825059256,939334.49,259334.49,38.14
760000.0,47.5569,-122.151,7856560380,703200.01,-56799.99,-7.47
575000.0,47.5723,-122.376,4321200580,660965.82,85965.82,14.95
289200.0,47.7468,-121.98,1559900080,363308.96,74108.96,25.63
1260000.0,47.5991,-122.2,2213000030,1036216.56,-223783.44,-17.76
398950.0,47.3684,-122.073,50300090,539136.49,140186.49,35.14
690000.0,47.6363,-122.32,2207500880,667379.56,-22620.44,-3.28
542126.0,47.7661,-122.071,7214710300,574115.68,31989.68,5.9
579000.0,47.4127,-122.071,822069029,328830.6,-250169.4,-43.21
536000.0,47.7711,-122.168,9532000070,553339.02,17339.02,3.23
230000.0,47.497,-122.357,7642200095,289472.78,59472.78,25.86
589000.0,47.648,-122.358,9578080040,557753.42,-31246.58,-5.31
503000.0,47.4088,-122.055,922069169,539751.41,36751.41,7.31
390000.0,47.6029,-122.309,1934800138,497557.81,107557.81,27.58
269000.0,47.2729,-122.299,2019200220,77362.37,-191637.63,-71.24
925000.0,47.56100000000001,-122.153,7856610160,794370.42,-130629.58,-14.12
808250.0,47.6419,-122.368,2425039017,492662.57,-315587.43,-39.05
181100.0,47.4217,-122.333,7893206095,226837.61,45737.61,25.26
680000.0,47.6354,-122.346,6926700660,613549.1,-66450.9,-9.77
796000.0,47.6769,-122.328,9528104910,602154.49,-193845.51,-24.35
1050000.0,47.6265,-122.295,5332200515,829464.18,-220535.82,-21.0
585000.0,47.5675,-122.016,3904910650,498401.69,-86598.31,-14.8
503500.0,47.6513,-122.386,2770601462,401156.11,-102343.89,-20.33
925000.0,47.6142,-122.284,5350200870,1027339.86,102339.86,11.06
301000.0,47.3663,-122.122,2799800710,435053.1,134053.1,44.54
2450000.0,47.5722,-122.236,3623500205,1835795.55,-614204.45,-25.07
975000.0,47.643,-122.37,7871500280,815660.94,-159339.06,-16.34
782500.0,47.6325,-122.064,8651611640,925420.65,142920.65,18.26
423500.0,47.5644,-122.29,1604601225,694641.15,271141.15,64.02
405000.0,47.3996,-122.32,2011400710,419855.17,14855.17,3.67
700000.0,47.7061,-122.307,8901500178,576498.73,-123501.27,-17.64
370000.0,47.6996,-122.308,3265300410,592611.35,222611.35,60.17
825000.0,47.7003,-122.285,5418500800,683326.03,-141673.97,-17.17
1900000.0,47.5395,-122.21,3024059014,1414028.98,-485971.02,-25.58
580000.0,47.5748,-122.031,7525410090,540741.64,-39258.36,-6.77
277000.0,47.5162,-122.261,223049087,382301.85,105301.85,38.02
643002.0,47.6807,-122.364,4172100240,512530.46,-130471.54,-20.29
269950.0,47.3754,-122.277,1440700190,409650.61,139700.61,51.75
438900.0,47.3535,-122.026,2781100080,543222.14,104322.14,23.77
270000.0,47.4968,-122.302,3092000030,413923.37,143923.37,53.3
290000.0,47.7202,-122.339,3034200885,413828.01,123828.01,42.7
550000.0,47.537,-122.375,8122100355,396419.4,-153580.6,-27.92
110000.0,47.4997,-122.317,3361401011,163650.53,53650.53,48.77
650000.0,47.565,-122.274,4154303125,665628.94,15628.94,2.4
156000.0,47.3012,-122.218,7116500705,79363.29,-76636.71,-49.13
324000.0,47.7373,-121.966,7326200110,327034.63,3034.63,0.94
435000.0,47.592,-122.307,7132300695,389423.2,-45576.8,-10.48
641000.0,47.6786,-122.368,2028700360,519948.82,-121051.18,-18.88
190000.0,47.3231,-122.215,6131600240,102878.2,-87121.8,-45.85
710000.0,47.5879,-121.973,8691300500,752660.31,42660.31,6.01
1110000.0,47.6467,-122.118,5556300116,931611.59,-178388.41,-16.07
780000.0,47.6835,-122.308,7266200085,572089.76,-207910.24,-26.66
544000.0,47.5451,-121.882,7853270630,444166.33,-99833.67,-18.35
875000.0,47.6838,-122.332,2883201055,674946.75,-200053.25,-22.86
658500.0,47.6456,-122.387,6681500205,429990.93,-228509.07,-34.7
400000.0,47.2953,-122.097,1921069068,123873.11,-276126.89,-69.03
359000.0,47.7052,-122.343,8730000270,477302.89,118302.89,32.95
250000.0,47.381,-122.299,3601800580,421195.62,171195.62,68.48
545000.0,47.5643,-122.38,952005000,695508.56,150508.56,27.62
200000.0,47.3101,-122.212,1821059067,102044.61,-97955.39,-48.98
463000.0,47.732,-122.197,3764650050,563429.46,100429.46,21.69
2200000.0,47.5463,-122.397,7935000280,1977557.46,-222442.54,-10.11
635000.0,47.6343,-121.969,6979910120,528129.68,-106870.32,-16.83
430000.0,47.7709,-122.294,1155620190,381849.13,-48150.87,-11.2
520000.0,47.5476,-122.012,3629800100,559790.97,39790.97,7.65
269900.0,47.4556,-122.157,2473251090,363016.26,93116.26,34.5
631500.0,47.5778,-122.382,513000585,706276.18,74776.18,11.84
355000.0,47.5309,-121.876,7852060370,247437.03,-107562.97,-30.3
410000.0,47.7345,-121.967,3782760080,500379.69,90379.69,22.04
753888.0,47.5439,-121.996,3629921160,798775.83,44887.83,5.95
629000.0,47.56100000000001,-122.126,1687910200,560816.2,-68183.8,-10.84
500000.0,47.6526,-122.349,1972201305,495515.35,-4484.65,-0.9
688500.0,47.6748,-122.352,9523102447,820487.85,131987.85,19.17
475000.0,47.6869,-122.317,8604900017,597011.72,122011.72,25.69
369000.0,47.6904,-122.393,4442800008,430045.01,61045.01,16.54
348000.0,47.3564,-122.198,3022900070,354340.64,6340.64,1.82
642860.0,47.7685,-122.159,9520900230,557216.92,-85643.08,-13.32
200500.0,47.3713,-122.186,8133300050,276155.47,75655.47,37.73
1050000.0,47.5396,-121.995,3630200780,988861.9,-61138.1,-5.82
240000.0,47.4741,-122.015,1523069095,321619.52,81619.52,34.01
426000.0,47.7,-122.129,7202000220,424973.25,-1026.75,-0.24
289000.0,47.5324,-122.387,9238901020,319383.81,30383.81,10.51
1130000.0,47.6651,-122.19,1692900110,1151871.23,21871.23,1.94
1460000.0,47.5885,-121.939,98300230,1048050.53,-411949.47,-28.22
700000.0,47.68600000000001,-122.391,4443800765,489641.69,-210358.31,-30.05
570000.0,47.7,-122.172,2423020090,443773.75,-126226.25,-22.14
303210.0,47.2577,-122.198,7299600180,153198.59,-150011.41,-49.47
330000.0,47.184,-121.959,2468800040,245409.92,-84590.08,-25.63
365500.0,47.4511,-122.119,9558010190,435683.84,70183.84,19.2
280000.0,47.4469,-121.775,9407001620,182144.79,-97855.21,-34.95
178000.0,47.3632,-122.174,1330280100,244748.58,66748.58,37.5
313000.0,47.6967,-122.342,3126049439,454389.93,141389.93,45.17
229050.0,47.5375,-122.391,4322200105,126940.61,-102109.39,-44.58
302000.0,47.3774,-122.225,9183701085,351118.39,49118.39,16.26
290300.0,47.4836,-122.204,1723059050,316503.33,26203.33,9.03
325000.0,47.3701,-122.107,2621760350,354804.99,29804.99,9.17
1090000.0,47.5694,-122.283,8121100715,1181336.87,91336.87,8.38
150000.0,47.422,-122.066,522069097,323822.73,173822.73,115.88
1010000.0,47.658,-122.396,7010700308,861664.05,-148335.95,-14.69
449000.0,47.5182,-122.207,3342100995,502230.68,53230.68,11.86
465000.0,47.6839,-122.361,7519000225,432227.2,-32772.8,-7.05
935000.0,47.69300000000001,-121.868,4045500625,937056.9,2056.9,0.22
394950.0,47.6912,-122.313,5100400241,380126.46,-14823.54,-3.75
291000.0,47.4906,-122.309,985001321,239246.34,-51753.66,-17.78
189000.0,47.3025,-122.224,7116500125,91860.07,-97139.93,-51.4
414999.0,47.7166,-122.201,2570300130,488870.19,73871.19,17.8
509900.0,47.56399999999999,-122.093,8648900060,481583.33,-28316.67,-5.55
545000.0,47.567,-122.012,3904920390,493416.52,-51583.48,-9.46
950000.0,47.5172,-122.208,3342100569,934473.44,-15526.56,-1.63
440000.0,47.7079,-122.358,1139000135,399787.91,-40212.09,-9.14
863000.0,47.6803,-122.313,6814600150,633674.47,-229325.53,-26.57
405000.0,47.5537,-121.998,3630080190,311002.8,-93997.2,-23.21
420000.0,47.7135,-122.315,2044500142,454437.46,34437.46,8.2
318500.0,47.4562,-122.158,2473250850,366098.79,47598.79,14.94
699000.0,47.6735,-122.401,6908200006,649278.48,-49721.52,-7.11
360000.0,47.367,-122.115,9478500770,352636.55,-7363.45,-2.05
425000.0,47.5406,-121.889,7853301220,340168.88,-84831.12,-19.96
270000.0,47.2994,-122.37,2557000540,219251.75,-50748.25,-18.8
558000.0,47.7196,-122.022,8682291680,463708.68,-94291.32,-16.9
441000.0,47.6726,-122.32,825049073,519018.88,78018.88,17.69
740000.0,47.6869,-122.126,8860310120,732115.12,-7884.88,-1.07
415000.0,47.7695,-122.35,7283900185,418730.91,3730.91,0.9
449500.0,47.4116,-122.029,1022069058,372987.3,-76512.7,-17.02
225000.0,47.6374,-122.007,2325069054,470299.63,245299.63,109.02
247000.0,47.5097,-122.181,7227800055,314247.66,67247.66,27.23
725000.0,47.4872,-122.066,7880020030,845430.64,120430.64,16.61
604000.0,47.5208,-122.393,2487200875,393325.51,-210674.49,-34.88
544000.0,47.6781,-122.375,3052700460,459315.08,-84684.92,-15.57
152900.0,47.2107,-121.99,2420069017,69864.62,-83035.38,-54.31
700000.0,47.7425,-122.289,8026700105,765072.15,65072.15,9.3
360000.0,47.4779,-122.161,3211100730,393771.04,33771.04,9.38
207000.0,47.5298,-122.271,2658000215,358096.26,151096.26,72.99
218000.0,47.2974,-122.366,3306200240,17712.81,-200287.19,-91.87
700000.0,47.6663,-122.332,9550200370,525652.98,-174347.02,-24.91
445000.0,47.535,-122.348,2115200160,538252.44,93252.44,20.96
389000.0,47.3733,-122.432,2817100430,175299.54,-213700.46,-54.94
330000.0,47.7607,-122.329,6139100076,335672.05,5672.05,1.72
995000.0,47.5377,-122.221,8565900160,751775.43,-243224.57,-24.44
255000.0,47.5272,-122.322,7883604095,473378.2,218378.2,85.64
235000.0,47.4333,-122.212,8083350070,337966.32,102966.32,43.82
585000.0,47.6589,-122.397,7010700580,470195.58,-114804.42,-19.62
290000.0,47.4619,-122.187,7399300850,387475.15,97475.15,33.61
280000.0,47.7657,-122.321,3235100110,219575.44,-60424.56,-21.58
480000.0,47.6544,-122.134,8087800480,539624.18,59624.18,12.42
174950.0,47.3832,-122.3,3603000410,43448.19,-131501.81,-75.17
730000.0,47.7075,-122.102,2568200120,744967.8,14967.8,2.05
427000.0,47.6075,-122.134,4039300810,456675.29,29675.29,6.95
535365.0,47.4836,-121.769,1442870050,408896.64,-126468.36,-23.62
385000.0,47.4745,-122.141,1072000400,556165.03,171165.03,44.46
900000.0,47.6318,-122.369,6169901095,934637.04,34637.04,3.85
185000.0,47.4969,-122.3,923049400,376057.24,191057.24,103.27
450500.0,47.6866,-122.372,4305700086,422456.32,-28043.68,-6.23
861990.0,47.6848,-122.016,7203220400,830695.88,-31294.12,-3.63
532000.0,47.566,-122.29,1604601804,685421.13,153421.13,28.84
329932.0,47.7112,-122.357,8910500150,418754.6,88822.6,26.92
921000.0,47.6044,-122.284,9829200495,1132333.23,211333.23,22.95
3300000.0,47.6083,-122.11,3625059152,1704681.57,-1595318.43,-48.34
429950.0,47.7041,-122.355,6145601000,402874.61,-27075.39,-6.3
507250.0,47.5389,-121.881,7852140040,411997.9,-95252.1,-18.78
530000.0,47.5976,-122.118,7375300160,603573.43,73573.43,13.88
249000.0,47.367,-122.181,7697920450,250513.37,1513.37,0.61
736000.0,47.6569,-122.123,1425059180,855439.92,119439.92,16.23
285000.0,47.4973,-122.347,723049333,302954.39,17954.39,6.3
568500.0,47.5212,-122.192,7954300460,763148.44,194648.44,34.24
1210000.0,47.6834,-122.2,1245003220,898824.75,-311175.25,-25.72
304000.0,47.7314,-122.237,3211200290,421372.01,117372.01,38.61
739000.0,47.5135,-122.2,2296500131,1419701.52,680701.52,92.11
585000.0,47.4919,-122.365,7784400070,694400.0,109400.0,18.7
510000.0,47.725,-122.172,8663310050,587822.25,77822.25,15.26
572000.0,47.5539,-122.267,1231001130,572826.86,826.86,0.14
569000.0,47.6695,-122.05,2621700010,555595.39,-13404.61,-2.36
360000.0,47.3505,-122.027,2781250110,362018.8,2018.8,0.56
845000.0,47.6911,-122.054,9290850760,832461.36,-12538.64,-1.48
235000.0,47.3871,-122.224,3831000010,283199.01,48199.01,20.51
278500.0,47.3163,-122.188,8078520310,115664.46,-162835.54,-58.47
540000.0,47.7219,-122.102,3396200300,535161.24,-4838.76,-0.9
210490.0,47.3066,-122.371,8945200830,-54130.34,-264620.34,-125.72
1110000.0,47.6482,-122.409,1070000180,926290.88,-183709.12,-16.55
398000.0,47.7663,-122.201,526059199,513595.25,115595.25,29.04
395000.0,47.762,-122.362,9265700005,295657.04,-99342.96,-25.15
245000.0,47.3009,-122.375,9542800610,119369.5,-125630.5,-51.28
677790.0,47.6892,-122.389,4449800480,612430.56,-65359.44,-9.64
267000.0,47.2988,-122.374,9542801310,253902.17,-13097.83,-4.91
415000.0,47.694,-122.346,9266700175,470357.52,55357.52,13.34
432000.0,47.7633,-122.243,2780700050,500375.62,68375.62,15.83
229000.0,47.5558,-122.363,1773100765,351240.09,122240.09,53.38
267500.0,47.5506,-122.29,3445400120,388774.44,121274.44,45.34
930000.0,47.6702,-122.142,2869200110,1004255.83,74255.83,7.98
269000.0,47.7547,-122.323,6163901033,240408.07,-28591.93,-10.63
285000.0,47.4043,-122.185,5412200180,358947.93,73947.93,25.95
425000.0,47.5513,-122.264,3723800415,483078.81,58078.81,13.67
425000.0,47.515,-122.162,323059103,462205.66,37205.66,8.75
1250000.0,47.559,-122.162,2600010220,1432544.31,182544.31,14.6
360000.0,47.758,-122.325,1115100119,359109.24,-890.76,-0.25
132500.0,47.32,-122.278,4014400237,94889.41,-37610.59,-28.39
420000.0,47.7566,-122.363,6190700284,480831.03,60831.03,14.48
317000.0,47.7257,-122.329,6414600321,373036.39,56036.39,17.68
379950.0,47.3756,-122.044,4123810210,387659.68,7709.68,2.03
227000.0,47.3112,-122.378,8731950910,209754.79,-17245.21,-7.6
247500.0,47.2974,-122.372,5360200054,45526.67,-201973.33,-81.61
425000.0,47.7342,-122.202,6204200560,436329.56,11329.56,2.67
622500.0,47.5714,-122.376,9285800020,575651.2,-46848.8,-7.53
148226.0,47.3123,-122.186,1682000350,143802.76,-4423.24,-2.98
850000.0,47.6044,-122.168,3260000300,765675.97,-84324.03,-9.92
760000.0,47.6797,-122.357,2877104196,662147.85,-97852.15,-12.88
370000.0,47.3515,-122.164,1152700020,495849.43,125849.43,34.01
238000.0,47.5445,-122.376,3277801646,290800.57,52800.57,22.19
417000.0,47.5893,-122.299,272000220,463833.5,46833.5,11.23
1010000.0,47.5457,-122.153,2600140370,822410.36,-187589.64,-18.57
3650000.0,47.6515,-122.277,4217402115,2334255.93,-1315744.07,-36.05
261490.0,47.4894,-122.188,9476200485,478352.27,216862.27,82.93
275000.0,47.4058,-122.177,2796100680,319138.32,44138.32,16.05
395000.0,47.6508,-122.383,2771102158,459655.14,64655.14,16.37
844000.0,47.5602,-122.39,8149600065,893129.44,49129.44,5.82
451000.0,47.5267,-122.032,2354300910,263437.57,-187562.43,-41.59
524000.0,47.6682,-122.361,1383800015,484193.04,-39806.96,-7.6
421500.0,47.3682,-122.178,5714200140,555194.97,133694.97,31.72
300000.0,47.2741,-122.337,1139600270,208035.11,-91964.89,-30.65
260000.0,47.462,-122.193,7399300120,365833.24,105833.24,40.71
450000.0,47.5659,-122.117,2211700160,576601.08,126601.08,28.13
287500.0,47.4891,-122.263,182000350,451527.27,164027.27,57.05
292000.0,47.2842,-122.198,7349650120,255725.67,-36274.33,-12.42
430000.0,47.6819,-122.287,5430300171,482755.22,52755.22,12.27
268500.0,47.4025,-122.176,5419800510,291351.65,22851.65,8.51
435000.0,47.4341,-122.16,1473120230,667420.87,232420.87,53.43
505000.0,47.6884,-122.128,8860310240,670185.67,165185.67,32.71
405000.0,47.721,-122.182,3876100310,459090.46,54090.46,13.36
465000.0,47.6256,-122.059,7715801040,398058.5,-66941.5,-14.4
269950.0,47.3599,-122.188,3876760430,229592.43,-40357.57,-14.95
545000.0,47.5754,-122.15,2205700180,576647.47,31647.47,5.81
300000.0,47.4883,-122.191,9476700135,512926.23,212926.23,70.98
725000.0,47.5544,-121.99,3629980080,648669.63,-76330.37,-10.53
580000.0,47.5893,-122.019,4221250100,486458.36,-93541.64,-16.13
310000.0,47.5015,-122.124,5231000060,374965.89,64965.89,20.96
246500.0,47.2118,-121.983,1565900070,59333.92,-187166.08,-75.93
239950.0,47.487,-122.282,7340600827,268646.62,28696.62,11.96
256500.0,47.3735,-122.43,2817100900,41336.88,-215163.12,-83.88
408474.0,47.5342,-121.841,3862710180,312400.36,-96073.64,-23.52
501000.0,47.6831,-122.373,461002025,475498.91,-25501.09,-5.09
715000.0,47.6134,-122.042,5411600180,737015.34,22015.34,3.08
287450.0,47.5123,-122.358,7211400576,303884.9,16434.9,5.72
417500.0,47.7767,-122.365,126039323,348695.45,-68804.55,-16.48
351000.0,47.3982,-122.171,6752600130,374234.19,23234.19,6.62
440000.0,47.7285,-122.24,3580900200,471127.34,31127.34,7.07
368000.0,47.3708,-122.049,2822069078,311663.58,-56336.42,-15.31
735000.0,47.6239,-122.144,1277000240,884284.15,149284.15,20.31
670000.0,47.6265,-122.323,9831200221,634823.55,-35176.45,-5.25
577000.0,47.6551,-122.394,6917700650,461913.96,-115086.04,-19.95
1330000.0,47.6308,-122.369,6169900545,851962.74,-478037.26,-35.94
1700000.0,47.5749,-122.214,2655500241,1644024.76,-55975.24,-3.29
850000.0,47.5418,-122.136,2597530070,902517.22,52517.22,6.18
460000.0,47.5429,-122.188,6705120100,558573.36,98573.36,21.43
819000.0,47.4376,-122.456,3223039109,681604.24,-137395.76,-16.78
458000.0,47.7709,-122.212,626059276,714336.09,256336.09,55.97
235000.0,47.5662,-121.886,6730700260,198860.17,-36139.83,-15.38
500000.0,47.5116,-122.144,5230000020,748532.92,248532.92,49.71
410000.0,47.5719,-122.39,7905200205,398283.97,-11716.03,-2.86
500000.0,47.5773,-122.409,2997800015,381179.25,-118820.75,-23.76
430000.0,47.5317,-121.853,7852180340,330908.98,-99091.02,-23.04
950000.0,47.6213,-122.2,8725950170,808180.45,-141819.55,-14.93
815000.0,47.6829,-122.4,8082400136,766982.52,-48017.48,-5.89
859950.0,47.6236,-122.023,2862500070,734076.22,-125873.78,-14.64
868500.0,47.53100000000001,-122.204,518500210,848514.58,-19985.42,-2.3
810000.0,47.6398,-122.05,6817850050,1219082.18,409082.18,50.5
352000.0,47.5364,-122.365,9206950200,402226.03,50226.03,14.27
180000.0,47.1955,-121.999,7575500040,-53390.47,-233390.47,-129.66
896000.0,47.7268,-122.05,4054530210,1022534.53,126534.53,14.12
339900.0,47.5234,-122.177,3268000040,440756.86,100856.86,29.67
430000.0,47.5478,-121.999,3630000130,378023.69,-51976.31,-12.09
650000.0,47.3608,-121.97,3022079080,621965.37,-28034.63,-4.31
243000.0,47.4135,-122.18,1355000220,352053.95,109053.95,44.88
1050000.0,47.6394,-122.321,6742700210,1142218.53,92218.53,8.78
450000.0,47.5934,-122.308,7132300550,475005.34,25005.34,5.56
1740000.0,47.6565,-122.278,4219400520,1276389.38,-463610.62,-26.64
114975.0,47.506,-122.335,892000025,251297.22,136322.22,118.57
930000.0,47.6636,-122.326,8818400450,789225.48,-140774.52,-15.14
1210000.0,47.6836,-122.208,1489300215,954731.0,-255269.0,-21.1
225000.0,47.4565,-122.181,1423400225,272200.18,47200.18,20.98
685000.0,47.5833,-122.219,647100096,692993.29,7993.29,1.17
294950.0,47.7277,-122.308,6855700080,292958.91,-1991.09,-0.68
357000.0,47.419,-122.206,5252000200,541911.46,184911.46,51.8
751000.0,47.701,-122.111,2871000400,816885.21,65885.21,8.77
309000.0,47.5569,-122.363,1773100980,366247.81,57247.81,18.53
439000.0,47.4508,-122.352,6116500366,378067.69,-60932.31,-13.88
603000.0,47.4283,-122.102,7702600949,811921.23,208921.23,34.65
562000.0,47.6698,-122.325,3856904560,478619.0,-83381.0,-14.84
265000.0,47.5466,-122.304,2861100030,369241.72,104241.72,39.34
401000.0,47.7495,-122.327,5727500301,439496.88,38496.88,9.6
325000.0,47.7431,-122.073,1771000540,384541.75,59541.75,18.32
298000.0,47.3687,-122.126,7569450090,416055.17,118055.17,39.62
620000.0,47.6773,-122.372,5200100105,519395.89,-100604.11,-16.23
423000.0,47.5233,-122.378,2491200050,396401.89,-26598.11,-6.29
436110.0,47.6965,-122.342,9267200226,532009.84,95899.84,21.99
379950.0,47.7279,-122.192,9477201470,398487.91,18537.91,4.88
163000.0,47.4051,-122.296,2724201202,197771.29,34771.29,21.33
1190000.0,47.6227,-122.207,5536100020,777786.02,-412213.98,-34.64
219950.0,47.3146,-122.351,104510440,80039.62,-139910.38,-63.61
950000.0,47.5617,-122.134,3224500240,1070447.77,120447.77,12.68
345000.0,47.6968,-122.34,4310702918,485530.61,140530.61,40.73
289950.0,47.3357,-122.172,806800420,218518.55,-71431.45,-24.64
445000.0,47.5245,-121.926,6893300295,421805.19,-23194.81,-5.21
180000.0,47.5177,-122.353,3298701070,369510.85,189510.85,105.28
445800.0,47.7765,-122.276,4017110020,468993.32,23193.32,5.2
410000.0,47.7574,-122.343,726049213,417610.77,7610.77,1.86
270000.0,47.6928,-122.337,1997200060,492901.47,222901.47,82.56
422250.0,47.7733,-122.324,3971700903,480816.97,58566.97,13.87
435000.0,47.5668,-122.005,8665050450,434790.49,-209.51,-0.05
205000.0,47.2891,-122.221,1450100420,72466.22,-132533.78,-64.65
195000.0,47.1958,-122.003,5437820020,62397.02,-132602.98,-68.0
315000.0,47.4068,-122.18,1862900360,353528.59,38528.59,12.23
140000.0,47.4659,-122.189,7399100210,402151.78,262151.78,187.25
705000.0,47.3844,-122.438,2122039094,671049.64,-33950.36,-4.82
460000.0,47.5234,-122.38,2491200330,344224.12,-115775.88,-25.17
415000.0,47.7538,-122.312,5589300145,385208.8,-29791.2,-7.18
320600.0,47.4564,-122.352,2968801075,167533.4,-153066.6,-47.74
751000.0,47.6006,-121.978,8691370500,667433.77,-83566.23,-11.13
735000.0,47.3443,-122.327,7203600560,640548.4,-94451.6,-12.85
756100.0,47.5394,-122.379,2489200230,592439.81,-163660.19,-21.65
375900.0,47.3222,-122.362,1789800020,265741.17,-110158.83,-29.31
1170000.0,47.6805,-122.346,3362401611,992381.47,-177618.53,-15.18
356999.0,47.5998,-122.311,3319500628,458223.91,101224.91,28.35
475000.0,47.5099,-122.26,9218400050,696160.31,221160.31,46.56
268643.0,47.4362,-122.187,9117000170,365888.16,97245.16,36.2
315000.0,47.5096,-122.178,7227800110,279970.97,-35029.03,-11.12
785000.0,47.6954,-122.022,7203120020,804493.92,19493.92,2.48
270000.0,47.7276,-122.312,4427100025,472421.31,202421.31,74.97
170000.0,47.4502,-122.277,5379804470,299759.4,129759.4,76.33
723000.0,47.5509,-122.16,2600100370,717794.94,-5205.06,-0.72
685000.0,47.7039,-122.36,3442000127,614522.89,-70477.11,-10.29
290000.0,47.33600000000001,-122.319,5151600340,307724.4,17724.4,6.11
5110000.0,47.6767,-122.211,1247600105,3453696.83,-1656303.17,-32.41
357186.0,47.5519,-121.999,8929000170,351884.41,-5301.59,-1.48
220000.0,47.4965,-122.176,7809200055,353709.95,133709.95,60.78
539000.0,47.6543,-122.347,1931300425,652770.86,113770.86,21.11
302000.0,47.5526,-122.287,2341800195,380442.86,78442.86,25.97
240000.0,47.4431,-121.765,9407000230,201375.47,-38624.53,-16.09
185000.0,47.4217,-122.317,7686202635,133883.75,-51116.25,-27.63
330000.0,47.7419,-122.181,7016310030,490032.0,160032.0,48.49
988000.0,47.7205,-122.127,2944010240,1236840.76,248840.76,25.19
390000.0,47.4422,-122.151,1402000210,562982.43,172982.43,44.35
199000.0,47.352,-122.058,2215901840,254095.98,55095.98,27.69
363750.0,47.3484,-122.505,3522029031,283957.52,-79792.48,-21.94
500000.0,47.7109,-122.323,2926049400,433439.28,-66560.72,-13.31
550000.0,47.5683,-122.285,8121100015,434071.96,-115928.04,-21.08
630000.0,47.6666,-122.367,2768300655,540148.74,-89851.26,-14.26
311500.0,47.3877,-122.171,9485300010,387641.04,76141.04,24.44
800000.0,47.4626,-121.739,2323089065,675906.85,-124093.15,-15.51
535000.0,47.4688,-122.124,7806500290,692299.73,157299.73,29.4
368000.0,47.3941,-122.307,6790600790,291957.38,-76042.62,-20.66
126000.0,47.4865,-122.197,1352300990,226316.8,100316.8,79.62
1800000.0,47.5016,-121.905,323079101,1931867.56,131867.56,7.33
835000.0,47.5938,-122.048,424069206,828163.63,-6836.37,-0.82
184500.0,47.5056,-122.27,3352400004,256527.05,72027.05,39.04
436800.0,47.7056,-122.162,8126300610,630967.17,194167.17,44.45
2070000.0,47.6289,-122.205,9533100285,1383799.02,-686200.98,-33.15
299000.0,47.5151,-122.372,7454000875,307868.85,8868.85,2.97
599950.0,47.2498,-122.003,220069106,775498.25,175548.25,29.26
215000.0,47.3632,-122.087,8651401720,219742.95,4742.95,2.21
729000.0,47.6192,-122.319,6003500995,659242.22,-69757.78,-9.57
375000.0,47.7162,-122.36,7308900445,561570.8,186570.8,49.75
620000.0,47.6856,-122.168,7424600020,605322.42,-14677.58,-2.37
151000.0,47.5323,-122.347,2114700090,127221.28,-23778.72,-15.75
394000.0,47.5212,-122.371,4365200620,318453.66,-75546.34,-19.17
305000.0,47.4441,-122.125,1328320800,443355.23,138355.23,45.36
562000.0,47.6536,-122.356,1972200326,518715.81,-43284.19,-7.7
190000.0,47.2649,-122.242,3354400545,112624.28,-77375.72,-40.72
455000.0,47.6827,-122.298,9214400120,458397.84,3397.84,0.75
235000.0,47.5158,-122.267,7131300047,482917.89,247917.89,105.5
389000.0,47.7677,-122.163,9238450160,357952.74,-31047.26,-7.98
520000.0,47.4911,-122.224,7961500010,423567.43,-96432.57,-18.54
299000.0,47.4936,-122.102,5230300210,352773.58,53773.58,17.98
390000.0,47.4678,-122.363,2731600045,406034.94,16034.94,4.11
530000.0,47.6694,-122.279,3179100480,523395.73,-6604.27,-1.25
265000.0,47.5677,-122.29,1604602195,412763.79,147763.79,55.76
625000.0,47.6821,-122.196,3885805640,565589.58,-59410.42,-9.51
782900.0,47.5311,-122.073,8562790150,848532.65,65632.65,8.38
203700.0,47.3187,-122.171,7137900490,139370.03,-64329.97,-31.58
670000.0,47.6706,-122.265,714000155,524779.99,-145220.01,-21.67
265000.0,47.6968,-122.025,7203101610,310058.28,45058.28,17.0
899100.0,47.5416,-122.231,5452800495,650703.97,-248396.03,-27.63
307500.0,47.7133,-122.213,1138000410,402805.69,95305.69,30.99
780000.0,47.6302,-122.069,7525900050,470117.81,-309882.19,-39.73
467000.0,47.7564,-122.144,7214810350,502610.52,35610.52,7.63
835000.0,47.6056,-122.311,7942601435,1247808.02,412808.02,49.44
620000.0,47.7238,-122.165,2126059139,777973.69,157973.69,25.48
226950.0,47.4868,-122.33,1446401220,205186.26,-21763.74,-9.59
345000.0,47.6886,-121.911,4046700210,356856.62,11856.62,3.44
485000.0,47.6924,-122.321,5100401411,433943.34,-51056.66,-10.53
450000.0,47.53100000000001,-121.854,7852180430,271125.62,-178874.38,-39.75
580000.0,47.5399,-122.181,6073240060,784982.59,204982.59,35.34
400000.0,47.5345,-122.069,291310100,433455.32,33455.32,8.36
267500.0,47.4198,-122.158,3705000070,354847.88,87347.88,32.65
279950.0,47.3109,-122.229,492000532,399371.08,119421.08,42.66
338000.0,47.3473,-122.302,3260810110,310765.98,-27234.02,-8.06
701000.0,47.5223,-122.156,3260350090,758402.6,57402.6,8.19
370000.0,47.7471,-122.324,7301300215,362005.0,-7995.0,-2.16
275000.0,47.3363,-122.215,7338220200,300514.55,25514.55,9.28
310000.0,47.7155,-122.315,2044500213,459618.6,149618.6,48.26
485000.0,47.6683,-122.355,9523100712,524477.94,39477.94,8.14
618000.0,47.6644,-122.324,8818900300,529757.23,-88242.77,-14.28
245000.0,47.31100000000001,-122.227,492000475,282840.02,37840.02,15.44
550000.0,47.5728,-122.304,1596600024,617065.39,67065.39,12.19
472000.0,47.6104,-122.113,8857320130,700113.9,228113.9,48.33
285950.0,47.5033,-122.331,795000405,255066.23,-30883.77,-10.8
259000.0,47.473,-122.3,216500040,561993.61,302993.61,116.99
915000.0,47.6226,-122.205,5078400090,754080.49,-160919.51,-17.59
935000.0,47.6133,-122.306,7228501745,557292.77,-377707.23,-40.4
180000.0,47.3043,-122.216,3915500045,105382.51,-74617.49,-41.45
247200.0,47.2782,-122.212,3021059197,197437.11,-49762.89,-20.13
365000.0,47.7443,-122.327,6159400060,374167.6,9167.6,2.51
1240000.0,47.6579,-122.277,7613700950,961193.03,-278806.97,-22.48
795000.0,47.6422,-122.361,7012200215,631572.46,-163427.54,-20.56
750000.0,47.6154,-122.115,4038700680,530139.74,-219860.26,-29.31
216000.0,47.3298,-122.297,421049116,151454.75,-64545.25,-29.88
186000.0,47.299,-122.228,3141600210,-80605.02,-266605.02,-143.34
850000.0,47.5133,-122.031,8163300320,795022.68,-54977.32,-6.47
505000.0,47.5659,-122.389,194000565,578316.51,73316.51,14.52
655000.0,47.3554,-121.986,3622069114,691711.79,36711.79,5.6
577000.0,47.5671,-122.391,3010300240,437095.57,-139904.43,-24.25
649000.0,47.6359,-121.94,2025079045,1080597.43,431597.43,66.5
570000.0,47.574,-122.385,4229400015,394536.19,-175463.81,-30.78
282500.0,47.4991,-122.164,268500020,401611.93,119111.93,42.16
1680000.0,47.7265,-122.281,1455100355,1327009.29,-352990.71,-21.01
294000.0,47.731,-122.342,6450304260,397185.63,103185.63,35.1
866800.0,47.6772,-122.399,486000085,894555.17,27755.17,3.2
310000.0,47.6846,-122.346,3797001920,423978.09,113978.09,36.77
320000.0,47.4456,-121.773,9407001340,222493.8,-97506.2,-30.47
457000.0,47.7038,-122.317,5101408678,537915.24,80915.24,17.71
375000.0,47.3515,-122.134,3166900200,470019.64,95019.64,25.34
762000.0,47.6629,-122.329,510000050,733559.12,-28440.88,-3.73
1900000.0,47.593,-122.291,357000135,1143718.49,-756281.51,-39.8
383000.0,47.6788,-122.162,7436900045,495647.99,112647.99,29.41
640000.0,47.6045,-122.307,7942601895,617525.1,-22474.9,-3.51
1160000.0,47.6439,-122.302,8805900065,1452386.03,292386.03,25.21
500000.0,47.6809,-122.119,7105600085,584511.02,84511.02,16.9
520000.0,47.7717,-122.236,3818400110,624487.85,104487.85,20.09
360000.0,47.5338,-122.381,2492200956,367003.32,7003.32,1.95
835000.0,47.6893,-122.348,6431000206,674526.16,-160473.84,-19.22
150000.0,47.4771,-122.322,1723049567,275833.56,125833.56,83.89
804000.0,47.5628,-122.114,8965500030,765703.59,-38296.41,-4.76
380000.0,47.7205,-121.93,2026079055,381032.67,1032.67,0.27
210000.0,47.2987,-122.366,3306200010,87275.59,-122724.41,-58.44
298000.0,47.3455,-122.21,301401410,209826.98,-88173.02,-29.59
580000.0,47.5778,-122.389,8010100135,527741.38,-52258.62,-9.01
915000.0,47.6186,-122.288,9103000365,867776.56,-47223.44,-5.16
660000.0,47.6594,-122.355,8129700728,527245.99,-132754.01,-20.11
405000.0,47.7012,-122.166,6608500290,498421.41,93421.41,23.07
245000.0,47.3815,-122.228,1922059102,333264.35,88264.35,36.03
587000.0,47.523,-121.877,7853310380,643513.22,56513.22,9.63
515000.0,47.3559,-122.0,5104532030,701840.42,186840.42,36.28
300000.0,47.5296,-122.351,2113701080,403538.19,103538.19,34.51
438000.0,47.5446,-122.385,5637500070,398336.75,-39663.25,-9.06
610000.0,47.2909,-122.342,1321720170,733411.99,123411.99,20.23
455000.0,47.6909,-122.381,3300701575,336009.56,-118990.44,-26.15
230000.0,47.4947,-122.185,7227501645,315123.15,85123.15,37.01
329900.0,47.3452,-122.209,301401610,284785.77,-45114.23,-13.68
699000.0,47.5153,-122.256,7129302685,730111.96,31111.96,4.45
275000.0,47.2866,-122.217,1921059303,270875.47,-4124.53,-1.5
960000.0,47.5531,-122.119,4139440830,874625.02,-85374.98,-8.89
465000.0,47.7694,-122.367,1837010010,410149.28,-54850.72,-11.8
680000.0,47.6241,-122.305,8141200080,649383.13,-30616.87,-4.5
179950.0,47.4362,-122.286,1003400245,228965.4,49015.4,27.24
219000.0,47.2887,-122.299,2191600780,92648.8,-126351.2,-57.69
299950.0,47.3384,-122.164,321059091,234253.16,-65696.84,-21.9
201700.0,47.2956,-122.272,7585000110,105252.43,-96447.57,-47.82
588000.0,47.7004,-122.368,3626039299,551600.05,-36399.95,-6.19
359000.0,47.3207,-122.266,302000545,296953.39,-62046.61,-17.28
279000.0,47.7222,-122.305,4426600125,408486.35,129486.35,46.41
665000.0,47.6651,-122.144,7955040080,589799.56,-75200.44,-11.31
385000.0,47.6361,-122.368,7011201087,415236.59,30236.59,7.85
400000.0,47.2592,-122.228,3121059036,51921.43,-348078.57,-87.02
1450000.0,47.7183,-122.258,4055700030,1397791.34,-52208.66,-3.6
510000.0,47.6168,-122.303,7228500610,480874.08,-29125.92,-5.71
437000.0,47.6799,-122.375,461003251,433660.96,-3339.04,-0.76
242000.0,47.4451,-121.768,9407000600,125623.75,-116376.25,-48.09
265000.0,47.2906,-122.349,1321730470,275439.33,10439.33,3.94
1240000.0,47.5634,-122.156,7855300200,1200844.69,-39155.31,-3.16
994000.0,47.6496,-122.391,1193000280,880620.45,-113379.55,-11.41
800000.0,47.5865,-122.397,139000185,854223.02,54223.02,6.78
450000.0,47.7663,-122.228,126049169,509215.66,59215.66,13.16
485000.0,47.7282,-122.186,3288200470,535894.43,50894.43,10.49
499000.0,47.6457,-122.374,2770604346,519329.33,20329.33,4.07
300000.0,47.7608,-122.353,6713700025,344993.61,44993.61,15.0
328000.0,47.5303,-122.346,7972600450,382329.06,54329.06,16.56
675000.0,47.6417,-122.325,2902200915,615633.01,-59366.99,-8.8
585000.0,47.6854,-122.373,5075400150,567437.42,-17562.58,-3.0
560000.0,47.666,-122.178,7922750020,645534.61,85534.61,15.27
252500.0,47.49800000000001,-122.263,3352402236,407251.48,154751.48,61.29
400000.0,47.5709,-122.401,7007700030,343629.27,-56370.73,-14.09
307999.0,47.2091,-122.009,9432900180,253540.18,-54458.82,-17.68
1180000.0,47.5508,-122.192,3864000120,1252842.2,72842.2,6.17
645000.0,47.5559,-122.379,5166700055,480916.12,-164083.88,-25.44
418000.0,47.6994,-122.347,263000155,522997.95,104997.95,25.12
330000.0,47.5155,-122.189,3343901340,380161.84,50161.84,15.2
833000.0,47.7054,-122.107,9348700450,1318481.29,485481.29,58.28
815000.0,47.5434,-122.229,6669200370,769842.93,-45157.07,-5.54
272000.0,47.2642,-122.213,4137070030,197962.93,-74037.07,-27.22
430000.0,47.5654,-121.929,1624079057,316029.36,-113970.64,-26.5
775000.0,47.445,-122.347,7766200013,689703.12,-85296.88,-11.01
285000.0,47.3025,-122.067,8594400060,185252.34,-99747.66,-35.0
938000.0,47.5492,-122.119,4139430310,1087142.3,149142.3,15.9
712500.0,47.5892,-122.202,1561600025,603814.04,-108685.96,-15.25
845800.0,47.6524,-122.184,7501000080,1010505.81,164705.81,19.47
249500.0,47.2933,-122.195,7806210070,171246.97,-78253.03,-31.36
277000.0,47.4768,-122.206,7231501665,297114.32,20114.32,7.26
695000.0,47.6554,-122.333,9178600055,513692.67,-181307.33,-26.09
317000.0,47.3337,-122.26,6649250410,386515.6,69515.6,21.93
454280.0,47.5464,-121.999,3630020090,380664.18,-73615.82,-16.2
369950.0,47.7053,-122.342,8730000260,477331.5,107381.5,29.03
505000.0,47.6261,-122.296,5332200550,572143.41,67143.41,13.3
700000.0,47.6911,-122.103,3275850190,829641.26,129641.26,18.52
235000.0,47.285,-122.206,7889000125,201948.99,-33051.01,-14.06
318000.0,47.7601,-122.307,4024101434,296783.91,-21216.09,-6.67
435000.0,47.5305,-121.847,7853230590,282420.08,-152579.92,-35.08
375000.0,47.3737,-122.164,321030070,386618.99,11618.99,3.1
490000.0,47.5304,-122.055,5710500010,613406.94,123406.94,25.19
344000.0,47.1951,-122.01,2571910100,176787.51,-167212.49,-48.61
255000.0,47.386,-122.184,1608000120,471335.86,216335.86,84.84
415000.0,47.6575,-122.402,6821100246,320361.06,-94638.94,-22.8
500000.0,47.5929,-122.308,7132300525,498169.66,-1830.34,-0.37
450000.0,47.5529,-122.268,3731800055,402236.27,-47763.73,-10.61
1440000.0,47.6452,-122.317,2025049111,1268968.54,-171031.46,-11.88
406000.0,47.6805,-122.301,9215400075,432801.05,26801.05,6.6
218000.0,47.3021,-122.388,1421039067,59773.02,-158226.98,-72.58
432000.0,47.6606,-122.059,8807810110,323315.04,-108684.96,-25.16
599900.0,47.7725,-121.899,4047200300,381974.45,-217925.55,-36.33
457500.0,47.6803,-122.371,461004195,479592.75,22092.75,4.83
350000.0,47.3954,-122.184,3528400180,610208.8,260208.8,74.35
352750.0,47.5999,-122.3,1250200415,415492.51,62742.51,17.79
230000.0,47.3675,-122.11,8092500720,312409.86,82409.86,35.83
284200.0,47.3386,-122.272,8159620160,165801.18,-118398.82,-41.66
243500.0,47.2897,-122.372,2791500270,95432.56,-148067.44,-60.81
700000.0,47.6209,-122.302,9828702895,730955.49,30955.49,4.42
696000.0,47.6827,-122.31,9547205180,593283.5,-102716.5,-14.76
350000.0,47.2739,-122.293,5205000160,339499.75,-10500.25,-3.0
926300.0,47.6352,-122.358,4232900940,648175.32,-278124.68,-30.03
249500.0,47.4249,-122.178,8960200280,304441.66,54941.66,22.02
326989.0,47.3706,-122.017,255450400,369690.81,42701.81,13.06
558000.0,47.5153,-122.178,3449800010,843720.84,285720.84,51.2
898000.0,47.5539,-122.103,4139460290,994134.15,96134.15,10.71
247200.0,47.3664,-122.087,1796360470,237770.02,-9429.98,-3.81
419000.0,47.6525,-121.985,1427300120,373569.14,-45430.86,-10.84
495000.0,47.6764,-122.301,7169500130,538720.09,43720.09,8.83
770000.0,47.5593,-122.016,1150900060,818755.23,48755.23,6.33
367500.0,47.736,-122.231,4189800020,445551.7,78051.7,21.24
325000.0,47.3444,-122.327,7203600550,192800.26,-132199.74,-40.68
760000.0,47.688,-122.163,2619920030,885480.74,125480.74,16.51
320000.0,47.4457,-122.123,2473480780,442113.66,122113.66,38.16
825000.0,47.6939,-122.391,3526039193,739222.62,-85777.38,-10.4
288000.0,47.3669,-122.02,9542840730,217001.28,-70998.72,-24.65
695000.0,47.5405,-121.882,7852140170,491437.21,-203562.79,-29.29
810000.0,47.6498,-122.32,1962200145,817639.73,7639.73,0.94
750000.0,47.5855,-122.383,9151600106,649899.16,-100100.84,-13.35
225000.0,47.3516,-122.057,2215900930,329875.01,104875.01,46.61
464000.0,47.6049,-122.288,1947300115,560752.01,96752.01,20.85
730000.0,47.6813,-122.048,425069102,988161.66,258161.66,35.36
286800.0,47.4222,-122.193,8943600720,368194.18,81394.18,28.38
495000.0,47.2935,-122.108,2421059036,378757.72,-116242.28,-23.48
346000.0,47.4828,-122.344,1148000005,218845.35,-127154.65,-36.75
1000000.0,47.5488,-122.197,3343301910,1076290.24,76290.24,7.63
285000.0,47.459,-122.355,2968800660,150769.17,-134230.83,-47.1
325000.0,47.4999,-122.327,798000337,358245.37,33245.37,10.23
765000.0,47.6874,-122.214,856000255,517620.36,-247379.64,-32.34
435000.0,47.7247,-122.181,1839920050,475750.9,40750.9,9.37
795000.0,47.7429,-122.285,6744700900,1008418.02,213418.02,26.85
490000.0,47.3384,-122.34,1196002948,644798.44,154798.44,31.59
572115.0,47.3559,-122.023,3744000100,647216.97,75101.97,13.13
825000.0,47.6188,-122.285,1954700615,852179.55,27179.55,3.29
490000.0,47.5931,-122.158,7811220070,639169.7,149169.7,30.44
441000.0,47.6927,-121.92,4046500160,474643.37,33643.37,7.63
276900.0,47.4967,-121.778,7795400046,408922.77,132022.77,47.68
523000.0,47.7176,-122.241,4055700778,807346.06,284346.06,54.37
712000.0,47.6627,-122.086,9510910050,665277.19,-46722.81,-6.56
470000.0,47.6088,-122.293,5366200330,545330.53,75330.53,16.03
258750.0,47.3282,-122.332,3391900130,75892.04,-182857.96,-70.67
915000.0,47.6735,-122.058,2413910120,1073772.31,158772.31,17.35
300000.0,47.3605,-122.04,5416500520,259704.32,-40295.68,-13.43
417000.0,47.6591,-122.392,2770606822,321866.75,-95133.25,-22.81
745000.0,47.5968,-122.174,9542400010,853402.15,108402.15,14.55
310000.0,47.5419,-122.288,6064800470,449682.23,139682.23,45.06
510000.0,47.4005,-122.312,8159300040,670799.42,160799.42,31.53
1240000.0,47.5886,-122.287,1250204835,1337171.11,97171.11,7.84
469775.0,47.6465,-122.395,2325039057,441840.9,-27934.1,-5.95
729999.0,47.6113,-122.314,2254501095,715082.08,-14916.92,-2.04
195500.0,47.3231,-122.219,6131600285,87581.25,-107918.75,-55.2
845000.0,47.7054,-122.129,3825310970,792754.19,-52245.81,-6.18
576250.0,47.6755,-122.37,452001570,458481.51,-117768.49,-20.44
744000.0,47.6927,-122.206,3754010040,669459.78,-74540.22,-10.02
235000.0,47.2046,-121.996,5595900280,114541.19,-120458.81,-51.26
195000.0,47.3608,-122.083,8651400580,202898.11,7898.11,4.05
999999.0,47.5983,-122.2,524059322,749667.24,-250331.76,-25.03
1050000.0,47.6482,-122.408,1070000390,868944.66,-181055.34,-17.24
1350000.0,47.4097,-122.063,822069112,1321440.13,-28559.87,-2.12
735000.0,47.5977,-121.981,8691410100,756600.13,21600.13,2.94
550000.0,47.6569,-122.348,1931300815,545512.82,-4487.18,-0.82
440000.0,47.6756,-122.348,9523102040,544395.48,104395.48,23.73
187000.0,47.3811,-122.317,3530430100,211269.58,24269.58,12.98
668000.0,47.46100000000001,-122.0,5561400260,848263.69,180263.69,26.99
275000.0,47.3534,-122.057,2215902010,367018.34,92018.34,33.46
194900.0,47.3057,-122.216,7335400500,112529.53,-82370.47,-42.26
880000.0,47.6344,-122.305,3592500985,858729.32,-21270.68,-2.42
215000.0,47.2864,-122.357,9202000080,83775.49,-131224.51,-61.03
365000.0,47.6988,-122.351,1529300410,454951.82,89951.82,24.64
693000.0,47.7048,-122.109,1873100060,611650.4,-81349.6,-11.74
375000.0,47.6011,-122.124,4036800770,486270.98,111270.98,29.67
521000.0,47.7627,-122.076,7214700350,559538.59,38538.59,7.4
224000.0,47.4756,-122.301,3598600049,238933.74,14933.74,6.67
565000.0,47.2673,-122.027,3421069049,798210.6,233210.6,41.28
392000.0,47.5574,-122.315,5141000510,553849.41,161849.41,41.29
424000.0,47.7281,-122.311,4427100145,383667.5,-40332.5,-9.51
324950.0,47.7402,-122.323,7568700175,345926.31,20976.31,6.46
235000.0,47.5493,-122.372,3278600680,413177.23,178177.23,75.82
374900.0,47.4389,-122.116,8691510310,427118.7,52218.7,13.93
130000.0,47.4007,-122.294,2500600289,157720.0,27720.0,21.32
430000.0,47.7176,-122.033,8682262400,416026.66,-13973.34,-3.25
265000.0,47.4973,-122.256,399000025,243146.34,-21853.66,-8.25
272000.0,47.5031,-122.242,4058801065,420988.54,148988.54,54.78
445000.0,47.5663,-122.408,1563100557,371128.49,-73871.51,-16.6
625000.0,47.706,-122.29,2726049169,532829.32,-92170.68,-14.75
215000.0,47.1963,-121.997,2620069077,161684.34,-53315.66,-24.8
660000.0,47.755,-122.216,726059483,785114.85,125114.85,18.96
369950.0,47.371,-122.108,2621750280,442732.35,72782.35,19.67
485000.0,47.6648,-122.343,6865200140,552282.56,67282.56,13.87
345000.0,47.5116,-122.379,9357000635,238320.09,-106679.91,-30.92
423000.0,47.48,-122.137,3295900490,505680.4,82680.4,19.55
255000.0,47.4811,-122.162,3211000040,341829.43,86829.43,34.05
403500.0,47.7259,-122.297,9421500150,490108.26,86608.26,21.46
324950.0,47.5081,-122.33,795001930,349460.34,24510.34,7.54
558000.0,47.5668,-122.384,952001765,439957.11,-118042.89,-21.15
472000.0,47.6381,-122.375,2771602420,475076.83,3076.83,0.65
425000.0,47.7609,-122.297,4023500352,479539.8,54539.8,12.83
255000.0,47.3144,-122.278,1521049156,246080.17,-8919.83,-3.5
279950.0,47.3563,-122.039,2310000440,268951.18,-10998.82,-3.93
565000.0,47.7757,-122.295,4022900652,513543.9,-51456.1,-9.11
190000.0,47.4862,-122.264,2172000035,238302.66,48302.66,25.42
264950.0,47.7606,-122.32,6163900032,237017.66,-27932.34,-10.54
400000.0,47.7438,-122.247,3582700130,485136.15,85136.15,21.28
345000.0,47.302,-122.123,3410600100,237289.11,-107710.89,-31.22
270000.0,47.4905,-122.347,3744600704,352747.75,82747.75,30.65
183000.0,47.3205,-122.33,7943000020,98480.34,-84519.66,-46.19
530000.0,47.6681,-122.305,2218000335,523847.6,-6152.4,-1.16
715000.0,47.6496,-122.407,6662000070,598028.02,-116971.98,-16.36
269500.0,47.3385,-122.262,304100010,151298.79,-118201.21,-43.86
702000.0,47.614,-122.041,5411600020,676510.55,-25489.45,-3.63
906000.0,47.6653,-122.272,5606000120,959862.29,53862.29,5.95
304000.0,47.2635,-122.312,7212650850,171847.86,-132152.14,-43.47
267500.0,47.3737,-122.216,273900030,285180.12,17680.12,6.61
245560.0,47.7775,-122.365,8165100035,286989.76,41429.76,16.87
475000.0,47.715,-122.354,6140100095,442706.45,-32293.55,-6.8
305000.0,47.3801,-122.166,3826500470,396506.86,91506.86,30.0
505000.0,47.5635,-122.394,2391600330,275396.67,-229603.33,-45.47
439950.0,47.4873,-122.144,5637200200,446495.21,6545.21,1.49
320000.0,47.3586,-122.157,2722059322,351245.38,31245.38,9.76
390000.0,47.4038,-122.036,1022069071,415751.41,25751.41,6.6
335000.0,47.5114,-122.361,123039346,296571.9,-38428.1,-11.47
235000.0,47.5342,-122.36,7831800460,273637.27,38637.27,16.44
533300.0,47.4815,-121.768,3956100050,503475.09,-29824.91,-5.59
225000.0,47.3473,-122.314,251300110,353152.25,128152.25,56.96
808000.0,47.549,-122.096,5608010420,838984.74,30984.74,3.83
412000.0,47.6899,-122.391,4449800315,309810.93,-102189.07,-24.8
530000.0,47.6867,-122.354,6690500060,496027.46,-33972.54,-6.41
502000.0,47.7041,-122.353,6145600855,417877.1,-84122.9,-16.76
715000.0,47.6558,-122.331,9178601000,621312.17,-93687.83,-13.1
365000.0,47.7712,-122.339,1077100020,341197.78,-23802.22,-6.52
356250.0,47.3261,-122.163,3814900380,357481.96,1231.96,0.35
445838.0,47.5133,-122.379,1909600046,478281.64,32443.64,7.28
530000.0,47.5158,-121.874,7853361120,279576.57,-250423.43,-47.25
420000.0,47.574,-122.372,7192800145,598598.99,178598.99,42.52
1500000.0,47.6157,-122.287,4141800215,1322826.63,-177173.37,-11.81
444500.0,47.5359,-121.878,7852130080,384594.55,-59905.45,-13.48
465000.0,47.7358,-122.076,1726069084,476647.12,11647.12,2.5
340000.0,47.5648,-122.294,6056111370,494279.07,154279.07,45.38
545000.0,47.6561,-122.13,1828001130,567846.33,22846.33,4.19
549000.0,47.6857,-122.349,3797000680,595924.48,46924.48,8.55
245000.0,47.3702,-122.182,7697860130,230682.02,-14317.98,-5.84
485000.0,47.3064,-122.108,3211270160,435928.63,-49071.37,-10.12
1070000.0,47.5257,-122.382,3524039202,711034.84,-358965.16,-33.55
445000.0,47.4797,-122.179,4307350520,764363.12,319363.12,71.77
355000.0,47.7107,-122.291,751000190,360444.99,5444.99,1.53
327500.0,47.4084,-122.213,722059233,444644.82,117144.82,35.77
910000.0,47.5682,-122.274,5250300035,1121889.89,211889.89,23.28
925000.0,47.6036,-122.059,2895730070,975578.19,50578.19,5.47
379950.0,47.3607,-122.038,5416510530,438580.89,58630.89,15.43
299000.0,47.3095,-122.283,6143000020,298766.44,-233.56,-0.08
330000.0,47.7301,-122.2,3764800250,412815.14,82815.14,25.1
675000.0,47.7175,-122.364,930000470,780954.73,105954.73,15.7
342000.0,47.3718,-122.168,586470350,370779.43,28779.43,8.42
350500.0,47.3497,-122.025,2781250400,264602.07,-85897.93,-24.51
790100.0,47.6496,-122.114,7525570020,661027.0,-129073.0,-16.34
380000.0,47.4378,-122.16,2591820070,550985.63,170985.63,45.0
329950.0,47.4575,-122.204,8898700960,381116.54,51166.54,15.51
436000.0,47.7293,-122.223,3578110020,556304.34,120304.34,27.59
334950.0,47.4491,-122.12,9558020890,405047.57,70097.57,20.93
274900.0,47.3491,-122.168,8091411040,253310.79,-21589.21,-7.85
925000.0,47.633,-122.37,1860600840,849836.51,-75163.49,-8.13
239000.0,47.3645,-122.183,4345000090,220706.66,-18293.34,-7.65
395000.0,47.3782,-122.127,8562890700,522029.49,127029.49,32.16
240000.0,47.2056,-121.994,2420069042,174503.09,-65496.91,-27.29
110000.0,47.4784,-122.335,4337000160,168239.4,58239.4,52.94
460000.0,47.7655,-122.3,8665900070,497221.28,37221.28,8.09
674600.0,47.6951,-122.346,5541300135,646950.67,-27649.33,-4.1
380000.0,47.6902,-122.306,3188100007,455465.74,75465.74,19.86
905000.0,47.5526,-122.102,4139460200,932736.43,27736.43,3.06
375000.0,47.5337,-121.867,7852020580,363911.47,-11088.53,-2.96
590000.0,47.5666,-122.132,3459410230,716844.01,126844.01,21.5
1450000.0,47.6258,-122.005,2625069038,1158395.5,-291604.5,-20.11
122000.0,47.4275,-122.324,4438000165,118466.56,-3533.44,-2.9
280000.0,47.3673,-122.017,9407150250,260768.95,-19231.05,-6.87
406500.0,47.4703,-122.276,42000127,370435.6,-36064.4,-8.87
252350.0,47.4612,-122.169,2460700700,343968.33,91618.33,36.31
550000.0,47.5877,-122.157,514500090,603450.57,53450.57,9.72
285000.0,47.3199,-122.392,2115510470,188345.56,-96654.44,-33.91
449950.0,47.6031,-122.303,9826701735,665204.53,215254.53,47.84
815000.0,47.648,-122.395,6821600390,813768.82,-1231.18,-0.15
395000.0,47.4997,-122.364,3919000030,346593.97,-48406.03,-12.25
856000.0,47.5442,-121.996,3629921140,986477.97,130477.97,15.24
270000.0,47.4881,-122.237,2144800117,421860.41,151860.41,56.24
625000.0,47.5133,-122.11,123059127,655172.09,30172.09,4.83
229800.0,47.5647,-122.293,6056110780,480756.69,250956.69,109.21
890776.0,47.5933,-122.06,1853080150,738892.22,-151883.78,-17.05
265000.0,47.5223,-122.286,7896300070,275256.45,10256.45,3.87
320000.0,47.7321,-122.34,6450303785,308452.6,-11547.4,-3.61
364000.0,47.77,-122.265,4027700799,360628.63,-3371.37,-0.93
650000.0,47.7045,-122.379,868001295,524643.47,-125356.53,-19.29
412000.0,47.5752,-122.388,5708500208,392952.29,-19047.71,-4.62
760000.0,47.5923,-122.169,9542850580,924833.54,164833.54,21.69
326000.0,47.4375,-122.176,3323059027,425335.87,99335.87,30.47
395000.0,47.512,-122.16,2787720170,516154.27,121154.27,30.67
1000000.0,47.6791,-122.209,3885808210,748686.24,-251313.76,-25.13
499950.0,47.475,-122.093,1823069279,552248.39,52298.39,10.46
475000.0,47.7497,-122.284,7740500070,473525.94,-1474.06,-0.31
551000.0,47.6964,-122.336,3126049052,449014.01,-101985.99,-18.51
244000.0,47.4816,-122.233,2988800011,244592.15,592.15,0.24
455000.0,47.7675,-122.226,8096600100,442431.6,-12568.4,-2.76
350000.0,47.7263,-122.289,1454100005,309708.37,-40291.63,-11.51
684000.0,47.6915,-122.101,2193330090,661929.31,-22070.69,-3.23
1160000.0,47.6109,-122.226,6447300345,1093203.54,-66796.46,-5.76
580000.0,47.6163,-122.138,1560800110,634084.45,54084.45,9.32
665000.0,47.6338,-122.358,4232901525,493756.55,-171243.45,-25.75
605000.0,47.6958,-122.29,6844700415,449608.72,-155391.28,-25.68
500000.0,47.6937,-122.213,1245500691,401968.07,-98031.93,-19.61
272000.0,47.4243,-122.202,5672000020,343591.62,71591.62,26.32
350000.0,47.7307,-122.239,3211200140,386603.12,36603.12,10.46
272925.0,47.7477,-122.232,5631500905,437176.82,164251.82,60.18
460000.0,47.701,-122.305,5101405340,539154.05,79154.05,17.21
263850.0,47.313,-122.388,8732020770,271647.37,7797.37,2.96
361000.0,47.7567,-122.071,1771100240,436141.29,75141.29,20.81
440000.0,47.717,-122.163,9329300040,473367.94,33367.94,7.58
314950.0,47.3575,-122.016,5104510210,250361.51,-64588.49,-20.51
485000.0,47.7306,-122.227,3574801780,598800.23,113800.23,23.46
566000.0,47.68600000000001,-122.095,339350070,641484.84,75484.84,13.34
470000.0,47.679,-122.373,3052700855,491831.72,21831.72,4.65
1130000.0,47.4389,-122.351,6117500320,682035.07,-447964.93,-39.64
809950.0,47.5979,-122.173,9542400075,863834.13,53884.13,6.65
370000.0,47.4716,-121.756,1471610060,185128.89,-184871.11,-49.97
455000.0,47.3828,-122.071,2022069200,429829.35,-25170.65,-5.53
870000.0,47.5641,-122.032,3299610240,955521.12,85521.12,9.83
653500.0,47.6372,-122.324,2902200016,581854.69,-71645.31,-10.96
316000.0,47.5387,-122.374,8122100650,286377.39,-29622.61,-9.37
265000.0,47.3156,-122.188,8078520090,115083.83,-149916.17,-56.57
150000.0,47.2959,-122.377,3089000005,-240463.46,-390463.46,-260.31
645000.0,47.6546,-122.344,3975400185,542093.17,-102906.83,-15.95
463000.0,47.6359,-121.974,3211290370,370434.08,-92565.92,-19.99
2010000.0,47.7612,-122.381,3585901085,1349965.42,-660034.58,-32.84
290000.0,47.7343,-122.347,2827100070,360877.81,70877.81,24.44
147200.0,47.4232,-122.292,422049178,174473.89,27273.89,18.53
424000.0,47.3139,-122.116,3211230080,430954.36,6954.36,1.64
580000.0,47.7386,-122.235,6190500340,749160.36,169160.36,29.17
910000.0,47.7285,-122.112,2426059097,922080.1,12080.1,1.33
307000.0,47.4963,-121.787,7846700850,214216.12,-92783.88,-30.22
245000.0,47.3594,-122.175,807800190,300603.81,55603.81,22.7
517000.0,47.7165,-122.308,2826049165,383601.58,-133398.42,-25.8
385000.0,47.6959,-122.376,1862400518,372684.4,-12315.6,-3.2
828000.0,47.556,-122.156,9323610260,704728.79,-123271.21,-14.89
360000.0,47.3385,-122.264,6648770240,420639.76,60639.76,16.84
515000.0,47.5498,-122.188,2024059094,570196.98,55196.98,10.72
650000.0,47.7261,-122.17,2126059234,1484426.79,834426.79,128.37
185000.0,47.2874,-122.192,304000530,132306.47,-52693.53,-28.48
550000.0,47.6981,-122.349,263000324,791046.27,241046.27,43.83
413500.0,47.6959,-122.364,9268200600,334944.28,-78555.72,-19.0
249950.0,47.3659,-122.113,8092700230,301176.43,51226.43,20.49
440000.0,47.7757,-122.139,9238500190,607611.53,167611.53,38.09
946000.0,47.5462,-122.154,2600140120,877270.26,-68729.74,-7.27
266000.0,47.3491,-122.177,5420800010,250828.56,-15171.44,-5.7
385000.0,47.7335,-122.16,1530900560,527343.29,142343.29,36.97
390000.0,47.5112,-122.186,2253200010,486091.14,96091.14,24.64
220000.0,47.4331,-122.291,236500010,273925.84,53925.84,24.51
440000.0,47.4327,-122.283,238000201,413991.55,-26008.45,-5.91
1640000.0,47.6886,-122.276,7533800170,1067028.58,-572971.42,-34.94
385000.0,47.6625,-122.059,8807810890,283028.99,-101971.01,-26.49
312000.0,47.5281,-122.348,7972602080,302878.26,-9121.74,-2.92
315000.0,47.3774,-122.027,9406540190,436065.29,121065.29,38.43
725000.0,47.5322,-122.076,8562790710,755508.05,30508.05,4.21
335000.0,47.6787,-122.391,2856101845,378220.5,43220.5,12.9
390000.0,47.6911,-122.313,5100400251,364185.21,-25814.79,-6.62
1640000.0,47.7243,-122.052,4054550010,1345507.99,-294492.01,-17.96
238950.0,47.4909,-122.203,7224000950,200416.96,-38533.04,-16.13
367000.0,47.7147,-122.356,3918400028,615049.57,248049.57,67.59
590000.0,47.705,-122.201,3127200036,639832.73,49832.73,8.45
1180000.0,47.6746,-122.018,1025069255,1140887.85,-39112.15,-3.31
275000.0,47.4908,-122.181,7236300065,398848.7,123848.7,45.04
235000.0,47.2751,-122.252,8856004400,34311.17,-200688.83,-85.4
439950.0,47.722,-122.194,6647400250,578811.36,138861.36,31.56
420000.0,47.4617,-122.346,1218000195,232537.25,-187462.75,-44.63
475000.0,47.6698,-122.361,455000841,595968.59,120968.59,25.47
355000.0,47.7372,-122.294,1568100060,344499.87,-10500.13,-2.96
328500.0,47.7227,-122.296,1453600681,366550.38,38050.38,11.58
375000.0,47.3438,-122.323,5152960080,624313.5,249313.5,66.48
220000.0,47.4758,-122.288,1523049207,300798.58,80798.58,36.73
275000.0,47.3834,-122.027,6679000130,259958.07,-15041.93,-5.47
535000.0,47.512,-122.175,3449820100,745696.39,210696.39,39.38
1040000.0,47.4695,-121.775,8835800010,1058150.18,18150.18,1.75
279900.0,47.7421,-121.982,2130701535,257498.98,-22401.02,-8.0
450000.0,47.5951,-122.144,7923600250,522706.99,72706.99,16.16
565000.0,47.5895,-122.019,4221250120,487267.58,-77732.42,-13.76
225000.0,47.4671,-122.212,7231600098,251878.74,26878.74,11.95
490000.0,47.6478,-122.061,8651511220,515392.78,25392.78,5.18
275000.0,47.7406,-122.302,3995700325,327833.3,52833.3,19.21
550000.0,47.5645,-122.397,2391600735,393401.49,-156598.51,-28.47
429000.0,47.3477,-122.271,9510930350,458549.27,29549.27,6.89
685000.0,47.7033,-122.321,5101408889,693261.21,8261.21,1.21
460000.0,47.7375,-122.194,1387301430,459770.38,-229.62,-0.05
321500.0,47.5939,-122.299,1523300180,389276.94,67776.94,21.08
615000.0,47.5898,-122.291,1250202115,736945.38,121945.38,19.83
435000.0,47.7617,-122.215,2138000120,478229.91,43229.91,9.94
243000.0,47.2142,-121.987,1320069163,367544.16,124544.16,51.25
460000.0,47.5674,-122.29,1604602050,763844.25,303844.25,66.05
775000.0,47.6559,-122.339,4083302370,536202.15,-238797.85,-30.81
249950.0,47.4205,-122.316,7686203195,233133.99,-16816.01,-6.73
302000.0,47.7617,-122.335,3705900124,547470.49,245470.49,81.28
204995.0,47.4025,-122.201,8802400896,320744.6,115749.6,56.46
404500.0,47.6978,-122.314,8024201055,437127.22,32627.22,8.07
495000.0,47.6929,-122.321,5100401441,450449.37,-44550.63,-9.0
383000.0,47.5672,-122.39,3010300415,518195.37,135195.37,35.3
469000.0,47.7643,-122.273,4022906222,439405.02,-29594.98,-6.31
660000.0,47.6942,-122.016,7203110240,539397.29,-120602.71,-18.27
828200.0,47.5661,-122.123,4140930110,891223.35,63023.35,7.61
220000.0,47.3845,-122.039,6661200260,226630.13,6630.13,3.01
681000.0,47.5677,-122.281,7950300005,559790.42,-121209.58,-17.8
244950.0,47.3617,-122.172,5468000180,312076.29,67126.29,27.4
640000.0,47.6006,-122.194,3210700380,762902.56,122902.56,19.2
289950.0,47.3521,-122.211,8669160460,254451.17,-35498.83,-12.24
442000.0,47.7433,-122.196,1036100130,605136.54,163136.54,36.91
1450000.0,47.5654,-122.158,7855000460,1528833.37,78833.37,5.44
306000.0,47.5478,-122.377,2324039077,527120.33,221120.33,72.26
251000.0,47.3617,-122.05,1545803520,288586.0,37586.0,14.97
480000.0,47.4665,-122.122,7806450050,637791.92,157791.92,32.87
595000.0,47.6955,-122.301,5652601425,461693.65,-133306.35,-22.4
665000.0,47.5379,-122.16,6385260160,783718.84,118718.84,17.85
425000.0,47.543,-122.368,3278613060,453528.23,28528.23,6.71
265000.0,47.4061,-122.33,2009001600,183431.61,-81568.39,-30.78
600000.0,47.4395,-122.111,4008400035,819724.0,219724.0,36.62
890000.0,47.5396,-122.073,8562710520,1365492.58,475492.58,53.43
1780000.0,47.5877,-122.196,644000040,1203541.1,-576458.9,-32.39
575000.0,47.7707,-122.369,6453900040,811939.92,236939.92,41.21
447500.0,47.6032,-122.31,3037200010,451709.75,4209.75,0.94
115000.0,47.511,-122.348,623049232,151448.77,36448.77,31.69
1610000.0,47.5862,-122.246,5093300325,1721976.11,111976.11,6.96
352500.0,47.5488,-122.364,3438501327,386739.37,34239.37,9.71
555000.0,47.5214,-122.191,7954300620,658006.89,103006.89,18.56
440000.0,47.6579,-122.394,7010700110,379476.4,-60523.6,-13.76
469000.0,47.6762,-122.378,7518501822,447179.04,-21820.96,-4.65
222200.0,47.4402,-122.333,3223049158,237448.97,15248.97,6.86
910000.0,47.6213,-122.2,8725950220,774676.49,-135323.51,-14.87
1210000.0,47.6009,-122.011,629800520,1259509.37,49509.37,4.09
840000.0,47.6359,-122.3,8712100605,713664.69,-126335.31,-15.04
464500.0,47.7632,-122.29,326049058,476191.52,11691.52,2.52
485000.0,47.7767,-122.378,2759800110,492855.62,7855.62,1.62
276000.0,47.2802,-122.303,3861500330,100444.94,-175555.06,-63.61
390000.0,47.5686,-122.286,8121100147,395491.95,5491.95,1.41
1440000.0,47.5736,-122.212,5456000025,1027417.41,-412582.59,-28.65
1650000.0,47.6322,-122.216,8084900195,1089674.3,-560325.7,-33.96
708000.0,47.6354,-122.103,1313000240,720266.36,12266.36,1.73
589999.0,47.537,-122.074,8562770720,510251.92,-79747.08,-13.52
600000.0,47.6878,-122.286,2215500205,532075.65,-67924.35,-11.32
299950.0,47.473,-122.328,4171200025,341920.07,41970.07,13.99
1230000.0,47.5647,-122.128,1854750090,1339924.6,109924.6,8.94
400950.0,47.5468,-122.386,7625703260,447650.93,46700.93,11.65
550000.0,47.7591,-122.28,4021100045,610289.01,60289.01,10.96
305000.0,47.4794,-122.078,1088400190,227460.92,-77539.08,-25.42
380000.0,47.4952,-122.178,8948500025,462099.02,82099.02,21.61
533250.0,47.5265,-122.05,5706201140,391694.72,-141555.28,-26.55
203000.0,47.3187,-122.179,1685200190,168557.71,-34442.29,-16.97
425000.0,47.4722,-122.131,1081800070,623079.36,198079.36,46.61
1150000.0,47.5663,-122.125,1424059022,1211829.01,61829.01,5.38
370000.0,47.4948,-122.134,9353300600,403257.09,33257.09,8.99
445000.0,47.7177,-122.224,2297400250,523782.89,78782.89,17.7
630000.0,47.6632,-122.153,8044700010,630486.54,486.54,0.08
315000.0,47.4753,-122.342,4331000130,178648.78,-136351.22,-43.29
880000.0,47.5771,-122.38,7645900235,724678.25,-155321.75,-17.65
600000.0,47.6756,-122.299,1868901690,603926.23,3926.23,0.65
630000.0,47.7731,-122.086,7214720400,736586.28,106586.28,16.92
360000.0,47.4537,-122.211,8899210090,398580.42,38580.42,10.72
140000.0,47.467,-122.215,3340401535,171807.21,31807.21,22.72
481000.0,47.4561,-122.361,2523039315,529708.88,48708.88,10.13
995000.0,47.6999,-122.391,6133100120,743535.3,-251464.7,-25.27
395000.0,47.7344,-122.173,3876312620,440169.06,45169.06,11.44
1320000.0,47.6468,-122.151,6137500310,1437928.57,117928.57,8.93
700000.0,47.5121,-122.248,8073000491,683327.88,-16672.12,-2.38
193000.0,47.2925,-122.219,1921059310,107171.06,-85828.94,-44.47
542000.0,47.7148,-122.101,3396820010,598008.5,56008.5,10.33
525000.0,47.6847,-122.387,6021503570,385038.18,-139961.82,-26.66
425000.0,47.6365,-121.972,3211290050,349522.29,-75477.71,-17.76
750000.0,47.5982,-121.98,8691410060,687079.89,-62920.11,-8.39
695000.0,47.54,-121.876,7852120140,831242.84,136242.84,19.6
780000.0,47.5943,-122.018,9510920120,823351.53,43351.53,5.56
345000.0,47.455,-122.198,3378100100,316534.36,-28465.64,-8.25
480000.0,47.3444,-122.269,3304030220,499491.14,19491.14,4.06
350000.0,47.3203,-122.185,8097000190,356581.68,6581.68,1.88
491500.0,47.5413,-122.174,1951820070,654222.58,162722.58,33.11
470000.0,47.5085,-122.15,8079040490,551112.47,81112.47,17.26
935100.0,47.5841,-122.172,1693600080,879945.85,-55154.15,-5.9
270000.0,47.3511,-122.169,8091410530,264515.67,-5484.33,-2.03
565000.0,47.5571,-122.385,7624700050,466798.63,-98201.37,-17.38
555000.0,47.5751,-122.014,3904940160,511067.3,-43932.7,-7.92
200000.0,47.5025,-122.142,7206900075,431324.02,231324.02,115.66
652600.0,47.6956,-122.36,1015000050,540866.97,-111733.03,-17.12
422500.0,47.3979,-122.212,7429000240,559562.13,137062.13,32.44
275000.0,47.4469,-122.155,2473100510,344331.48,69331.48,25.21
407000.0,47.5655,-122.386,952002250,426199.59,19199.59,4.72
1860000.0,47.5605,-121.905,1524079188,1352183.41,-507816.59,-27.3
1750000.0,47.538,-122.114,715010140,2241619.67,491619.67,28.09
355000.0,47.6914,-122.343,993001563,488274.95,133274.95,37.54
165000.0,47.4897,-122.24,3969300030,204431.57,39431.57,23.9
1070000.0,47.6906,-122.202,1245000685,1002972.34,-67027.66,-6.26
249950.0,47.3808,-122.211,3821000100,250553.4,603.4,0.24
800000.0,47.5955,-122.294,567000020,901536.24,101536.24,12.69
585000.0,47.5265,-122.202,3342700405,812081.23,227081.23,38.82
800000.0,47.68899999999999,-122.352,6430500186,617471.21,-182528.79,-22.82
435000.0,47.7188,-122.177,8663370020,442762.19,7762.19,1.78
427550.0,47.6848,-122.386,6021503885,385619.24,-41930.76,-9.81
227500.0,47.3626,-122.111,1274500170,210377.51,-17122.49,-7.53
308950.0,47.3675,-122.02,9407150350,261721.21,-47228.79,-15.29
765000.0,47.5438,-122.139,2597520790,725930.38,-39069.62,-5.11
430000.0,47.6236,-122.04,3578400270,429165.29,-834.71,-0.19
339950.0,47.3655,-122.018,9542830540,286791.4,-53158.6,-15.64
269500.0,47.2093,-121.962,1920079039,55894.26,-213605.74,-79.26
399950.0,47.3666,-122.03,3793501050,484942.67,84992.67,21.25
255000.0,47.4405,-122.28,4325000125,294627.34,39627.34,15.54
225000.0,47.4973,-122.328,3509600070,321961.62,96961.62,43.09
199000.0,47.3816,-122.087,7942100290,319129.92,120129.92,60.37
310000.0,47.429,-122.154,2221000100,358337.63,48337.63,15.59
525000.0,47.6828,-122.388,225039175,499410.07,-25589.93,-4.87
505000.0,47.71100000000001,-122.306,8901001185,465851.51,-39148.49,-7.75
325000.0,47.5077,-122.357,6303400395,37281.63,-287718.37,-88.53
420000.0,47.6936,-122.294,5363200266,385224.35,-34775.65,-8.28
511555.0,47.58600000000001,-122.12,7922800160,493782.08,-17772.92,-3.47
1540000.0,47.6712,-122.272,3179100180,911451.51,-628548.49,-40.81
675000.0,47.6495,-122.194,7555220140,743685.01,68685.01,10.18
599900.0,47.4694,-122.006,5561300340,638021.07,38121.07,6.35
400000.0,47.6325,-122.121,259600280,505618.38,105618.38,26.4
380000.0,47.5568,-122.382,7435500085,417592.5,37592.5,9.89
290000.0,47.4627,-122.213,7222000393,333966.55,43966.55,15.16
480000.0,47.7666,-122.265,4027701265,617646.1,137646.1,28.68
455000.0,47.434,-122.109,1310440950,616101.54,161101.54,35.41
2500000.0,47.6227,-122.216,4107100190,1582994.74,-917005.26,-36.68
242550.0,47.2956,-122.374,2944510080,181028.99,-61521.01,-25.36
219950.0,47.3115,-122.209,16000015,24437.49,-195512.51,-88.89
220000.0,47.2159,-121.964,1163400070,119830.66,-100169.34,-45.53
465000.0,47.6524,-122.353,1972200660,504228.54,39228.54,8.44
485000.0,47.5421,-122.388,2810100040,424887.46,-60112.54,-12.39
352500.0,47.765,-122.335,7772000010,464667.37,112167.37,31.82
300000.0,47.5871,-122.317,7660100336,397640.2,97640.2,32.55
565000.0,47.5276,-122.161,5525400420,692342.54,127342.54,22.54
160000.0,47.3793,-122.146,5466300130,311448.03,151448.03,94.66
303000.0,47.7325,-122.343,1473200130,416425.64,113425.64,37.43
255000.0,47.2098,-122.004,1645000710,108197.24,-146802.76,-57.57
980000.0,47.5201,-122.204,3342101937,950620.52,-29379.48,-3.0
196000.0,47.3056,-122.37,8945300110,-16394.16,-212394.16,-108.36
459800.0,47.6359,-122.035,6817800910,381740.34,-78059.66,-16.98
858000.0,47.5512,-122.191,3864000090,1107540.44,249540.44,29.08
870000.0,47.5581,-122.213,1924059248,1448395.89,578395.89,66.48
625000.0,47.5595,-122.129,2141330360,623714.16,-1285.84,-0.21
362500.0,47.7162,-122.324,6412100092,415155.74,52655.74,14.53
250000.0,47.53,-122.351,2113701200,287336.24,37336.24,14.93
699000.0,47.6768,-122.269,8924100111,622112.29,-76887.71,-11.0
711000.0,47.5768,-122.222,5021900160,531704.95,-179295.05,-25.22
525000.0,47.6806,-122.166,4191400090,505438.66,-19561.34,-3.73
610000.0,47.6607,-122.352,5693501028,509441.14,-100558.86,-16.49
550000.0,47.7669,-122.268,4027701291,631340.78,81340.78,14.79
585000.0,47.6947,-122.177,6402700110,623745.71,38745.71,6.62
225000.0,47.2051,-122.006,8091600080,-2109.76,-227109.76,-100.94
476000.0,47.7604,-122.356,6713100031,440822.46,-35177.54,-7.39
695000.0,47.6708,-122.14,6421100502,634942.65,-60057.35,-8.64
560000.0,47.6516,-122.375,2770604575,554728.63,-5271.37,-0.94
291000.0,47.3275,-122.329,2413300810,253152.34,-37847.66,-13.01
385195.0,47.5756,-122.316,3076500830,295022.18,-90172.82,-23.41
440000.0,47.495,-122.155,6649500060,704051.12,264051.12,60.01
655000.0,47.4497,-122.375,8096000060,572135.67,-82864.33,-12.65
1300000.0,47.669,-122.275,3179100055,923944.86,-376055.14,-28.93
727500.0,47.5829,-122.382,6324000115,995746.66,268246.66,36.87
250000.0,47.524,-122.2,3342700465,643285.68,393285.68,157.31
295000.0,47.3146,-122.379,8731983340,292495.19,-2504.81,-0.85
299950.0,47.3213,-122.385,8731990700,513582.91,213632.91,71.22
355000.0,47.5026,-122.465,8887001192,321212.32,-33787.68,-9.52
1010000.0,47.6232,-122.299,5016002240,846528.03,-163471.97,-16.19
355000.0,47.5401,-122.3,1795700030,555831.0,200831.0,56.57
265000.0,47.3716,-122.31,7888200240,115891.84,-149108.16,-56.27
229999.0,47.2761,-122.153,1313500090,116010.51,-113988.49,-49.56
510000.0,47.5385,-121.88,7853250080,674185.05,164185.05,32.19
733000.0,47.6751,-122.38,2767601085,629992.67,-103007.33,-14.05
246500.0,47.4075,-122.196,8732000390,324113.56,77613.56,31.49
560000.0,47.7061,-122.368,2874600335,539021.03,-20978.97,-3.75
500000.0,47.6288,-122.109,2525059134,531948.97,31948.97,6.39
650000.0,47.3554,-122.324,3222049055,682162.83,32162.83,4.95
259900.0,47.3686,-122.09,1796370730,279678.86,19778.86,7.61
435000.0,47.7258,-121.959,808300090,459863.63,24863.63,5.72
375000.0,47.7463,-122.336,5469000100,428433.67,53433.67,14.25
239950.0,47.4473,-122.284,5381000411,248918.16,8968.16,3.74
995000.0,47.45399999999999,-122.373,2927600630,1083103.88,88103.88,8.85
371500.0,47.7458,-122.331,1755700060,436601.9,65101.9,17.52
425000.0,47.5138,-122.173,9292000380,591514.38,166514.38,39.18
550000.0,47.6814,-122.269,8928100125,538676.38,-11323.62,-2.06
315000.0,47.5123,-122.19,345700040,388167.15,73167.15,23.23
442500.0,47.6875,-122.043,7202290240,385066.01,-57433.99,-12.98
385000.0,47.746,-122.296,7979900145,437924.27,52924.27,13.75
915000.0,47.5441,-122.117,2524059269,997639.49,82639.49,9.03
852500.0,47.5837,-121.971,98030630,958470.61,105970.61,12.43
369300.0,47.5234,-122.043,9412200730,390738.4,21438.4,5.81
665000.0,47.6532,-122.34,8032700010,574304.59,-90695.41,-13.64
264950.0,47.4433,-122.194,5438000080,357385.21,92435.21,34.89
594491.0,47.4766,-121.735,8564860110,503883.12,-90607.88,-15.24
657500.0,47.6272,-122.026,1939120450,683287.6,25787.6,3.92
261000.0,47.4727,-122.198,3294700310,293850.67,32850.67,12.59
1700000.0,47.6542,-122.331,9178601660,899448.35,-800551.65,-47.09
425000.0,47.7655,-122.336,8563300085,506134.96,81134.96,19.09
355000.0,47.3875,-122.153,8944320420,462444.4,107444.4,30.27
885000.0,47.6308,-122.312,1337800855,759971.9,-125028.1,-14.13
325000.0,47.2377,-122.016,1120069036,541946.28,216946.28,66.75
782500.0,47.6219,-122.024,4379400220,688884.17,-93615.83,-11.96
459000.0,47.7283,-122.238,2426049113,522603.85,63603.85,13.86
525000.0,47.4619,-121.991,5561000330,469273.01,-55726.99,-10.61
335000.0,47.6606,-122.06,8807810090,306675.49,-28324.51,-8.46
1500000.0,47.582,-122.199,2344300170,1441936.16,-58063.84,-3.87
452000.0,47.7689,-122.266,4027700812,533773.93,81773.93,18.09
259950.0,47.7159,-122.305,2826049091,316271.56,56321.56,21.67
370000.0,47.5924,-122.295,567000382,376000.35,6000.35,1.62
530000.0,47.7251,-122.11,8121200460,580181.26,50181.26,9.47
350000.0,47.5525,-122.274,3331500485,375407.67,25407.67,7.26
515000.0,47.5447,-121.883,7853290090,421633.96,-93366.04,-18.13
598500.0,47.6381,-122.062,7504010900,762490.51,163990.51,27.4
353500.0,47.3523,-122.275,7967000150,281000.32,-72499.68,-20.51
224000.0,47.3095,-122.002,844000965,70739.84,-153260.16,-68.42
375000.0,47.7641,-122.364,2596400050,351317.76,-23682.24,-6.32
550000.0,47.6109,-122.302,7217400895,453732.87,-96267.13,-17.5
322000.0,47.3565,-121.94,3222079162,231363.22,-90636.78,-28.15
364000.0,47.5455,-122.371,3278604510,454789.76,90789.76,24.94
655000.0,47.528,-122.171,6388920410,689484.16,34484.16,5.26
627250.0,47.742,-122.208,1088810040,769501.47,142251.47,22.68
395000.0,47.7333,-121.976,1776460110,485162.42,90162.42,22.83
900000.0,47.6908,-122.397,2267000160,381285.69,-518714.31,-57.63
550000.0,47.6486,-122.035,1330900050,528898.4,-21101.6,-3.84
355000.0,47.4689,-122.277,42000065,344375.58,-10624.42,-2.99
415000.0,47.7399,-122.099,1775801340,424115.03,9115.03,2.2
208000.0,47.4957,-122.168,421000215,224053.74,16053.74,7.72
565000.0,47.4009,-122.059,1722069052,436369.72,-128630.28,-22.77
565000.0,47.6853,-122.362,7519000665,432055.33,-132944.67,-23.53
302000.0,47.6028,-122.312,2572400100,531316.95,229316.95,75.93
685000.0,47.6124,-122.153,9346700030,759388.43,74388.43,10.86
650000.0,47.6314,-121.968,6979900330,544301.61,-105698.39,-16.26
665900.0,47.5129,-122.388,254000100,759916.34,94016.34,14.12
510000.0,47.5718,-122.127,3447000030,604568.07,94568.07,18.54
1100000.0,47.5809,-122.191,7000100711,774102.18,-325897.82,-29.63
455000.0,47.6079,-122.123,4037500335,533662.32,78662.32,17.29
408000.0,47.72,-122.024,8682291840,403290.22,-4709.78,-1.15
335000.0,47.4383,-122.193,5089700720,507011.1,172011.1,51.35
400000.0,47.7548,-122.317,6163901382,426427.01,26427.01,6.61
915000.0,47.6383,-122.097,1925069099,831546.97,-83453.03,-9.12
391000.0,47.5345,-122.069,291310150,329715.15,-61284.85,-15.67
346000.0,47.3469,-122.195,1841400150,236447.05,-109552.95,-31.66
500000.0,47.6225,-122.038,1939050110,439436.91,-60563.09,-12.11
404000.0,47.3515,-121.999,5104530220,404471.76,471.76,0.12
327000.0,47.4763,-122.206,7231501610,480681.8,153681.8,47.0
589950.0,47.4088,-122.089,7701800050,670686.72,80736.72,13.69
820000.0,47.5535,-122.191,2024059111,1217556.82,397556.82,48.48
382000.0,47.5467,-122.365,3438501450,393638.04,11638.04,3.05
433200.0,47.4848,-121.698,723099044,294669.6,-138530.4,-31.98
305000.0,47.65600000000001,-121.913,8656300385,225782.05,-79217.95,-25.97
286950.0,47.3338,-122.268,3329510850,181758.14,-105191.86,-36.66
499950.0,47.596,-122.298,6362900171,570374.9,70424.9,14.09
179900.0,47.5136,-122.316,133000070,272718.92,92818.92,51.59
295000.0,47.6214,-122.14,1562100340,687482.67,392482.67,133.04
660000.0,47.6102,-122.314,1710400007,578562.24,-81437.76,-12.34
594866.0,47.5184,-121.886,7853420110,574007.92,-20858.08,-3.51
1050000.0,47.5765,-122.072,7768800160,1387482.36,337482.36,32.14
581000.0,47.6784,-122.386,7518507580,477630.92,-103369.08,-17.79
255000.0,47.3804,-122.32,3530400080,171294.7,-83705.3,-32.83
372500.0,47.7332,-122.352,1926049210,409478.55,36978.55,9.93
1480000.0,47.574,-122.18,2911700020,1471759.47,-8240.53,-0.56
351000.0,47.7127,-122.296,3448001975,363909.73,12909.73,3.68
207500.0,47.3059,-122.368,8945300200,-9893.48,-217393.48,-104.77
614905.0,47.7211,-122.31,1133000144,593277.36,-21627.64,-3.52
315000.0,47.5609,-122.279,4154300505,351607.79,36607.79,11.62
843500.0,47.7126,-122.104,2355010090,1097114.46,253614.46,30.07
350000.0,47.7517,-122.326,7305900082,330910.81,-19089.19,-5.45
789500.0,47.695,-122.022,7203120050,783483.84,-6016.16,-0.76
588000.0,47.6939,-122.126,7199320600,536190.61,-51809.39,-8.81
662700.0,47.5568,-122.271,5583200810,642282.47,-20417.53,-3.08
1200000.0,47.555,-122.114,4139420070,1544745.59,344745.59,28.73
413000.0,47.7753,-122.375,5096300130,317686.28,-95313.72,-23.08
322000.0,47.7035,-122.351,6145601312,419710.25,97710.25,30.34
555000.0,47.381,-122.056,9406510040,605846.05,50846.05,9.16
281000.0,47.4378,-122.279,8732800090,255799.93,-25200.07,-8.97
373000.0,47.5237,-122.353,3298700110,474912.22,101912.22,27.32
550000.0,47.3459,-122.326,7203600745,480060.03,-69939.97,-12.72
285000.0,47.3417,-122.277,1311600020,259769.55,-25230.45,-8.85
250000.0,47.4102,-122.195,2154550020,414340.36,164340.36,65.74
245000.0,47.2977,-122.367,109200390,85835.75,-159164.25,-64.96
133000.0,47.5192,-122.266,7129304540,302391.84,169391.84,127.36
280000.0,47.4905,-122.18,7236100025,374467.04,94467.04,33.74
409000.0,47.3835,-122.148,4397000020,604711.15,195711.15,47.85
775000.0,47.5522,-122.001,3630220220,757796.52,-17203.48,-2.22
475000.0,47.6966,-122.375,1862400087,367364.0,-107636.0,-22.66
535000.0,47.6897,-122.374,2921700060,485742.59,-49257.41,-9.21
1140000.0,47.7506,-122.012,1126069045,807362.79,-332637.21,-29.18
400000.0,47.7583,-122.343,9561100080,456244.63,56244.63,14.06
457000.0,47.7711,-122.288,4022902050,496764.64,39764.64,8.7
425000.0,47.6729,-122.383,2767603026,270577.92,-154422.08,-36.33
540000.0,47.738,-121.965,8567450140,609879.82,69879.82,12.94
331000.0,47.6601,-122.4,4235400186,263744.8,-67255.2,-20.32
398000.0,47.7754,-122.233,126049100,444358.72,46358.72,11.65
370000.0,47.6546,-122.356,1324300091,429679.03,59679.03,16.13
429000.0,47.42,-122.205,5104650020,520765.93,91765.93,21.39
440000.0,47.4669,-121.765,2223089053,370588.17,-69411.83,-15.78
601000.0,47.5978,-122.017,7215730200,466191.5,-134808.5,-22.43
599000.0,47.551,-122.272,3332000530,511111.17,-87888.83,-14.67
515000.0,47.6426,-122.403,1370804115,447468.65,-67531.35,-13.11
672500.0,47.5965,-122.038,2782100280,651097.88,-21402.12,-3.18
899000.0,47.6731,-122.199,4070700290,705780.73,-193219.27,-21.49
550000.0,47.5723,-122.021,8078350520,502577.37,-47422.63,-8.62
445000.0,47.5572,-122.281,1702901557,610735.88,165735.88,37.24
405000.0,47.7573,-122.22,2988000070,377899.2,-27100.8,-6.69
230000.0,47.4499,-122.176,1432400060,228628.04,-1371.96,-0.6
330000.0,47.7688,-122.337,1075100050,340331.3,10331.3,3.13
770000.0,47.6675,-122.276,6012500100,798019.74,28019.74,3.64
215500.0,47.2613,-122.248,3599600276,90890.72,-124609.28,-57.82
472000.0,47.3747,-122.156,1786700240,875363.33,403363.33,85.46
810000.0,47.5595,-122.04,7525530470,834046.03,24046.03,2.97
255000.0,47.3697,-122.075,7760400210,229483.56,-25516.44,-10.01
430000.0,47.7179,-122.316,9259900025,509765.6,79765.6,18.55
412000.0,47.7049,-122.34,6300500475,477445.37,65445.37,15.88
1210000.0,47.6644,-122.293,2436200436,896487.25,-313512.75,-25.91
350000.0,47.4012,-122.11,1322059002,237892.06,-112107.94,-32.03
320000.0,47.5059,-122.193,1839500115,454176.05,134176.05,41.93
717500.0,47.6393,-122.392,2771603050,746001.77,28501.77,3.97
4490000.0,47.6208,-122.219,3835500195,2350561.09,-2139438.91,-47.65
357500.0,47.7027,-122.289,9455200596,349457.11,-8042.89,-2.25
257500.0,47.3097,-122.327,1321400060,120648.03,-136851.97,-53.15
405000.0,47.438,-122.152,2472920140,619673.33,214673.33,53.01
760000.0,47.7036,-122.127,1522600100,792557.88,32557.88,4.28
462000.0,47.674,-122.319,9221400600,560199.15,98199.15,21.26
1250000.0,47.669,-122.282,7974700150,1032528.52,-217471.48,-17.4
290000.0,47.5539,-122.365,1773101050,377514.47,87514.47,30.18
290000.0,47.7757,-122.35,5306100255,344595.35,54595.35,18.83
420000.0,47.4722,-122.001,2323069053,377993.22,-42006.78,-10.0
580000.0,47.4988,-122.148,9211010900,700978.01,120978.01,20.86
400000.0,47.5515,-122.324,1722800860,543642.4,143642.4,35.91
560000.0,47.6916,-122.158,4359700080,532237.33,-27762.67,-4.96
745000.0,47.4536,-122.009,2623069010,614680.04,-130319.96,-17.49
299000.0,47.4214,-122.191,8943600360,354916.83,55916.83,18.7
663500.0,47.6784,-122.304,7214400005,470213.48,-193286.52,-29.13
179500.0,47.2866,-122.221,1450000210,35403.66,-144096.34,-80.28
810000.0,47.7233,-122.117,3395350210,678978.69,-131021.31,-16.18
728000.0,47.5999,-121.976,8691390980,745004.62,17004.62,2.34
658000.0,47.521,-121.877,7853310590,664497.06,6497.06,0.99
325000.0,47.5398,-122.369,8165501700,449213.85,124213.85,38.22
1170000.0,47.5344,-122.224,5451200370,876225.19,-293774.81,-25.11
361500.0,47.6842,-122.365,7519001990,406213.19,44713.19,12.37
450000.0,47.7222,-122.177,1839910470,520012.99,70012.99,15.56
825000.0,47.6359,-122.351,809002030,630705.72,-194294.28,-23.55
468000.0,47.7153,-122.361,6380500151,408037.22,-59962.78,-12.81
246000.0,47.4912,-122.312,985001082,387120.92,141120.92,57.37
695500.0,47.6389,-122.098,7526800100,748659.33,53159.33,7.64
780000.0,47.6452,-122.352,5244800915,678166.96,-101833.04,-13.06
446450.0,47.5144,-122.379,37000335,401373.89,-45076.11,-10.1
1520000.0,47.5533,-122.098,5608000630,1449100.09,-70899.91,-4.66
417500.0,47.7024,-122.359,3626039028,380248.04,-37251.96,-8.92
601000.0,47.644,-122.385,2770600930,534778.01,-66221.99,-11.02
460000.0,47.6112,-122.133,4040400340,533644.89,73644.89,16.01
852600.0,47.554,-122.16,2600000210,1012863.26,160263.26,18.8
459000.0,47.7684,-122.304,8665900328,329785.61,-129214.39,-28.15
395000.0,47.5629,-122.297,6056100312,448257.95,53257.95,13.48
710000.0,47.5529,-121.99,3629980780,666986.51,-43013.49,-6.06
345000.0,47.3593,-122.037,5422950020,317560.89,-27439.11,-7.95
970000.0,47.6286,-122.064,8001470480,1144670.93,174670.93,18.01
805000.0,47.7478,-122.036,7574910650,907340.72,102340.72,12.71
675000.0,47.5062,-122.385,290000095,700972.75,25972.75,3.85
206000.0,47.4336,-122.195,646910480,296227.01,90227.01,43.8
258000.0,47.4792,-122.277,7347600210,322482.83,64482.83,24.99
993500.0,47.5563,-122.219,5450900010,1244859.38,251359.38,25.3
296000.0,47.7224,-122.291,1453602284,381645.79,85645.79,28.93
511100.0,47.5287,-122.053,5706202070,410093.9,-101006.1,-19.76
625000.0,47.5828,-122.396,585000095,569950.62,-55049.38,-8.81
1080000.0,47.5347,-122.227,5451200110,719929.15,-360070.85,-33.34
394000.0,47.3504,-122.026,2781250100,364022.32,-29977.68,-7.61
655000.0,47.6514,-122.407,871001365,395737.07,-259262.93,-39.58
335000.0,47.5506,-122.281,3331001765,566508.35,231508.35,69.11
426000.0,47.7207,-122.165,2558650130,532371.32,106371.32,24.97
405000.0,47.6892,-122.306,3188100065,447633.16,42633.16,10.53
2000000.0,47.5355,-122.24,2524049318,1439057.37,-560942.63,-28.05
283450.0,47.4847,-122.291,1386800054,421692.56,138242.56,48.77
221000.0,47.4356,-122.29,1003000175,215217.74,-5782.26,-2.62
670000.0,47.7241,-122.363,923000414,513646.8,-156353.2,-23.34
178500.0,47.3864,-122.287,8857600220,254281.26,75781.26,42.45
269950.0,47.3484,-122.036,2025700130,253209.19,-16740.81,-6.2
345000.0,47.6462,-122.384,2770602265,480886.18,135886.18,39.39
387500.0,47.4445,-122.126,1328320350,667518.56,280018.56,72.26
264950.0,47.3646,-122.076,2916620240,285387.87,20437.87,7.71
550000.0,47.6646,-122.339,4083800555,468554.61,-81445.39,-14.81
567500.0,47.4335,-122.338,9290800050,656822.87,89322.87,15.74
260000.0,47.45399999999999,-122.19,9415950020,405933.08,145933.08,56.13
260000.0,47.3108,-122.346,9264921020,177641.21,-82358.79,-31.68
379400.0,47.7172,-122.361,930000305,426622.28,47222.28,12.45
525000.0,47.4899,-122.138,5214500660,649390.22,124390.22,23.69
433000.0,47.4531,-122.352,4415600030,199748.76,-233251.24,-53.87
429900.0,47.2752,-122.349,1112630130,306898.04,-123001.96,-28.61
385000.0,47.572,-122.289,9834200950,425024.15,40024.15,10.4
852500.0,47.6841,-122.161,9113200180,1027287.91,174787.91,20.5
640000.0,47.651,-122.369,2749600245,436735.63,-203264.37,-31.76
572500.0,47.6517,-122.124,3066200460,724996.48,152496.48,26.64
620000.0,47.4575,-121.707,1923099058,486336.22,-133663.78,-21.56
750000.0,47.6368,-122.097,4376700570,659634.21,-90365.79,-12.05
833000.0,47.589,-121.983,8691310840,952426.19,119426.19,14.34
341000.0,47.5753,-122.303,3083000940,412035.84,71035.84,20.83
210000.0,47.5188,-122.376,5347200162,260510.94,50510.94,24.05
405000.0,47.6828,-122.345,3362400125,394510.88,-10489.12,-2.59
585000.0,47.733,-122.225,3574900030,579164.71,-5835.29,-1.0
575000.0,47.3351,-122.044,9283800050,389553.72,-185446.28,-32.25
290000.0,47.7069,-122.299,8058500005,376490.03,86490.03,29.82
588000.0,47.7266,-122.363,923000115,530535.18,-57464.82,-9.77
1440000.0,47.6369,-122.355,809002680,749871.71,-690128.29,-47.93
95000.0,47.3864,-122.307,6929602721,-70246.2,-165246.2,-173.94
649000.0,47.69300000000001,-122.168,9170500060,654827.95,5827.95,0.9
405000.0,47.6913,-122.369,6638900405,326404.13,-78595.87,-19.41
326000.0,47.5029,-122.188,823059185,437836.66,111836.66,34.31
269000.0,47.3606,-122.039,5416500090,231506.7,-37493.3,-13.94
299950.0,47.4303,-122.067,3223069019,346688.27,46738.27,15.58
475000.0,47.5727,-122.138,2201500240,405522.91,-69477.09,-14.63
306000.0,47.6974,-122.349,6749700006,460815.19,154815.19,50.59
172500.0,47.4206,-122.316,7686203180,120611.4,-51888.6,-30.08
134000.0,47.4961,-122.322,3361402041,242748.31,108748.31,81.16
430000.0,47.695,-121.918,4046501300,452171.77,22171.77,5.16
919950.0,47.5937,-122.061,1853080120,739551.36,-180398.64,-19.61
230000.0,47.5271,-122.316,7883607520,324355.5,94355.5,41.02
826000.0,47.6739,-122.329,1257201095,521404.54,-304595.46,-36.88
233000.0,47.7474,-122.327,7301300150,334709.31,101709.31,43.65
375000.0,47.4323,-122.327,8091800140,284272.29,-90727.71,-24.19
439000.0,47.7596,-122.269,8832900155,760141.51,321141.51,73.15
625000.0,47.6887,-122.312,2887700091,737912.04,112912.04,18.07
710000.0,47.6373,-122.358,1794500870,521149.84,-188850.16,-26.6
338000.0,47.5348,-122.269,2624049050,460986.5,122986.5,36.39
812500.0,47.5426,-122.135,2597531110,852881.52,40381.52,4.97
375000.0,47.7628,-122.244,2780700020,507559.21,132559.21,35.35
550000.0,47.6033,-122.303,9826701665,672433.8,122433.8,22.26
931088.0,47.5963,-122.171,9541600490,1041927.07,110839.07,11.9
706000.0,47.426,-122.285,240000130,623550.55,-82449.45,-11.68
519500.0,47.5326,-122.032,2724069070,270903.4,-248596.6,-47.85
631000.0,47.6814,-122.288,8077100031,595236.6,-35763.4,-5.67
361810.0,47.4576,-122.348,2968801315,181437.77,-180372.23,-49.85
914500.0,47.5818,-121.996,9544700730,974163.76,59663.76,6.52
375000.0,47.356,-122.057,3023000210,371132.66,-3867.34,-1.03
255000.0,47.2968,-122.372,8581200240,64118.99,-190881.01,-74.86
415000.0,47.6157,-122.05,2561330040,399879.62,-15120.38,-3.64
338500.0,47.4489,-122.456,2617370090,302021.93,-36478.07,-10.78
502000.0,47.5934,-122.298,3274800505,541285.15,39285.15,7.83
400000.0,47.6736,-122.167,1236900090,466895.31,66895.31,16.72
581000.0,47.6183,-122.3,9828702120,554723.13,-26276.87,-4.52
950000.0,47.6256,-122.299,5015001452,743405.74,-206594.26,-21.75
1600000.0,47.724,-122.373,3616600250,1358208.92,-241791.08,-15.11
317000.0,47.3072,-122.391,8029500100,294978.71,-22021.29,-6.95
1340000.0,47.5489,-122.398,7936500190,991959.44,-348040.56,-25.97
1730000.0,47.6149,-122.287,4141800285,1220358.37,-509641.63,-29.46
460500.0,47.5057,-122.149,8079040300,528884.0,68384.0,14.85
525000.0,47.6384,-122.373,2771602174,486862.26,-38137.74,-7.26
653000.0,47.5551,-122.001,3630120480,566400.76,-86599.24,-13.26
313500.0,47.7257,-122.162,8835220090,473185.72,159685.72,50.94
328000.0,47.7078,-121.915,782700150,351690.03,23690.03,7.22
1040000.0,47.5646,-122.129,7701450110,1323020.89,283020.89,27.21
405000.0,47.6934,-122.184,2591010150,469793.83,64793.83,16.0
249950.0,47.5421,-122.321,2734100736,441291.83,191341.83,76.55
387000.0,47.5942,-122.298,3274800460,498156.15,111156.15,28.72
280000.0,47.4477,-121.77,9407110680,160985.34,-119014.66,-42.51
185000.0,47.3141,-122.192,3327000070,137521.14,-47478.86,-25.66
538250.0,47.3948,-122.325,1722049154,614361.96,76111.96,14.14
515000.0,47.5632,-122.182,4035900060,621239.87,106239.87,20.63
591975.0,47.5196,-121.878,7853370020,681533.6,89558.6,15.13
274000.0,47.4918,-122.178,8074200175,415807.55,141807.55,51.75
345000.0,47.5707,-122.394,5505700055,392811.86,47811.86,13.86
340000.0,47.5092,-122.362,8151600941,312976.1,-27023.9,-7.95
725000.0,47.6531,-122.196,9413600380,628077.47,-96922.53,-13.37
435000.0,47.5282,-122.269,3336000050,755625.19,320625.19,73.71
550000.0,47.7385,-121.965,8567450220,588493.27,38493.27,7.0
717000.0,47.7073,-122.112,9526600210,622514.7,-94485.3,-13.18
410000.0,47.678,-122.322,9528103443,417369.65,7369.65,1.8
174500.0,47.3236,-122.323,818500100,120481.59,-54018.41,-30.96
303100.0,47.50899999999999,-122.251,3878900185,453433.73,150333.73,49.6
255000.0,47.4644,-121.745,7334501130,141477.55,-113522.45,-44.52
303000.0,47.5073,-122.372,123039424,333165.08,30165.08,9.96
230000.0,47.3196,-122.351,4168100130,91493.88,-138506.12,-60.22
515000.0,47.5484,-122.172,6071700020,617847.19,102847.19,19.97
472800.0,47.5497,-122.172,6071600340,607918.87,135118.87,28.58
416000.0,47.6914,-122.372,2356800020,417866.35,1866.35,0.45
389900.0,47.3304,-122.13,7861500150,264432.41,-125467.59,-32.18
403000.0,47.5305,-121.854,7852180560,243394.74,-159605.26,-39.6
690000.0,47.5468,-121.994,3630090050,741036.74,51036.74,7.4
700000.0,47.6356,-122.346,6926700654,616538.6,-83461.4,-11.92
522500.0,47.7258,-122.306,2126049290,480893.38,-41606.62,-7.96
335000.0,47.4789,-122.296,1623049241,428416.65,93416.65,27.89
285000.0,47.3679,-122.179,7697920060,287415.4,2415.4,0.85
560000.0,47.6038,-122.314,4226900211,412237.28,-147762.72,-26.39
445000.0,47.776,-122.169,9527310110,546596.14,101596.14,22.83
380000.0,47.4769,-122.141,1072010350,708597.78,328597.78,86.47
562200.0,47.6991,-122.392,6132600380,487723.28,-74476.72,-13.25
468000.0,47.6936,-122.186,2591010040,496034.15,28034.15,5.99
570000.0,47.6493,-122.384,2770601912,534238.28,-35761.72,-6.27
290000.0,47.398,-121.964,4396000530,293004.42,3004.42,1.04
399950.0,47.6738,-122.063,8807300570,340747.11,-59202.89,-14.8
315000.0,47.4842,-122.117,1323059098,281569.63,-33430.37,-10.61
415000.0,47.7027,-122.349,6145601890,380087.67,-34912.33,-8.41
273500.0,47.4117,-122.209,9320600090,316194.19,42694.19,15.61
625250.0,47.685,-122.039,7202280390,520153.07,-105096.93,-16.81
1310000.0,47.6664,-122.276,4221900305,1240306.43,-69693.57,-5.32
315000.0,47.5412,-122.288,6064800710,408437.57,93437.57,29.66
214950.0,47.3621,-122.094,8651442060,279235.76,64285.76,29.91
810000.0,47.6158,-122.213,4389201064,683944.93,-126055.07,-15.56
242000.0,47.495,-122.342,3275800050,368606.41,126606.41,52.32
1050000.0,47.5637,-122.123,6154500070,992648.65,-57351.35,-5.46
725000.0,47.6567,-122.358,7445000115,722850.54,-2149.46,-0.3
275000.0,47.4805,-122.158,3211000930,358076.16,83076.16,30.21
1300000.0,47.6198,-122.289,1778500620,749796.48,-550203.52,-42.32
598200.0,47.5508,-122.268,3333500151,755477.1,157277.1,26.29
430000.0,47.5725,-122.133,2201501015,489286.62,59286.62,13.79
488500.0,47.697,-122.199,8099600160,503611.45,15111.45,3.09
497000.0,47.6909,-122.395,2267000458,427386.16,-69613.84,-14.01
490000.0,47.5582,-122.388,3902100150,546355.46,56355.46,11.5
310000.0,47.5517,-122.385,2461900845,196828.66,-113171.34,-36.51
1340000.0,47.6696,-122.416,1025039292,859254.55,-480745.45,-35.88
207950.0,47.5158,-122.264,1895000260,352739.81,144789.81,69.63
1290000.0,47.56,-122.225,1924059319,1279478.63,-10521.37,-0.82
569500.0,47.6005,-122.296,3416601021,585393.92,15893.92,2.79
366000.0,47.3814,-122.024,705700580,327828.47,-38171.53,-10.43
370000.0,47.6962,-122.349,3126049498,463111.85,93111.85,25.17
199950.0,47.4759,-122.212,7841300285,382712.06,182762.06,91.4
350000.0,47.5346,-122.286,8685500145,441266.7,91266.7,26.08
800000.0,47.7418,-122.039,7574910860,774659.86,-25340.14,-3.17
429500.0,47.7232,-122.174,2558600060,516238.92,86738.92,20.2
424950.0,47.5336,-121.841,3862710010,300111.31,-124838.69,-29.38
760000.0,47.5353,-122.066,8562740440,749885.14,-10114.86,-1.33
490000.0,47.6734,-122.176,925059113,662060.59,172060.59,35.11
289000.0,47.3604,-122.089,4178500150,295258.79,6258.79,2.17
755000.0,47.7587,-122.274,4019301160,776509.45,21509.45,2.85
641000.0,47.5286,-122.187,2309000060,667211.49,26211.49,4.09
552000.0,47.6724,-122.296,1868900285,469338.62,-82661.38,-14.97
213800.0,47.4934,-122.173,418000145,225050.69,11250.69,5.26
407000.0,47.3737,-122.16,2222059154,414212.44,7212.44,1.77
625000.0,47.5463,-122.015,8956000460,527897.93,-97102.07,-15.54
750000.0,47.6428,-122.302,8805900080,585116.61,-164883.39,-21.98
520000.0,47.6956,-122.303,5101402482,478832.14,-41167.86,-7.92
680000.0,47.6663,-122.357,9530101535,556225.7,-123774.3,-18.2
330000.0,47.3993,-122.162,2517000260,537159.17,207159.17,62.78
822500.0,47.6763,-122.352,2331300505,686073.71,-136426.29,-16.59
315000.0,47.5666,-121.902,2412100025,315296.18,296.18,0.09
350000.0,47.4645,-122.196,7399000230,523074.22,173074.22,49.45
225000.0,47.495,-122.227,1180005220,230550.99,5550.99,2.47
300000.0,47.4873,-122.166,2690100170,393814.04,93814.04,31.27
569000.0,47.5665,-122.316,3959400400,787360.8,218360.8,38.38
770000.0,47.6765,-122.175,200480020,798255.0,28255.0,3.67
365000.0,47.4483,-122.124,2473480310,472758.76,107758.76,29.52
1050000.0,47.5514,-122.023,2224069109,674552.09,-375447.91,-35.76
310000.0,47.6491,-122.061,8651510380,505096.23,195096.23,62.93
335000.0,47.3273,-122.37,4166600610,180902.83,-154097.17,-46.0
510000.0,47.6854,-122.329,6815100095,435264.15,-74735.85,-14.65
340000.0,47.5075,-122.379,7100000110,326265.58,-13734.42,-4.04
322000.0,47.7231,-122.229,8564500020,414357.38,92357.38,28.68
132825.0,47.3615,-122.087,8651402750,213012.61,80187.61,60.37
210000.0,47.2008,-121.995,6018500120,-5213.46,-215213.46,-102.48
527000.0,47.7034,-122.315,7434500127,480272.86,-46727.14,-8.87
1250000.0,47.5854,-122.292,669000350,1279268.95,29268.95,2.34
705000.0,47.6754,-122.307,8825900070,694691.92,-10308.08,-1.46
319450.0,47.3065,-122.219,3747600050,322158.55,2708.55,0.85
889950.0,47.6948,-122.178,9492500160,835675.42,-54274.58,-6.1
461000.0,47.6988,-122.317,8024200674,455554.71,-5445.29,-1.18
535000.0,47.5759,-122.012,3904960150,484210.94,-50789.06,-9.49
289950.0,47.7562,-122.318,6163901352,171610.31,-118339.69,-40.81
420000.0,47.4556,-122.087,5113000420,391971.68,-28028.32,-6.67
345000.0,47.4685,-122.265,1099900120,383818.64,38818.64,11.25
195000.0,47.3189,-122.373,4388000460,68427.21,-126572.79,-64.91
198000.0,47.3634,-122.086,8651401680,152405.93,-45594.07,-23.03
373000.0,47.5546,-122.377,1725800280,453443.97,80443.97,21.57
555000.0,47.6782,-122.361,2877102670,554431.44,-568.56,-0.1
1100000.0,47.6514,-122.413,5035300650,695837.24,-404162.76,-36.74
575000.0,47.2929,-122.342,1321700030,1049161.92,474161.92,82.46
330000.0,47.5051,-122.344,623049315,360957.92,30957.92,9.38
617450.0,47.6328,-122.174,6189200260,543153.81,-74296.19,-12.03
450000.0,47.6489,-122.335,4083306616,491736.83,41736.83,9.27
940000.0,47.6328,-122.236,3262300940,599909.77,-340090.23,-36.18
497500.0,47.6111,-122.126,4037800020,513773.5,16273.5,3.27
2050000.0,47.5811,-122.4,3505100756,1527890.61,-522109.39,-25.47
630000.0,47.5627,-122.221,191100665,485707.18,-144292.82,-22.9
523000.0,47.601000000000006,-122.122,4036800805,488615.73,-34384.27,-6.57
403900.0,47.398,-122.31,8699800070,489846.14,85946.14,21.28
545000.0,47.7021,-122.241,3761100341,644617.72,99617.72,18.28
808000.0,47.7539,-122.37,3586500770,498101.57,-309898.43,-38.35
559950.0,47.4853,-122.154,5045700400,605650.16,45700.16,8.16
540000.0,47.6619,-122.324,1890000166,522227.3,-17772.7,-3.29
259000.0,47.3528,-122.211,8669160170,195025.82,-63974.18,-24.7
592500.0,47.7349,-122.295,1568100295,729366.03,136866.03,23.1
471000.0,47.7698,-122.167,6662410020,510309.26,39309.26,8.35
397000.0,47.577,-122.302,3085001610,514300.07,117300.07,29.55
234000.0,47.5038,-122.364,8151600701,231520.84,-2479.16,-1.06
627000.0,47.6842,-122.309,3142600120,566139.29,-60860.71,-9.71
402500.0,47.7668,-122.243,114100234,545006.34,142506.34,35.41
539500.0,47.3752,-122.029,4017050260,747720.15,208220.15,38.6
235000.0,47.5093,-122.172,7789200070,414304.26,179304.26,76.3
356000.0,47.6744,-122.383,2767601815,333614.04,-22385.96,-6.29
449999.0,47.2034,-122.003,2320069111,415002.11,-34996.89,-7.78
495000.0,47.62600000000001,-122.048,7504400120,567812.19,72812.19,14.71
264000.0,47.4104,-122.172,2787320430,324552.16,60552.16,22.94
305000.0,47.5707,-122.018,4057300170,315982.2,10982.2,3.6
430000.0,47.7169,-122.331,3034200410,427026.55,-2973.45,-0.69
299000.0,47.7699,-122.335,1074100020,254919.96,-44080.04,-14.74
669000.0,47.4504,-122.377,7631200292,473807.82,-195192.18,-29.18
325000.0,47.5325,-122.073,8562780090,330033.09,5033.09,1.55
769950.0,47.6737,-122.4,6908200021,708732.12,-61217.88,-7.95
552625.0,47.7169,-122.329,3034200435,620554.49,67929.49,12.29
425000.0,47.6482,-122.393,6821600265,400718.93,-24281.07,-5.71
315000.0,47.4973,-122.177,8074400035,476151.96,161151.96,51.16
400000.0,47.7616,-122.365,2697400020,303064.09,-96935.91,-24.23
1400000.0,47.6684,-122.309,8823900290,1579336.25,179336.25,12.81
489000.0,47.7007,-122.312,8024201714,641705.89,152705.89,31.23
515000.0,47.7197,-122.219,2296700330,501782.17,-13217.83,-2.57
235000.0,47.5354,-122.278,717000225,369777.88,134777.88,57.35
397500.0,47.6991,-122.13,7201800300,449207.6,51707.6,13.01
297950.0,47.449,-122.155,2473100635,275206.89,-22743.11,-7.63
613000.0,47.5736,-122.109,1324059139,565977.74,-47022.26,-7.67
825000.0,47.5628,-122.081,5423010180,760660.37,-64339.63,-7.8
831500.0,47.7377,-122.084,1152600220,1275481.7,443981.7,53.4
185000.0,47.4871,-122.281,7340600845,332797.5,147797.5,79.89
200000.0,47.5177,-122.266,7129304200,368784.65,168784.65,84.39
375000.0,47.7139,-121.321,8649400410,88441.7,-286558.3,-76.42
315000.0,47.7505,-122.312,5589900761,285948.59,-29051.41,-9.22
257500.0,47.2924,-122.197,7806210380,151194.14,-106305.86,-41.28
352000.0,47.5308,-122.35,7972600765,381673.8,29673.8,8.43
400000.0,47.7703,-122.35,7283900153,293344.54,-106655.46,-26.66
699000.0,47.6711,-122.012,2324800110,772352.22,73352.22,10.49
460000.0,47.6644,-122.145,7955040130,509312.04,49312.04,10.72
295000.0,47.3078,-122.378,8732131090,245760.23,-49239.77,-16.69
750000.0,47.6361,-122.047,7504021510,772889.83,22889.83,3.05
440000.0,47.7283,-122.222,3578110200,430063.1,-9936.9,-2.26
1050000.0,47.6763,-122.404,486000597,905818.52,-144181.48,-13.73
767500.0,47.6634,-122.359,7986401305,942660.0,175160.0,22.82
483945.0,47.558,-122.392,312000135,316458.55,-167486.45,-34.61
411000.0,47.6603,-122.394,7010701016,383131.23,-27868.77,-6.78
210000.0,47.364,-122.094,8651441620,290349.45,80349.45,38.26
440000.0,47.4397,-122.15,2472920740,699930.72,259930.72,59.08
330000.0,47.7751,-122.268,4027700930,355453.59,25453.59,7.71
875000.0,47.6605,-122.331,510002010,657268.03,-217731.97,-24.88
839990.0,47.6845,-122.017,7203220310,864948.54,24958.54,2.97
197000.0,47.4672,-122.185,8645500360,351234.43,154234.43,78.29
395000.0,47.7529,-122.318,6163901261,335135.42,-59864.58,-15.16
322500.0,47.7473,-122.32,7304301085,271307.01,-51192.99,-15.87
165000.0,47.4836,-122.332,1446400725,253373.7,88373.7,53.56
427500.0,47.5142,-122.389,2594200375,397074.02,-30425.98,-7.12
313000.0,47.2599,-122.215,4137060270,244437.12,-68562.88,-21.91
335000.0,47.7312,-122.202,3764800510,439797.88,104797.88,31.28
1230000.0,47.6547,-122.158,1525059160,1166673.32,-63326.68,-5.15
240000.0,47.4712,-122.1,7230400400,378493.21,138493.21,57.71
370000.0,47.4871,-122.203,7224000545,548708.07,178708.07,48.3
416000.0,47.5314,-122.378,2695600190,401152.18,-14847.82,-3.57
750000.0,47.4,-122.42,5215200050,822159.25,72159.25,9.62
336750.0,47.5119,-122.337,2414600255,469935.93,133185.93,39.55
734000.0,47.3622,-122.157,9454200030,737017.71,3017.71,0.41
670000.0,47.5872,-122.241,5315100393,663046.07,-6953.93,-1.04
182500.0,47.3337,-122.275,7696500280,131314.01,-51185.99,-28.05
215000.0,47.4604,-122.18,1431400070,256008.84,41008.84,19.07
135000.0,47.5188,-122.353,3298701025,305940.99,170940.99,126.62
687015.0,47.6256,-122.362,3876900089,662209.3,-24805.7,-3.61
399950.0,47.3131,-122.115,3211230260,412159.86,12209.86,3.05
359950.0,47.3209,-122.185,8097000330,365565.21,5615.21,1.56
346300.0,47.2634,-122.211,4136890560,264953.68,-81346.32,-23.49
326995.0,47.3848,-122.033,8856970530,298047.66,-28947.34,-8.85
495000.0,47.6302,-122.344,52000067,483633.94,-11366.06,-2.3
585000.0,47.5973,-122.034,7197800020,500309.08,-84690.92,-14.48
242000.0,47.448,-122.28,5379805160,302237.09,60237.09,24.89
400000.0,47.7634,-122.35,7283900306,431106.71,31106.71,7.78
676000.0,47.6462,-122.403,1377800135,478574.08,-197425.92,-29.21
500000.0,47.3944,-121.972,1822079046,444675.92,-55324.08,-11.06
375000.0,47.504,-122.248,4141680190,405352.34,30352.34,8.09
415000.0,47.4947,-122.174,8011100095,510576.35,95576.35,23.03
459000.0,47.695,-122.366,1588600045,374021.84,-84978.16,-18.51
517534.0,47.3889,-122.482,2422029094,86748.22,-430785.78,-83.24
445000.0,47.6602,-122.13,5422570760,622048.62,177048.62,39.79
627000.0,47.5933,-122.007,6127010670,661481.49,34481.49,5.5
710000.0,47.4549,-122.363,7680400140,1056723.14,346723.14,48.83
409950.0,47.6993,-122.13,7201800280,482560.58,72610.58,17.71
493000.0,47.7326,-122.179,2126059219,518824.31,25824.31,5.24
740000.0,47.6464,-122.391,1193000380,809873.97,69873.97,9.44
653000.0,47.6878,-122.29,441000065,506445.56,-146554.44,-22.44
495000.0,47.7461,-122.247,3579000180,681644.83,186644.83,37.71
579000.0,47.6867,-122.354,6690500070,696358.13,117358.13,20.27
600000.0,47.4472,-122.092,7701930180,1105372.01,505372.01,84.23
414500.0,47.6988,-122.316,8024200625,415810.97,1310.97,0.32
805000.0,47.6729,-122.293,1870400635,711319.37,-93680.63,-11.64
423000.0,47.5995,-122.144,2207100405,511541.82,88541.82,20.93
665000.0,47.3552,-121.99,3622069122,754691.13,89691.13,13.49
425000.0,47.5736,-122.393,5013500110,368180.12,-56819.88,-13.37
89950.0,47.5098,-122.334,1721801591,191599.57,101649.57,113.01
250000.0,47.4133,-122.209,9320600020,344652.69,94652.69,37.86
241000.0,47.5075,-122.262,8068000305,241946.77,946.77,0.39
695000.0,47.5945,-122.201,3860900111,715025.98,20025.98,2.88
479000.0,47.7043,-122.209,3026059361,567632.07,88632.07,18.5
306500.0,47.5004,-122.162,3450400330,390097.82,83597.82,27.27
1190000.0,47.6411,-122.207,4122500100,852408.68,-337591.32,-28.37
305000.0,47.5514,-122.284,3331001165,424137.79,119137.79,39.06
192500.0,47.4909,-122.298,257000105,281539.33,89039.33,46.25
285000.0,47.3507,-122.141,5468770180,307268.9,22268.9,7.81
425000.0,47.2598,-122.304,5409800110,343308.84,-81691.16,-19.22
495000.0,47.7363,-122.298,3500100089,510086.02,15086.02,3.05
296500.0,47.362,-122.277,1310970380,384485.4,87985.4,29.67
240000.0,47.5255,-122.327,7883601155,466120.0,226120.0,94.22
358000.0,47.7095,-122.35,7017200120,329604.13,-28395.87,-7.93
770000.0,47.6537,-122.34,8032700070,573173.04,-196826.96,-25.56
549000.0,47.5903,-122.157,7811210320,640779.66,91779.66,16.72
780000.0,47.674,-122.35,9523103000,666600.46,-113399.54,-14.54
435000.0,47.7269,-122.325,2832100910,512009.11,77009.11,17.7
447000.0,47.6019,-122.123,4036800900,480619.86,33619.86,7.52
730000.0,47.6065,-122.291,8083400066,761899.19,31899.19,4.37
271950.0,47.5467,-122.173,6071800480,486094.73,214144.73,78.74
325000.0,47.7265,-122.315,2026049124,433112.59,108112.59,33.27
480000.0,47.3651,-122.197,2922059212,428232.92,-51767.08,-10.78
369000.0,47.3059,-122.349,9264950410,362237.37,-6762.63,-1.83
390500.0,47.7035,-122.357,3654200039,360786.06,-29713.94,-7.61
602000.0,47.6103,-122.3,519000043,582855.79,-19144.21,-3.18
384950.0,47.522,-122.375,4365200865,433290.09,48340.09,12.56
405100.0,47.7598,-122.328,6139100101,385443.54,-19656.46,-4.85
735000.0,47.5527,-121.992,3629970130,661741.65,-73258.35,-9.97
550000.0,47.7489,-122.185,2095800520,639196.64,89196.64,16.22
175000.0,47.4908,-122.223,4202400078,360569.15,185569.15,106.04
989990.0,47.7049,-122.126,2937300540,1013438.98,23448.98,2.37
139000.0,47.3736,-122.188,3512100050,259564.53,120564.53,86.74
370000.0,47.6181,-122.117,3298201290,380083.19,10083.19,2.73
364000.0,47.7612,-122.31,4024101545,475440.31,111440.31,30.62
750000.0,47.6143,-122.305,7228501065,705534.92,-44465.08,-5.93
780000.0,47.584,-122.195,2450500110,643729.3,-136270.7,-17.47
408000.0,47.5169,-122.255,7129302806,707221.57,299221.57,73.34
305000.0,47.3348,-122.19,1402950100,325330.89,20330.89,6.67
190000.0,47.4559,-122.183,1423700680,402007.39,212007.39,111.58
660000.0,47.7637,-122.05,4298100240,685553.88,25553.88,3.87
463000.0,47.7012,-122.322,5101405465,387453.77,-75546.23,-16.32
735000.0,47.6252,-122.029,1939130120,747990.71,12990.71,1.77
650880.0,47.5151,-121.883,7853380480,593097.58,-57782.42,-8.88
550000.0,47.7646,-122.271,4022907770,804018.35,254018.35,46.19
310000.0,47.7416,-122.327,2241700075,338314.26,28314.26,9.13
375000.0,47.7302,-122.197,9477100170,436350.09,61350.09,16.36
377000.0,47.5199,-122.184,9477730080,498187.81,121187.81,32.15
280000.0,47.2583,-122.203,7299600530,130483.88,-149516.12,-53.4
690000.0,47.666,-122.332,9550200470,597418.83,-92581.17,-13.42
1100000.0,47.5589,-122.116,2424059119,1251796.59,151796.59,13.8
840000.0,47.5378,-122.219,3456000310,778653.27,-61346.73,-7.3
780000.0,47.5078,-122.018,323069120,919783.61,139783.61,17.92
633000.0,47.5392,-121.862,7853280490,1070567.03,437567.03,69.13
415000.0,47.7552,-122.229,114101540,385797.63,-29202.37,-7.04
770000.0,47.6073,-122.062,5581400080,867920.93,97920.93,12.72
950000.0,47.6453,-122.358,6819100310,611043.74,-338956.26,-35.68
217500.0,47.4014,-122.186,5419800090,314725.06,97225.06,44.7
562100.0,47.6707,-122.364,2768000270,490420.0,-71680.0,-12.75
335000.0,47.3554,-122.298,7968200090,296280.24,-38719.76,-11.56
849000.0,47.7081,-122.374,868000175,591468.04,-257531.96,-30.33
660000.0,47.7644,-122.29,326049060,622800.81,-37199.19,-5.64
456500.0,47.4959,-122.15,293810190,535869.23,79369.23,17.39
250000.0,47.2558,-122.122,120059044,388376.94,138376.94,55.35
515000.0,47.5346,-121.875,7852090810,436023.2,-78976.8,-15.34
445000.0,47.3499,-122.027,2781250150,426102.28,-18897.72,-4.25
1690000.0,47.6569,-122.273,4219401236,1242381.58,-447618.42,-26.49
361000.0,47.5009,-122.235,9282801450,403303.02,42303.02,11.72
416000.0,47.7188,-122.177,8663260030,565010.2,149010.2,35.82
583800.0,47.6313,-122.008,6134500220,547856.14,-35943.86,-6.16
550000.0,47.7528,-122.195,3204900010,752630.88,202630.88,36.84
725000.0,47.6539,-122.395,582000065,603412.53,-121587.47,-16.77
265950.0,47.374,-122.133,9238440020,250463.51,-15486.49,-5.82
217000.0,47.4789,-122.159,3211100450,343518.35,126518.35,58.3
279000.0,47.4002,-122.189,8025700460,282676.85,3676.85,1.32
208417.0,47.5292,-122.316,2185000685,243982.66,35565.66,17.06
600000.0,47.7228,-122.183,3876100940,696167.91,96167.91,16.03
319000.0,47.7033,-122.308,5101407305,414713.93,95713.93,30.0
335000.0,47.7116,-122.214,1138020020,404320.62,69320.62,20.69
925000.0,47.5424,-121.872,7851990120,1616806.31,691806.31,74.79
347000.0,47.752,-122.253,3582750280,509035.65,162035.65,46.7
330000.0,47.2194,-122.059,1284000010,275208.57,-54791.43,-16.6
837219.0,47.593,-122.057,1853080850,707476.17,-129742.83,-15.5
460000.0,47.6986,-122.286,3426049132,447023.01,-12976.99,-2.82
715000.0,47.5394,-122.028,9268850860,553429.8,-161570.2,-22.6
589000.0,47.5908,-122.017,4221260050,498391.96,-90608.04,-15.38
310000.0,47.3841,-122.041,4142450510,308175.54,-1824.46,-0.59
1380000.0,47.5623,-122.221,191100672,986160.91,-393839.09,-28.54
654000.0,47.5192,-121.764,3424089119,313281.97,-340718.03,-52.1
462500.0,47.3758,-122.425,2122039137,289441.64,-173058.36,-37.42
367950.0,47.7611,-122.351,7287700059,427651.0,59701.0,16.23
815000.0,47.6168,-122.298,9828200790,478450.01,-336549.99,-41.29
245000.0,47.1913,-122.015,8078490090,296238.65,51238.65,20.91
360000.0,47.401,-122.171,6752600320,334923.39,-25076.61,-6.97
459500.0,47.6607,-122.333,510002506,433681.44,-25818.56,-5.62
278500.0,47.4278,-122.152,4406000560,239480.06,-39019.94,-14.01
349950.0,47.5536,-122.283,5649600435,354526.69,4576.69,1.31
987000.0,47.6227,-122.207,5536100020,777786.02,-209213.98,-21.2
235000.0,47.3054,-122.305,2412600030,162983.15,-72016.85,-30.65
399000.0,47.5674,-122.369,9358000552,486672.31,87672.31,21.97
659000.0,47.7072,-121.927,2826079027,692991.76,33991.76,5.16
407500.0,47.7352,-122.297,6649300190,528541.33,121041.33,29.7
260000.0,47.2638,-122.243,2005950050,73490.66,-186509.34,-71.73
228000.0,47.4258,-122.322,5245600105,199858.49,-28141.51,-12.34
280000.0,47.3358,-122.265,1460900030,314903.5,34903.5,12.47
439500.0,47.47,-122.0,2323069073,535798.64,96298.64,21.91
467000.0,47.6713,-122.383,2767604247,457746.72,-9253.28,-1.98
780000.0,47.637,-122.371,7011201550,808607.1,28607.1,3.67
333490.0,47.3413,-122.18,1085622890,327486.5,-6003.5,-1.8
235000.0,47.4696,-122.298,2123049175,373736.43,138736.43,59.04
844000.0,47.6674,-122.046,3528000545,884616.79,40616.79,4.81
350000.0,47.4938,-122.255,2171400197,451955.17,101955.17,29.13
738515.0,47.7754,-122.173,7308600050,802202.09,63687.09,8.62
330000.0,47.526,-121.809,5415000240,243408.53,-86591.47,-26.24
1390000.0,47.5614,-122.215,2524000050,1313044.33,-76955.67,-5.54
990000.0,47.5479,-122.233,4094800380,852378.41,-137621.59,-13.9
379950.0,47.6836,-122.095,339600290,385832.49,5882.49,1.55
315000.0,47.7612,-122.332,2224700136,349086.58,34086.58,10.82
435000.0,47.6751,-122.372,2767704055,454147.95,19147.95,4.4
585000.0,47.5373,-122.395,4315701163,558369.57,-26630.43,-4.55
353000.0,47.61600000000001,-122.314,6003000851,421610.2,68610.2,19.44
805000.0,47.5451,-122.142,2597520580,801886.57,-3113.43,-0.39
1400000.0,47.5895,-122.111,9253900408,1092670.39,-307329.61,-21.95
850000.0,47.6316,-121.988,205000310,1008210.49,158210.49,18.61
235000.0,47.5498,-122.304,2124049254,404329.49,169329.49,72.06
515500.0,47.4863,-122.14,5126310470,606822.25,91322.25,17.72
445000.0,47.5299,-122.266,3524049083,581724.11,136724.11,30.72
546000.0,47.6859,-122.399,472000055,492481.16,-53518.84,-9.8
325000.0,47.2597,-122.228,3121059033,-77972.72,-402972.72,-123.99
619000.0,47.5422,-121.86,7853240200,564743.78,-54256.22,-8.77
279000.0,47.3231,-122.103,7950700120,173858.52,-105141.48,-37.69
425000.0,47.56399999999999,-122.398,2391601010,302530.09,-122469.91,-28.82
602000.0,47.5503,-122.155,2600110710,607870.44,5870.44,0.98
415950.0,47.6048,-122.121,4037200665,457226.13,41276.13,9.92
700000.0,47.6366,-122.229,3537900180,719946.23,19946.23,2.85
269950.0,47.3764,-122.117,2329800330,278893.66,8943.66,3.31
655500.0,47.5929,-122.133,7923500090,683489.05,27989.05,4.27
1090000.0,47.6805,-122.048,425069020,1162130.78,72130.78,6.62
537000.0,47.7394,-122.288,6744700424,654138.54,117138.54,21.81
445000.0,47.7291,-122.218,8651730290,508865.75,63865.75,14.35
950000.0,47.6534,-122.182,7501000220,977780.27,27780.27,2.92
340000.0,47.5371,-122.393,4322200050,441766.1,101766.1,29.93
605000.0,47.6391,-122.403,1370802650,554844.94,-50155.06,-8.29
507000.0,47.7174,-122.337,3034200660,537514.84,30514.84,6.02
530000.0,47.2215,-122.067,1720069075,686303.29,156303.29,29.49
470000.0,47.558,-122.382,6126600950,463226.96,-6773.04,-1.44
575000.0,47.3908,-122.32,2011400230,857214.7,282214.7,49.08
494500.0,47.5161,-122.191,3343901401,815099.0,320599.0,64.83
392000.0,47.5343,-122.37,9269200831,282250.75,-109749.25,-28.0
336800.0,47.7734,-122.315,3971700510,341137.51,4337.51,1.29
299950.0,47.5602,-122.292,5414100040,413964.3,114014.3,38.01
611000.0,47.6771,-122.328,9528104985,536357.94,-74642.06,-12.22
290000.0,47.4429,-121.771,9407100720,169939.44,-120060.56,-41.4
712000.0,47.679,-122.39,2856101755,513407.85,-198592.15,-27.89
545000.0,47.7096,-122.199,8663280160,529851.65,-15148.35,-2.78
250000.0,47.691,-122.303,5101400561,353990.5,103990.5,41.6
520000.0,47.6808,-122.38,7518503220,534590.55,14590.55,2.81
304950.0,47.5151,-122.372,7454000990,306596.6,1646.6,0.54
530000.0,47.771,-122.166,8835350230,669295.42,139295.42,26.28
637850.0,47.5193,-121.877,7853370440,875209.51,237359.51,37.21
552500.0,47.5093,-122.387,8118600025,335062.7,-217437.3,-39.36
200000.0,47.3541,-122.303,7575610170,317025.62,117025.62,58.51
725000.0,47.595,-122.016,9510920050,813965.58,88965.58,12.27
783200.0,47.637,-122.367,7011200830,715319.55,-67880.45,-8.67
1100000.0,47.5667,-122.155,7855400330,1160973.43,60973.43,5.54
560000.0,47.7638,-122.265,4140500055,536168.74,-23831.26,-4.26
215000.0,47.4971,-122.282,7340600068,326219.73,111219.73,51.73
800000.0,47.5979,-121.974,8691400080,716441.85,-83558.15,-10.44
202000.0,47.3244,-122.144,6600400270,204601.81,2601.81,1.29
359000.0,47.7055,-122.3,6370000070,496681.02,137681.02,38.35
558000.0,47.6089,-122.303,9126101645,577687.71,19687.71,3.53
745000.0,47.5726,-122.373,7987400475,836320.26,91320.26,12.26
909000.0,47.5604,-122.107,7805450870,1030811.04,121811.04,13.4
821000.0,47.5402,-122.215,2581900284,764399.56,-56600.44,-6.89
650000.0,47.6959,-122.364,9268200484,614568.52,-35431.48,-5.45
525000.0,47.4997,-122.151,9211000110,752136.0,227136.0,43.26
355000.0,47.3726,-122.433,2817100040,289338.23,-65661.77,-18.5
320000.0,47.5421,-122.378,1121000095,376166.72,56166.72,17.55
840000.0,47.5616,-122.153,7856610130,832519.71,-7480.29,-0.89
300000.0,47.4495,-122.17,7229100040,462446.37,162446.37,54.15
370000.0,47.5552,-122.381,3259400030,319379.71,-50620.29,-13.68
259000.0,47.5495,-122.31,8100900115,392264.05,133264.05,51.45
290000.0,47.6741,-122.406,1025039168,336564.89,46564.89,16.06
720000.0,47.506,-122.384,290000055,669731.58,-50268.42,-6.98
535000.0,47.7298,-121.972,2787250080,573581.36,38581.36,7.21
969500.0,47.6051,-122.289,4278900110,893833.92,-75666.08,-7.8
387000.0,47.5348,-122.072,291300170,335960.47,-51039.53,-13.19
801000.0,47.5573,-122.02,2224069165,767836.24,-33163.76,-4.14
1350000.0,47.4041,-122.451,822039084,762541.56,-587458.44,-43.52
370000.0,47.7024,-122.35,6145601995,410946.33,40946.33,11.07
824000.0,47.6503,-122.393,6821600145,401973.66,-422026.34,-51.22
266490.0,47.3715,-122.126,7237301210,274036.47,7546.47,2.83
320000.0,47.4696,-122.359,7635800180,203687.62,-116312.38,-36.35
499950.0,47.4714,-122.273,40000669,649326.16,149376.16,29.88
375000.0,47.7603,-122.307,4024101440,452953.56,77953.56,20.79
500000.0,47.6713,-122.152,9512500720,525084.6,25084.6,5.02
420000.0,47.5135,-122.38,1909600115,258475.46,-161524.54,-38.46
655000.0,47.6717,-122.295,8827900560,640554.54,-14445.46,-2.21
502000.0,47.6199,-122.116,4040800600,577668.71,75668.71,15.07
280000.0,47.4619,-122.168,2460700650,353036.13,73036.13,26.08
475000.0,47.5849,-122.17,5076700025,503465.75,28465.75,5.99
707000.0,47.6573,-122.399,6821100015,588686.26,-118313.74,-16.73
719000.0,47.5841,-122.383,9151600541,703704.76,-15295.24,-2.13
369000.0,47.5874,-122.386,9272201704,427800.33,58800.33,15.94
1940000.0,47.7097,-122.013,2626069030,2707960.02,767960.02,39.59
367500.0,47.5483,-122.277,1314300018,416605.46,49105.46,13.36
530000.0,47.6009,-122.158,2077700042,704551.9,174551.9,32.93
1290000.0,47.7161,-122.219,3026059085,1282948.43,-7051.57,-0.55
650000.0,47.5705,-122.175,5566100170,800549.67,150549.67,23.16
205000.0,47.5604,-122.363,1773100275,336260.08,131260.08,64.03
720000.0,47.5244,-122.386,2483700160,602958.3,-117041.7,-16.26
780000.0,47.5897,-122.233,5315101716,579374.63,-200625.37,-25.72
345000.0,47.4704,-121.747,7334600170,162193.54,-182806.46,-52.99
554600.0,47.6755,-122.369,452001540,582362.03,27762.03,5.01
651000.0,47.6111,-122.308,7234601541,672802.03,21802.03,3.35
280000.0,47.3088,-122.273,9262800255,162463.54,-117536.46,-41.98
360000.0,47.7765,-122.324,6187700501,302368.4,-57631.6,-16.01
605000.0,47.6798,-122.352,625049153,609983.58,4983.58,0.82
322000.0,47.4253,-122.283,240000031,285586.79,-36413.21,-11.31
269000.0,47.5385,-122.355,3438503140,365263.52,96263.52,35.79
358800.0,47.4204,-122.201,522059352,448619.27,89819.27,25.03
534640.0,47.736,-122.159,1529200480,571194.96,36554.96,6.84
315000.0,47.6978,-122.164,3426059050,329913.13,14913.13,4.73
381000.0,47.3809,-122.098,6654700250,541313.62,160313.62,42.08
374990.0,47.7768,-122.268,5116000170,443265.35,68275.35,18.21
385000.0,47.49100000000001,-122.15,3448720020,400457.07,15457.07,4.01
440000.0,47.6624,-122.354,9521100106,520144.95,80144.95,18.21
709000.0,47.7133,-122.367,7611200195,652797.73,-56202.27,-7.93
390000.0,47.4663,-122.359,1901600090,327232.68,-62767.32,-16.09
570000.0,47.5576,-122.277,5249801440,530691.2,-39308.8,-6.9
425000.0,47.5791,-122.001,3905050240,471879.74,46879.74,11.03
260000.0,47.3357,-122.275,1311800040,184208.54,-75791.46,-29.15
980000.0,47.642,-122.358,2652500795,888626.19,-91373.81,-9.32
709000.0,47.6667,-122.337,9136101776,536918.18,-172081.82,-24.27
270000.0,47.3605,-122.049,1545803240,243030.97,-26969.03,-9.99
929950.0,47.5525,-122.098,5608000590,1161407.76,231457.76,24.89
215150.0,47.3654,-122.082,8651410330,157737.6,-57412.4,-26.68
337500.0,47.462,-122.188,7399300780,389544.55,52044.55,15.42
250000.0,47.5658,-122.292,1607100139,447950.61,197950.61,79.18
300000.0,47.3834,-122.168,1509700050,373536.17,73536.17,24.51
485000.0,47.4461,-122.208,8106300510,716711.83,231711.83,47.78
440000.0,47.557,-122.163,2600010360,617616.1,177616.1,40.37
396000.0,47.6923,-122.369,6638900550,277382.65,-118617.35,-29.95
775000.0,47.7056,-122.119,6192400180,914397.55,139397.55,17.99
643950.0,47.5633,-122.385,952005863,528493.67,-115456.33,-17.93
460000.0,47.65600000000001,-122.359,1819800286,430407.66,-29592.34,-6.43
401000.0,47.7019,-122.366,106000320,409898.8,8898.8,2.22
165000.0,47.5423,-122.351,3438503045,307211.89,142211.89,86.19
425000.0,47.6994,-122.347,263000164,401515.43,-23484.57,-5.53
725000.0,47.6527,-122.195,9413600670,625428.79,-99571.21,-13.73
440000.0,47.6757,-122.385,2767600171,370765.39,-69234.61,-15.74
230000.0,47.4756,-122.294,6099400140,308070.74,78070.74,33.94
360000.0,47.6993,-122.346,263000018,497879.34,137879.34,38.3
234000.0,47.26300000000001,-122.242,2154900330,71854.94,-162145.06,-69.29
360000.0,47.4342,-122.195,3223059141,393097.04,33097.04,9.19
325000.0,47.7157,-122.234,3763300005,528342.69,203342.69,62.57
368000.0,47.53,-121.848,7853230720,284367.17,-83632.83,-22.73
248500.0,47.7063,-122.342,6300000368,357126.0,108626.0,43.71
575000.0,47.6297,-122.117,259800610,552857.82,-22142.18,-3.85
1080000.0,47.7409,-122.198,1726059134,990980.66,-89019.34,-8.24
539000.0,47.7585,-122.022,1026069155,490651.13,-48348.87,-8.97
190000.0,47.3696,-122.17,7140200330,258115.31,68115.31,35.85
872000.0,47.7308,-122.115,2426059103,825435.36,-46564.64,-5.34
595000.0,47.4703,-122.015,5561401210,788132.67,193132.67,32.46
350000.0,47.6841,-122.293,7977201065,427130.04,77130.04,22.04
880000.0,47.5705,-122.225,1824059079,811005.6,-68994.4,-7.84
363000.0,47.5483,-122.394,9417400215,303437.25,-59562.75,-16.41
436500.0,47.4314,-122.164,2591850080,511295.53,74795.53,17.14
888990.0,47.6181,-122.056,293070120,843023.26,-45966.74,-5.17
775000.0,47.6828,-122.267,9294300515,771004.58,-3995.42,-0.52
619850.0,47.5602,-122.176,6072400280,717066.47,97216.47,15.68
530000.0,47.667,-122.142,7922710320,490000.19,-39999.81,-7.55
503000.0,47.7194,-122.172,2558700220,594150.34,91150.34,18.12
356000.0,47.4811,-122.149,1523059105,465108.63,109108.63,30.65
1070000.0,47.674,-122.371,452002135,713639.27,-356360.73,-33.3
304000.0,47.7572,-122.318,6163900821,367596.07,63596.07,20.92
375000.0,47.4693,-122.266,8733000045,401311.08,26311.08,7.02
339000.0,47.5296,-122.379,9842300540,351504.85,12504.85,3.69
291000.0,47.4876,-122.226,1823059223,333658.79,42658.79,14.66
575000.0,47.7136,-122.03,8682261070,453204.72,-121795.28,-21.18
650000.0,47.6438,-122.403,1377300020,408748.42,-241251.58,-37.12
367300.0,47.3535,-122.273,2595650170,330926.11,-36373.89,-9.9
270000.0,47.326,-122.273,6084601060,174404.61,-95595.39,-35.41
400000.0,47.3028,-122.102,1321059097,233541.9,-166458.1,-41.61
440000.0,47.5882,-122.052,924069190,500412.92,60412.92,13.73
555000.0,47.6199,-122.141,3296000170,724020.87,169020.87,30.45
750000.0,47.5219,-122.38,1504800050,831827.35,81827.35,10.91
230000.0,47.2898,-122.251,3356402020,60378.86,-169621.14,-73.75
3640000.0,47.6165,-122.236,3625049042,1997822.09,-1642177.91,-45.11
230000.0,47.4233,-122.198,522059158,360963.08,130963.08,56.94
156000.0,47.5065,-122.339,3163600015,175246.55,19246.55,12.34
314950.0,47.2901,-122.279,2730500140,144699.17,-170250.83,-54.06
565000.0,47.6586,-122.395,7010700245,643856.56,78856.56,13.96
366000.0,47.354,-121.999,5104530430,405991.85,39991.85,10.93
295000.0,47.5108,-122.257,8067000020,366564.3,71564.3,24.26
330000.0,47.5188,-122.265,7129304085,424728.12,94728.12,28.71
460000.0,47.3106,-122.116,3211240370,492857.28,32857.28,7.14
1500000.0,47.6008,-122.01,629800540,1563318.55,63318.55,4.22
1360000.0,47.6903,-122.213,856001130,1061934.07,-298065.93,-21.92
815000.0,47.5939,-122.15,4397650080,950332.3,135332.3,16.61
545000.0,47.6844,-122.392,4443800545,462544.04,-82455.96,-15.13
1500000.0,47.5862,-122.198,629000615,994520.69,-505479.31,-33.7
1260000.0,47.562,-122.404,7603100095,1109673.25,-150326.75,-11.93
555000.0,47.308,-122.087,1796100010,782322.58,227322.58,40.96
660000.0,47.7195,-122.182,1036450170,798683.83,138683.83,21.01
1270000.0,47.6506,-122.195,9544200422,1145752.5,-124247.5,-9.78
262500.0,47.4779,-122.342,4338800500,248977.06,-13522.94,-5.15
959000.0,47.7212,-122.26,3761700067,1067292.11,108292.11,11.29
360000.0,47.5329,-122.271,1443500395,401764.19,41764.19,11.6
435000.0,47.7359,-122.18,1049010300,425008.5,-9991.5,-2.3
405000.0,47.632,-122.03,6817800330,277841.99,-127158.01,-31.4
588000.0,47.6396,-122.112,9557300080,602055.03,14055.03,2.39
415000.0,47.5576,-122.317,2741100280,521218.95,106218.95,25.59
635000.0,47.5693,-122.301,1624049087,699028.5,64028.5,10.08
221000.0,47.3116,-122.358,104540820,75186.81,-145813.19,-65.98
935000.0,47.6384,-122.35,809003105,529196.68,-405803.32,-43.4
398000.0,47.5498,-122.381,66000140,357308.41,-40691.59,-10.22
539000.0,47.5661,-122.29,1604601801,608274.29,69274.29,12.85
900000.0,47.5714,-122.38,9285800180,913332.48,13332.48,1.48
357000.0,47.533,-122.354,2112700030,348863.64,-8136.36,-2.28
248000.0,47.3364,-122.318,5151600480,283708.51,35708.51,14.4
666000.0,47.5781,-122.293,5700000465,803478.87,137478.87,20.64
179950.0,47.3648,-122.081,8651410190,190093.45,10143.45,5.64
278000.0,47.5184,-122.196,1332700020,470324.91,192324.91,69.18
750000.0,47.6819,-122.271,8928100025,617787.0,-132213.0,-17.63
423000.0,47.5511,-122.312,7549802535,572423.37,149423.37,35.32
224500.0,47.3178,-122.174,7137900320,125692.3,-98807.7,-44.01
624950.0,47.6874,-122.178,4045750010,657860.96,32910.96,5.27
655000.0,47.5605,-122.124,1687910100,569260.57,-85739.43,-13.09
599000.0,47.667,-122.335,9136101271,518125.69,-80874.31,-13.5
274000.0,47.3178,-122.38,8731981410,307579.94,33579.94,12.26
575000.0,47.6378,-122.117,686450330,653010.75,78010.75,13.57
655000.0,47.591,-122.017,4221270340,509400.49,-145599.51,-22.23
402000.0,47.7651,-122.339,2807100095,402881.21,881.21,0.22
429900.0,47.29600000000001,-122.35,9578501110,273164.84,-156735.16,-36.46
275000.0,47.3612,-122.185,2621420060,262223.27,-12776.73,-4.65
930000.0,47.3065,-122.158,2025770560,1480204.52,550204.52,59.16
130000.0,47.5883,-122.384,9272202260,449847.82,319847.82,246.04
939000.0,47.5476,-122.397,7935000595,992219.19,53219.19,5.67
395000.0,47.7349,-122.197,6204400130,446449.7,51449.7,13.03
549000.0,47.7268,-122.105,1795900120,605544.12,56544.12,10.3
611000.0,47.6031,-122.021,8635751120,529192.71,-81807.29,-13.39
850000.0,47.7037,-122.016,8682280170,817229.31,-32770.69,-3.86
355000.0,47.7115,-122.355,8911000030,437251.09,82251.09,23.17
504200.0,47.6491,-122.334,1048000160,514318.74,10118.74,2.01
440000.0,47.4826,-121.698,1823099028,167945.62,-272054.38,-61.83
78000.0,47.4739,-122.28,40000362,92681.59,14681.59,18.82
189900.0,47.4959,-122.172,424500100,338501.59,148601.59,78.25
125000.0,47.2892,-122.22,1450100390,3814.6,-121185.4,-96.95
370000.0,47.3846,-122.169,1509500060,580291.15,210291.15,56.84
538000.0,47.7203,-122.323,6414100025,686785.41,148785.41,27.66
540000.0,47.7572,-122.022,1026069172,527589.12,-12410.88,-2.3
250000.0,47.3734,-122.193,1657000070,240618.4,-9381.6,-3.75
1440000.0,47.5427,-122.265,1102000527,1605537.66,165537.66,11.5
215000.0,47.4949,-122.3,5000500055,317258.6,102258.6,47.56
275000.0,47.4364,-122.28,1565600130,279965.45,4965.45,1.81
240000.0,47.3616,-122.286,1310800090,156878.8,-83121.2,-34.63
594950.0,47.6295,-122.042,3066410850,683192.16,88242.16,14.83
784500.0,47.3814,-122.164,5469650040,1695287.94,910787.94,116.1
1600000.0,47.664,-121.878,1125079111,908852.62,-691147.38,-43.2
615000.0,47.6993,-122.378,2675600028,623434.94,8434.94,1.37
310000.0,47.3962,-122.309,8643000190,202246.67,-107753.33,-34.76
367500.0,47.7372,-122.316,6632900574,532298.3,164798.3,44.84
205000.0,47.4743,-122.274,1523049209,293481.14,88481.14,43.16
375000.0,47.5096,-122.363,8151600973,574157.03,199157.03,53.11
339888.0,47.7137,-122.213,1736100090,408012.89,68124.89,20.04
495000.0,47.4912,-122.145,7708200400,537856.91,42856.91,8.66
893880.0,47.565,-122.144,7856700060,702365.84,-191514.16,-21.43
1220000.0,47.6396,-122.409,1370800830,1423177.03,203177.03,16.65
285000.0,47.3668,-122.312,7888400500,144100.41,-140899.59,-49.44
402500.0,47.3053,-122.34,7298020240,465154.47,62654.47,15.57
675000.0,47.6285,-122.058,7504000230,747422.95,72422.95,10.73
370000.0,47.3054,-122.221,8699100240,320057.64,-49942.36,-13.5
705000.0,47.6722,-122.389,2767603890,665337.62,-39662.38,-5.63
300000.0,47.3195,-122.273,8001600150,225184.53,-74815.47,-24.94
680000.0,47.6649,-122.082,9510970530,624606.95,-55393.05,-8.15
895990.0,47.6847,-122.017,7203220300,839632.19,-56357.81,-6.29
774950.0,47.3602,-121.986,7167000060,765836.14,-9113.86,-1.18
477590.0,47.5053,-122.377,1769600147,479180.99,1590.99,0.33
350500.0,47.4738,-122.35,2970800145,258379.92,-92120.08,-26.28
305000.0,47.4473,-121.774,9407001600,164001.38,-140998.62,-46.23
325000.0,47.2082,-122.009,9432900040,220416.48,-104583.52,-32.18
479500.0,47.5216,-121.878,7853310720,408915.93,-70584.07,-14.72
400000.0,47.398,-122.081,1822069041,542151.25,142151.25,35.54
419900.0,47.3595,-122.038,5416500980,549498.68,129598.68,30.86
382500.0,47.378,-122.03,9406570300,531637.31,149137.31,38.99
408000.0,47.6063,-122.305,9126100487,565058.81,157058.81,38.49
565000.0,47.649,-122.335,4083306620,452276.57,-112723.43,-19.95
875000.0,47.5622,-122.153,7856610490,708255.27,-166744.73,-19.06
314950.0,47.473,-122.149,5127001320,396036.66,81086.66,25.75
340000.0,47.7446,-122.332,2071700010,499800.93,159800.93,47.0
1350000.0,47.7352,-122.116,3401700150,1702911.17,352911.17,26.14
920000.0,47.6178,-122.29,9103000455,714487.81,-205512.19,-22.34
700000.0,47.6844,-122.332,2883200961,489225.4,-210774.6,-30.11
541000.0,47.6646,-122.367,1982201595,454226.48,-86773.52,-16.04
630000.0,47.33600000000001,-122.35,1954600050,518538.35,-111461.65,-17.69
1200000.0,47.6272,-122.318,2663000345,880317.64,-319682.36,-26.64
591000.0,47.77,-122.097,1774220400,642409.28,51409.28,8.7
310000.0,47.3969,-122.205,1091500120,328155.32,18155.32,5.86
409950.0,47.3558,-122.013,5104511050,421464.6,11514.6,2.81
547500.0,47.5618,-122.176,6072760390,653687.2,106187.2,19.39
594000.0,47.6674,-122.365,475000510,501556.64,-92443.36,-15.56
200000.0,47.4966,-122.255,399000195,219494.93,19494.93,9.75
230000.0,47.476000000000006,-122.151,9347900020,260755.55,30755.55,13.37
380000.0,47.3497,-122.044,2310100230,382639.03,2639.03,0.69
462000.0,47.764,-122.36,9508500075,506672.68,44672.68,9.67
330000.0,47.5149,-122.263,7129800063,457500.51,127500.51,38.64
290000.0,47.4648,-121.756,7334500090,218325.81,-71674.19,-24.72
539000.0,47.6491,-122.061,8651510380,505096.23,-33903.77,-6.29
270000.0,47.519,-122.26,8071000050,323574.45,53574.45,19.84
855000.0,47.5647,-122.108,8965520100,1152928.94,297928.94,34.85
686000.0,47.7145,-122.369,7611200086,580511.87,-105488.13,-15.38
339950.0,47.5102,-122.324,797000256,272035.72,-67914.28,-19.98
549000.0,47.4804,-122.126,4305600040,603242.58,54242.58,9.88
312000.0,47.5509,-122.366,9284802825,378572.59,66572.59,21.34
428000.0,47.7106,-122.03,8682230550,422907.5,-5092.5,-1.19
772000.0,47.6196,-122.297,9828701508,576417.35,-195582.65,-25.33
675000.0,47.7082,-122.221,9194102188,965090.67,290090.67,42.98
675900.0,47.4855,-122.149,642150080,705306.1,29406.1,4.35
220000.0,47.4976,-122.35,9382200025,202758.9,-17241.1,-7.84
320000.0,47.7552,-122.327,7305300045,270654.37,-49345.63,-15.42
385000.0,47.3601,-122.035,5416510920,589562.09,204562.09,53.13
550000.0,47.5551,-122.172,6071400360,666337.29,116337.29,21.15
453000.0,47.7206,-122.197,2026059119,496932.23,43932.23,9.7
400000.0,47.6856,-122.385,6021502830,388526.63,-11473.37,-2.87
720000.0,47.535,-121.867,7852010290,922098.57,202098.57,28.07
310000.0,47.4546,-122.337,936000060,338505.96,28505.96,9.2
720000.0,47.5632,-122.017,3904902630,722427.65,2427.65,0.34
1250000.0,47.6406,-122.101,3134100023,1602695.49,352695.49,28.22
620000.0,47.7113,-122.309,8901000543,625204.59,5204.59,0.84
245000.0,47.4945,-122.22,4268200055,322657.18,77657.18,31.7
180000.0,47.4866,-122.219,3185600040,390567.54,210567.54,116.98
207000.0,47.5245,-122.33,13001991,381002.28,174002.28,84.06
964000.0,47.6544,-122.085,1825069072,1079484.46,115484.46,11.98
242025.0,47.4153,-122.184,922059020,407021.18,164996.18,68.17
445000.0,47.5669,-122.017,3904901450,416055.56,-28944.44,-6.5
690000.0,47.5433,-122.384,2719100115,759506.22,69506.22,10.07
462608.0,47.5528,-121.999,8929000040,417717.63,-44890.37,-9.7
1420000.0,47.6583,-122.27,6613001241,1413829.65,-6170.35,-0.43
373000.0,47.7623,-122.161,8029650040,400094.52,27094.52,7.26
287200.0,47.3493,-122.034,2025700730,284733.42,-2466.58,-0.86
245000.0,47.4034,-122.189,6700390100,322258.97,77258.97,31.53
347000.0,47.2659,-122.215,4136920030,253596.38,-93403.62,-26.92
430000.0,47.6652,-122.338,9136103130,543653.49,113653.49,26.43
478000.0,47.6743,-122.374,2767704252,478486.83,486.83,0.1
310000.0,47.7693,-122.32,5490700100,335542.84,25542.84,8.24
350000.0,47.7345,-121.977,1326069188,369304.31,19304.31,5.52
480000.0,47.515,-121.873,7853361230,319055.83,-160944.17,-33.53
430000.0,47.5319,-121.85,7853210060,267126.63,-162873.37,-37.88
383000.0,47.464,-122.192,7399200510,549115.38,166115.38,43.37
360000.0,47.1775,-122.022,3420069065,319020.62,-40979.38,-11.38
500000.0,47.7326,-122.197,3764650010,604314.96,104314.96,20.86
338000.0,47.5001,-122.338,2816900030,358303.23,20303.23,6.01
577000.0,47.6638,-122.292,2436200320,536700.5,-40299.5,-6.98
294999.0,47.3635,-122.188,4345300050,227685.12,-67313.88,-22.82
475000.0,47.6848,-122.392,4443800415,407757.87,-67242.13,-14.16
449000.0,47.5386,-122.373,8122100690,419048.1,-29951.9,-6.67
499000.0,47.7195,-122.371,1124000005,540194.98,41194.98,8.26
249900.0,47.5271,-122.375,4364700165,245820.53,-4079.47,-1.63
423000.0,47.7108,-122.352,6378500230,448688.95,25688.95,6.07
273148.0,47.4094,-122.175,2787311110,355126.94,81978.94,30.01
462000.0,47.4487,-122.205,1543000060,690700.79,228700.79,49.5
300000.0,47.5874,-122.311,7548300441,406230.24,106230.24,35.41
543200.0,47.4635,-122.362,2338800100,682654.42,139454.42,25.67
379900.0,47.5442,-122.371,3278611600,453413.84,73513.84,19.35
627800.0,47.6446,-122.068,8651500850,578890.43,-48909.57,-7.79
713000.0,47.5561,-122.266,1231000310,785316.04,72316.04,10.14
275000.0,47.5049,-122.18,7227801630,241887.97,-33112.03,-12.04
237000.0,47.3473,-122.305,4222200380,256080.04,19080.04,8.05
336900.0,47.7731,-121.897,4047200655,307668.57,-29231.43,-8.68
264500.0,47.3926,-122.168,5469700060,301098.06,36598.06,13.84
335000.0,47.5229,-121.838,7802900380,124913.36,-210086.64,-62.71
399000.0,47.6904,-122.342,5676000004,427140.51,28140.51,7.05
289000.0,47.3643,-122.041,9406550050,255282.21,-33717.79,-11.67
450000.0,47.5933,-122.308,7132300540,604503.68,154503.68,34.33
464950.0,47.5106,-122.365,123039147,389193.57,-75756.43,-16.29
223000.0,47.3666,-122.084,1796380960,255902.93,32902.93,14.75
554500.0,47.6396,-122.113,9557300570,632344.47,77844.47,14.04
309000.0,47.4902,-122.331,1446800710,276463.46,-32536.54,-10.53
230000.0,47.3343,-122.306,7983200060,135274.43,-94725.57,-41.19
359900.0,47.4999,-122.165,1061500630,607681.61,247781.61,68.85
420000.0,47.5941,-122.142,646500070,516724.66,96724.66,23.03
359000.0,47.4917,-122.167,8944750480,412923.41,53923.41,15.02
459500.0,47.7325,-122.337,6450301835,340080.67,-119419.33,-25.99
432100.0,47.7089,-122.23,9527000490,565281.31,133181.31,30.82
273000.0,47.1955,-121.991,6802210210,72862.84,-200137.16,-73.31
540000.0,47.5707,-121.999,3905040070,436816.74,-103183.26,-19.11
1800000.0,47.6312,-122.224,9286730020,1275770.14,-524229.86,-29.12
335000.0,47.7595,-122.356,641900050,390628.81,55628.81,16.61
399950.0,47.2974,-122.349,9578500790,362305.81,-37644.19,-9.41
150000.0,47.3697,-122.309,7888000400,92406.16,-57593.84,-38.4
278000.0,47.2911,-122.353,6664900470,97650.03,-180349.97,-64.87
498688.0,47.5752,-122.009,3904980320,473108.91,-25579.09,-5.13
297262.0,47.2619,-122.308,7212680860,170085.47,-127176.53,-42.78
352500.0,47.6844,-122.387,6021503707,432432.6,79932.6,22.68
420000.0,47.7512,-122.295,5538300120,421623.98,1623.98,0.39
436000.0,47.754,-122.217,9269260420,539121.26,103121.26,23.65
439000.0,47.6775,-122.388,2856100125,378753.2,-60246.8,-13.72
975000.0,47.652,-122.2,9414100030,1195631.36,220631.36,22.63
460000.0,47.7001,-122.279,4074300150,345203.65,-114796.35,-24.96
735000.0,47.5683,-122.283,8121100415,834820.97,99820.97,13.58
95000.0,47.3046,-122.215,7335400215,49215.6,-45784.4,-48.19
680000.0,47.6755,-122.403,6908200250,493571.62,-186428.38,-27.42
750000.0,47.6985,-122.387,579003645,876499.57,126499.57,16.87
449500.0,47.5482,-121.998,3629990020,284286.25,-165213.75,-36.76
550000.0,47.6062,-122.057,8562901100,549700.44,-299.56,-0.05
345000.0,47.3259,-121.896,1021079099,357201.14,12201.14,3.54
360000.0,47.554,-122.306,1708400595,490947.1,130947.1,36.37
349950.0,47.3659,-122.029,3793500920,350205.9,255.9,0.07
430000.0,47.7166,-122.293,8822901200,497974.2,67974.2,15.81
825000.0,47.664,-122.402,4237901345,748025.58,-76974.42,-9.33
219950.0,47.4434,-122.283,7147600070,269421.89,49471.89,22.49
340000.0,47.4285,-122.511,222029026,258923.65,-81076.35,-23.85
185000.0,47.328,-122.341,1788900380,52211.87,-132788.13,-71.78
1280000.0,47.6425,-122.406,1068000559,1142447.06,-137552.94,-10.75
654000.0,47.6233,-122.102,8563001130,697981.96,43981.96,6.73
495000.0,47.6718,-122.267,2985800030,390603.39,-104396.61,-21.09
545000.0,47.592,-122.082,7527200360,601094.2,56094.2,10.29
950000.0,47.5671,-122.405,1563102435,923930.82,-26069.18,-2.74
1250000.0,47.6256,-122.284,5317100570,870767.13,-379232.87,-30.34
760000.0,47.6877,-122.295,9212900180,746475.41,-13524.59,-1.78
227000.0,47.4916,-122.254,1123049126,320727.91,93727.91,41.29
233000.0,47.3035,-122.382,3279000420,3194.85,-229805.15,-98.63
355000.0,47.7695,-122.359,2797500030,297616.55,-57383.45,-16.16
925000.0,47.6328,-122.016,2225069036,923686.16,-1313.84,-0.14
553000.0,47.6065,-122.113,3625059166,462881.75,-90118.25,-16.3
425000.0,47.5304,-122.38,2695600455,395193.61,-29806.39,-7.01
720000.0,47.6864,-122.341,625049274,509129.05,-210870.95,-29.29
280000.0,47.3749,-122.225,9183702251,252525.25,-27474.75,-9.81
344950.0,47.7619,-122.343,7276100145,376197.38,31247.38,9.06
1350000.0,47.6394,-122.299,8712100350,1068714.01,-281285.99,-20.84
430000.0,47.5553,-122.316,7925100271,569225.59,139225.59,32.38
715000.0,47.6717,-122.025,3121500100,724894.25,9894.25,1.38
416500.0,47.5309,-122.382,3013300968,328954.09,-87545.91,-21.02
439000.0,47.4821,-121.719,1323089056,240305.92,-198694.08,-45.26
800000.0,47.6285,-121.899,2725079018,743647.75,-56352.25,-7.04
736000.0,47.5599,-122.105,7805450110,717072.31,-18927.69,-2.57
820000.0,47.6469,-122.081,6352600490,741363.28,-78636.72,-9.59
1100000.0,47.5825,-122.4,3508100135,932925.25,-167074.75,-15.19
785000.0,47.6194,-122.151,4178300310,815714.52,30714.52,3.91
464950.0,47.559,-122.365,1773100310,374989.06,-89960.94,-19.35
265000.0,47.7117,-122.326,2926049582,393572.43,128572.43,48.52
210000.0,47.4136,-122.333,7893805650,136579.62,-73420.38,-34.96
706000.0,47.6894,-122.016,7203150080,530728.39,-175271.61,-24.83
673000.0,47.5606,-122.011,3528960020,585537.54,-87462.46,-13.0
500000.0,47.6859,-122.166,3888100176,522104.02,22104.02,4.42
240000.0,47.7343,-122.335,7655900031,273837.28,33837.28,14.1
250000.0,47.2639,-122.285,3750603685,132408.08,-117591.92,-47.04
930000.0,47.5854,-122.114,627300105,1060276.22,130276.22,14.01
419950.0,47.50899999999999,-122.166,8044050040,538966.22,119016.22,28.34
685000.0,47.6691,-122.29,8827901350,696395.27,11395.27,1.66
1330000.0,47.6574,-122.278,4219400555,1125332.17,-204667.83,-15.39
624000.0,47.6728,-122.396,7550801206,559930.58,-64069.42,-10.27
280000.0,47.7052,-122.346,2291400342,382757.67,102757.67,36.7
230000.0,47.455,-122.182,1423800210,335376.99,105376.99,45.82
289000.0,47.3724,-122.104,6699000710,406307.47,117307.47,40.59
500000.0,47.6966,-122.127,7199340320,555152.21,55152.21,11.03
201000.0,47.3242,-122.144,6600400260,198899.01,-2100.99,-1.05
835000.0,47.7168,-122.365,930000415,1191960.78,356960.78,42.75
433000.0,47.6568,-122.321,4092302096,515126.89,82126.89,18.97
345000.0,47.7451,-122.313,3432500215,372629.08,27629.08,8.01
348000.0,47.7366,-122.319,6703100135,401136.55,53136.55,15.27
360500.0,47.5658,-122.291,1604601855,570811.0,210311.0,58.34
536500.0,47.5659,-122.375,9297301505,540842.47,4342.47,0.81
295000.0,47.3747,-122.128,1843130360,306903.86,11903.86,4.04
372000.0,47.5522,-122.382,2461900446,374872.04,2872.04,0.77
455000.0,47.7498,-122.184,2095800400,582322.34,127322.34,27.98
715000.0,47.7081,-122.277,4077800026,1075279.63,360279.63,50.39
693000.0,47.5574,-122.214,2162000190,800529.67,107529.67,15.52
431000.0,47.5375,-122.175,3204800040,520790.85,89790.85,20.83
279000.0,47.4766,-122.326,2762600035,285421.05,6421.05,2.3
340000.0,47.6958,-122.357,3626039229,334950.9,-5049.1,-1.49
386180.0,47.6032,-122.308,1934800162,420209.76,34029.76,8.81
319502.0,47.3778,-122.001,2322069175,276098.93,-43403.07,-13.58
1150000.0,47.7255,-122.059,624110860,1115489.11,-34510.89,-3.0
390000.0,47.3323,-122.079,7215410320,516729.47,126729.47,32.49
449000.0,47.7365,-122.339,7655900187,487025.12,38025.12,8.47
455000.0,47.6388,-122.103,8965000110,460113.15,5113.15,1.12
566000.0,47.5985,-122.016,7215722010,431361.19,-134638.81,-23.79
669000.0,47.6898,-122.015,7203150330,522135.73,-146864.27,-21.95
1030000.0,47.5066,-122.148,323059327,1273703.98,243703.98,23.66
715000.0,47.5803,-122.227,6666800180,753776.66,38776.66,5.42
382000.0,47.7611,-122.233,982850020,359522.16,-22477.84,-5.88
985000.0,47.7287,-122.077,1853000510,1202872.43,217872.43,22.12
349900.0,47.4624,-122.132,8856920250,506416.6,156516.6,44.73
340000.0,47.7042,-122.369,6154900130,294032.34,-45967.66,-13.52
290000.0,47.497,-122.369,6326000205,463406.61,173406.61,59.8
452000.0,47.3391,-122.325,5152700120,1199928.61,747928.61,165.47
476800.0,47.7265,-122.136,3404700080,477529.23,729.23,0.15
475300.0,47.688,-122.168,3888100029,590269.44,114969.44,24.19
318888.0,47.3644,-122.28,1310900260,380735.95,61847.95,19.39
890000.0,47.6354,-122.353,809001525,772697.7,-117302.3,-13.18
255000.0,47.3725,-122.073,7760400420,253361.52,-1638.48,-0.64
310000.0,47.5237,-122.353,3298700156,389258.47,79258.47,25.57
370000.0,47.5697,-122.4,6384500035,347263.59,-22736.41,-6.14
210000.0,47.5308,-122.376,8150100045,261132.69,51132.69,24.35
210500.0,47.2755,-122.308,2345500010,71242.96,-139257.04,-66.16
248000.0,47.3087,-122.354,104530490,93485.52,-154514.48,-62.3
647000.0,47.5965,-122.038,2782100260,607286.68,-39713.32,-6.14
499000.0,47.5407,-121.89,7853301130,334698.84,-164301.16,-32.93
580050.0,47.6837,-122.321,3543900418,966542.26,386492.26,66.63
750000.0,47.7066,-122.112,9526600260,722785.73,-27214.27,-3.63
590000.0,47.5679,-122.011,3904921070,598194.74,8194.74,1.39
187500.0,47.3281,-122.344,1788800770,-15994.7,-203494.7,-108.53
327500.0,47.5427,-122.288,3333002440,352455.76,24955.76,7.62
1680000.0,47.603,-122.012,629800660,1490378.85,-189621.15,-11.29
260000.0,47.383,-122.288,8857600820,199953.62,-60046.38,-23.09
429950.0,47.7712,-122.285,4017600010,520233.61,90283.61,21.0
1380000.0,47.6575,-122.197,1234000704,1049795.14,-330204.86,-23.93
277500.0,47.2772,-122.354,2180001080,90786.63,-186713.37,-67.28
725786.0,47.5847,-122.08,6441800060,847903.48,122117.48,16.83
456500.0,47.7027,-122.361,108000127,521838.45,65338.45,14.31
477000.0,47.6758,-122.386,2767600150,448395.33,-28604.67,-6.0
309950.0,47.4439,-122.19,6402710120,362431.43,52481.43,16.93
659950.0,47.7341,-122.234,5631500285,875486.26,215536.26,32.66
901000.0,47.5347,-122.38,2492200335,444288.66,-456711.34,-50.69
505000.0,47.4428,-122.344,5072410070,508814.69,3814.69,0.76
221900.0,47.5112,-122.257,7129300520,322995.34,101095.34,45.56
752000.0,47.6233,-122.319,6852700476,589025.23,-162974.77,-21.67
435000.0,47.6797,-122.292,7170200080,501560.7,66560.7,15.3
920000.0,47.6006,-122.153,324059161,1134216.41,214216.41,23.28
678100.0,47.5853,-122.39,9274202620,620582.14,-57517.86,-8.48
487000.0,47.5423,-122.302,5200087,683705.22,196705.22,40.39
353000.0,47.3812,-122.023,705700640,344161.64,-8838.36,-2.5
158000.0,47.3679,-122.182,7697870600,286704.65,128704.65,81.46
730000.0,47.5914,-122.134,4157600150,744357.76,14357.76,1.97
251000.0,47.3334,-122.298,7985000010,214535.64,-36464.36,-14.53
465000.0,47.3064,-122.1,2817910220,517472.86,52472.86,11.28
452000.0,47.6872,-122.344,917000300,405625.69,-46374.31,-10.26
3300000.0,47.605,-122.112,3625059043,2456533.55,-843466.45,-25.56
299500.0,47.5724,-122.301,4263200030,354398.82,54898.82,18.33
285000.0,47.5449,-122.272,1105000229,463080.32,178080.32,62.48
203000.0,47.3187,-122.18,1685200020,165336.05,-37663.95,-18.55
359950.0,47.3356,-122.157,321059059,387663.38,27713.38,7.7
500000.0,47.5666,-122.293,1607100038,700479.58,200479.58,40.1
378000.0,47.5925,-122.295,567000381,392184.63,14184.63,3.75
243500.0,47.3683,-122.164,4030500130,389758.45,146258.45,60.07
369950.0,47.53100000000001,-122.351,2113700115,379162.36,9212.36,2.49
563000.0,47.7466,-122.241,5631500866,672194.28,109194.28,19.4
475000.0,47.772,-122.297,4022901316,509865.73,34865.73,7.34
390000.0,47.4964,-121.771,7795810110,371602.28,-18397.72,-4.72
217000.0,47.3021,-122.375,9542800290,83404.76,-133595.24,-61.56
350000.0,47.3236,-122.337,4166800320,276675.1,-73324.9,-20.95
665000.0,47.5834,-122.29,1024049006,942680.75,277680.75,41.76
450000.0,47.7597,-122.167,2475400120,619160.34,169160.34,37.59
485000.0,47.389,-122.088,1822069109,502181.75,17181.75,3.54
512500.0,47.7002,-122.188,8561200110,594908.85,82408.85,16.08
359000.0,47.4956,-122.181,2457200120,540592.17,181592.17,50.58
445000.0,47.6793,-122.395,3693900245,372189.29,-72810.71,-16.36
290500.0,47.4785,-122.228,2143701015,632745.81,342245.81,117.81
532000.0,47.6198,-122.044,1954440080,489771.87,-42228.13,-7.94
1410000.0,47.6334,-122.229,5427100150,1000418.89,-409581.11,-29.05
500000.0,47.5694,-122.005,3905100840,451367.47,-48632.53,-9.73
625000.0,47.6078,-122.154,3425059099,808324.39,183324.39,29.33
425000.0,47.5663,-122.274,5249802660,479326.03,54326.03,12.78
580000.0,47.6821,-122.326,9528101061,523055.32,-56944.68,-9.82
577500.0,47.7067,-122.2,1525200060,677475.27,99975.27,17.31
374000.0,47.3631,-122.271,4016800120,357685.13,-16314.87,-4.36
585000.0,47.5569,-122.273,3334000055,502099.83,-82900.17,-14.17
110000.0,47.2655,-122.244,1278000210,-68446.86,-178446.86,-162.22
370000.0,47.7598,-122.146,9517200610,371455.55,1455.55,0.39
420000.0,47.3293,-122.306,537000075,240492.51,-179507.49,-42.74
348000.0,47.4091,-122.331,7893800250,599847.3,251847.3,72.37
795000.0,47.5705,-122.406,1818800289,559220.2,-235779.8,-29.66
1350000.0,47.5413,-122.216,2581300010,1054146.78,-295853.22,-21.92
125000.0,47.5033,-122.358,6303401150,181931.57,56931.57,45.55
675000.0,47.3637,-121.955,3022079094,603957.21,-71042.79,-10.52
532000.0,47.5773,-122.383,513000665,450189.82,-81810.18,-15.38
445000.0,47.6289,-122.119,259800410,508051.86,63051.86,14.17
1300000.0,47.6952,-122.402,4441300170,1290608.92,-9391.08,-0.72
270000.0,47.4203,-122.157,3705000060,355920.98,85920.98,31.82
485000.0,47.6872,-122.349,6430000275,397471.17,-87528.83,-18.05
254000.0,47.3539,-122.054,2215901230,259211.15,5211.15,2.05
277000.0,47.3683,-122.279,1941400080,244205.39,-32794.61,-11.84
229500.0,47.5071,-122.249,3878900464,382888.63,153388.63,66.84
369950.0,47.381,-122.035,3303951600,375928.45,5978.45,1.62
280000.0,47.4234,-122.212,7931000066,374821.44,94821.44,33.86
437500.0,47.6933,-122.361,3501600135,450921.04,13421.04,3.07
830000.0,47.708,-122.109,9578090050,869861.32,39861.32,4.8
472500.0,47.6863,-122.093,1542800010,510830.84,38330.84,8.11
379500.0,47.2041,-122.021,2220069203,317401.05,-62098.95,-16.36
575000.0,47.6187,-122.04,1954430390,539736.89,-35263.11,-6.13
284000.0,47.4199,-122.157,3705000120,354508.23,70508.23,24.83
424950.0,47.5047,-122.17,7207900050,606302.52,181352.52,42.68
345000.0,47.5397,-122.387,3869900150,275823.49,-69176.51,-20.05
440000.0,47.7622,-122.302,9289900065,424406.62,-15593.38,-3.54
330000.0,47.5248,-122.365,859000022,435931.11,105931.11,32.1
445000.0,47.5067,-122.361,8151601090,469533.99,24533.99,5.51
515000.0,47.6191,-122.112,4039100400,777908.77,262908.77,51.05
415000.0,47.3397,-121.918,421079142,454119.04,39119.04,9.43
458000.0,47.67100000000001,-122.269,1025049254,652751.47,194751.47,42.52
283000.0,47.698,-122.357,3626039250,302116.42,19116.42,6.75
545500.0,47.5591,-122.295,4346300010,566471.99,20971.99,3.84
550000.0,47.7667,-122.33,4213910030,395711.67,-154288.33,-28.05
845000.0,47.6857,-122.331,6815100370,748946.8,-96053.2,-11.37
270000.0,47.4202,-122.331,7893205080,169024.27,-100975.73,-37.4
628000.0,47.6882,-122.184,2273600260,520830.23,-107169.77,-17.07
334950.0,47.3439,-122.198,1841500050,332696.59,-2253.41,-0.67
495000.0,47.6935,-122.312,5101402276,712214.1,217214.1,43.88
449950.0,47.6935,-122.341,993000136,419243.55,-30706.45,-6.82
289000.0,47.494,-122.165,8805400090,304731.37,15731.37,5.44
215000.0,47.3041,-122.28,6181400470,176934.94,-38065.06,-17.7
682000.0,47.7468,-122.112,9408300180,808513.44,126513.44,18.55
261000.0,47.3617,-122.052,1545801340,225771.96,-35228.04,-13.5
265000.0,47.5304,-122.356,4303200555,285538.24,20538.24,7.75
190000.0,47.5024,-122.32,3361400190,245808.24,55808.24,29.37
360000.0,47.4332,-122.144,908000010,529703.88,169703.88,47.14
194000.0,47.5417,-122.357,3438502668,368517.98,174517.98,89.96
465000.0,47.6828,-122.395,2872100245,349524.85,-115475.15,-24.83
280000.0,47.5209,-122.286,7896300150,386011.31,106011.31,37.86
499000.0,47.3497,-121.944,3222079083,271934.16,-227065.84,-45.5
799500.0,47.627,-122.303,1338800491,753819.17,-45680.83,-5.71
107000.0,47.5243,-122.358,7899800450,302700.66,195700.66,182.9
300000.0,47.3108,-122.345,9264920870,226306.35,-73693.65,-24.56
340000.0,47.2614,-122.29,5412100240,263320.69,-76679.31,-22.55
325000.0,47.371,-122.173,1079600270,312872.7,-12127.3,-3.73
899900.0,47.6852,-122.21,3885802135,665309.67,-234590.33,-26.07
1320000.0,47.6344,-122.369,1860600535,880745.83,-439254.17,-33.28
538000.0,47.5272,-122.169,6388900710,592909.8,54909.8,10.21
299950.0,47.7456,-121.984,255550230,339155.36,39205.36,13.07
330000.0,47.4837,-122.148,847100078,299060.2,-30939.8,-9.38
740000.0,47.6649,-122.135,7202430150,919855.23,179855.23,24.3
355000.0,47.3613,-122.038,5416510490,523799.19,168799.19,47.55
342000.0,47.7151,-122.203,7941130110,428005.56,86005.56,25.15
598000.0,47.5671,-122.378,952000495,770931.61,172931.61,28.92
525000.0,47.5275,-122.391,9169600135,486233.65,-38766.35,-7.38
210000.0,47.5166,-122.269,7131300025,360564.01,150564.01,71.7
265000.0,47.5187,-122.377,5347200165,229340.45,-35659.55,-13.46
548000.0,47.6115,-122.124,4037800140,583198.51,35198.51,6.42
287600.0,47.343,-122.28,2744000010,210539.56,-77060.44,-26.79
425000.0,47.6721,-122.152,9512500680,519768.32,94768.32,22.3
502000.0,47.5886,-122.113,7525300260,674874.88,172874.88,34.44
345000.0,47.474,-122.125,1016000080,317892.31,-27107.69,-7.86
595000.0,47.6366,-122.365,2397101375,421736.52,-173263.48,-29.12
365000.0,47.5297,-122.381,9842300095,380020.23,15020.23,4.12
765000.0,47.631,-122.108,2525059077,680093.59,-84906.41,-11.1
440000.0,47.698,-122.351,1529300435,519153.83,79153.83,17.99
420000.0,47.6988,-121.915,4046600320,369126.29,-50873.71,-12.11
450000.0,47.7347,-122.226,704450070,574990.82,124990.82,27.78
693000.0,47.5538,-122.191,2024059059,959521.38,266521.38,38.46
615000.0,47.7516,-122.237,5634500775,597535.6,-17464.4,-2.84
286000.0,47.5437,-122.28,6607000095,455835.53,169835.53,59.38
306500.0,47.3627,-122.073,8648100130,330086.69,23586.69,7.7
446000.0,47.6948,-122.357,1172000135,444229.27,-1770.73,-0.4
399950.0,47.3781,-122.126,8562890370,565568.81,165618.81,41.41
280000.0,47.4834,-122.332,1446400715,239411.77,-40588.23,-14.5
350000.0,47.7622,-122.163,9144300060,397426.56,47426.56,13.55
375000.0,47.7032,-122.36,7586200061,451237.94,76237.94,20.33
620000.0,47.7426,-121.976,1099950050,1053025.57,433025.57,69.84
378500.0,47.5453,-122.279,3812400107,517393.29,138893.29,36.7
429000.0,47.5015,-121.773,323089173,323325.03,-105674.97,-24.63
585000.0,47.3548,-122.002,5104531640,691128.09,106128.09,18.14
391500.0,47.7288,-122.226,6675500070,427304.13,35804.13,9.15
399950.0,47.3442,-122.062,1796250140,416388.17,16438.17,4.11
440000.0,47.5073,-122.168,423059409,432727.97,-7272.03,-1.65
385000.0,47.4538,-122.125,2473450200,570620.95,185620.95,48.21
202000.0,47.3769,-122.237,1863900190,134797.11,-67202.89,-33.27
851000.0,47.5878,-121.976,8691300860,788781.98,-62218.02,-7.31
530000.0,47.6677,-122.316,6746700605,572489.98,42489.98,8.02
515000.0,47.7388,-122.339,1826049362,741145.54,226145.54,43.91
350000.0,47.5053,-122.242,4058801225,571298.83,221298.83,63.23
395000.0,47.63800000000001,-121.968,203900690,372992.65,-22007.35,-5.57
630000.0,47.6926,-122.186,3902300450,664531.31,34531.31,5.48
280000.0,47.6339,-122.033,6817801030,268914.51,-11085.49,-3.96
336000.0,47.4958,-122.262,4327600010,363008.24,27008.24,8.04
2300000.0,47.6154,-122.21,4389200765,1259757.83,-1040242.17,-45.23
445000.0,47.6783,-122.298,3692900010,489840.74,44840.74,10.08
382500.0,47.5253,-122.043,5706200280,360239.0,-22261.0,-5.82
326000.0,47.7114,-122.301,8902500118,436462.85,110462.85,33.88
247500.0,47.2835,-122.2,7349650230,116029.31,-131470.69,-53.12
255000.0,47.4987,-121.781,8570900023,170090.21,-84909.79,-33.3
890000.0,47.5404,-122.073,8562710250,1359783.74,469783.74,52.78
357000.0,47.3811,-122.325,2013802030,579945.89,222945.89,62.45
329780.0,47.5014,-122.34,7694200380,402505.87,72725.87,22.05
669000.0,47.5639,-122.292,6056110460,694883.76,25883.76,3.87
685000.0,47.6652,-122.338,9136103130,543653.49,-141346.51,-20.63
780000.0,47.4846,-122.067,7880010150,1020749.65,240749.65,30.87
295000.0,47.5102,-122.364,123039626,303900.64,8900.64,3.02
555000.0,47.5762,-122.412,6373000130,290887.71,-264112.29,-47.59
680000.0,47.5524,-121.992,3629970090,590704.97,-89295.03,-13.13
680000.0,47.5881,-122.165,7254000100,648795.3,-31204.7,-4.59
575000.0,47.7735,-122.281,4027700009,644928.09,69928.09,12.16
585000.0,47.679,-122.288,8585400135,505790.12,-79209.88,-13.54
802500.0,47.5818,-121.972,98020410,858722.9,56222.9,7.01
385500.0,47.7605,-122.217,2248000080,432182.65,46682.65,12.11
624000.0,47.6864,-122.365,7519001275,496214.54,-127785.46,-20.48
661000.0,47.7397,-122.126,3401700031,618672.08,-42327.92,-6.4
445000.0,47.6289,-122.108,2525059127,445406.34,406.34,0.09
280000.0,47.5261,-122.374,4364700730,297999.91,17999.91,6.43
448000.0,47.6817,-122.035,7202330370,356157.85,-91842.15,-20.5
524000.0,47.5502,-122.268,4109600195,725533.91,201533.91,38.46
362500.0,47.5289,-122.028,3424069154,332875.14,-29624.86,-8.17
289000.0,47.4511,-122.089,5112800233,329154.85,40154.85,13.89
500000.0,47.6917,-122.38,3300701185,349491.37,-150508.63,-30.1
900000.0,47.5211,-122.157,1115300270,1149747.57,249747.57,27.75
515000.0,47.5576,-122.388,3902100205,215289.03,-299710.97,-58.2
585444.0,47.5816,-122.296,9122001231,765871.63,180427.63,30.82
275000.0,47.3124,-122.345,9264921110,199834.89,-75165.11,-27.33
535900.0,47.5937,-122.116,4046400010,589393.1,53493.1,9.98
781000.0,47.6616,-122.356,7517500610,820741.98,39741.98,5.09
210000.0,47.4921,-122.275,179003055,190652.22,-19347.78,-9.21
395000.0,47.7225,-122.202,1441800030,524673.07,129673.07,32.83
360000.0,47.6958,-122.343,9524100050,462942.99,102942.99,28.6
315000.0,47.7201,-122.35,4343800100,394945.59,79945.59,25.38
558000.0,47.5891,-122.387,9274200316,487429.48,-70570.52,-12.65
205000.0,47.2761,-122.208,7345200400,106216.66,-98783.34,-48.19
700000.0,47.7439,-122.262,3582900310,875893.74,175893.74,25.13
290000.0,47.4363,-122.333,9558200210,212504.64,-77495.36,-26.72
528000.0,47.5407,-122.379,2489200250,430025.94,-97974.06,-18.56
249000.0,47.3755,-122.278,2895110062,424043.1,175043.1,70.3
625000.0,47.4928,-122.229,1180007375,1153445.34,528445.34,84.55
510000.0,47.6796,-122.104,125059178,818381.52,308381.52,60.47
450000.0,47.6972,-122.129,7199330170,460893.93,10893.93,2.42
310000.0,47.5535,-122.393,4229900140,218344.51,-91655.49,-29.57
259950.0,47.4756,-122.35,4331400190,305349.03,45399.03,17.46
405000.0,47.7642,-122.335,626049115,528764.56,123764.56,30.56
795000.0,47.6859,-122.109,4401200010,909467.19,114467.19,14.4
370000.0,47.4053,-122.03,8567300150,566625.01,196625.01,53.14
1290000.0,47.6709,-122.262,9471200115,1125300.81,-164699.19,-12.77
237600.0,47.4224,-122.293,3445000005,189450.44,-48149.56,-20.26
195000.0,47.4971,-122.334,723049197,240551.48,45551.48,23.36
2350000.0,47.6878,-122.215,625059051,1580008.73,-769991.27,-32.77
350000.0,47.6972,-122.349,6749700117,480505.31,130505.31,37.29
565000.0,47.6332,-122.118,259600620,554826.3,-10173.7,-1.8
257500.0,47.3168,-122.401,1898600050,73468.7,-184031.3,-71.47
335000.0,47.4899,-122.339,723049301,331116.57,-3883.43,-1.16
550000.0,47.5287,-122.385,3013300660,800127.26,250127.26,45.48
435000.0,47.5048,-122.154,1776230060,425029.32,-9970.68,-2.29
427500.0,47.5048,-122.155,1776230180,543362.15,115862.15,27.1
246000.0,47.3846,-122.227,1612500155,287225.87,41225.87,16.76
717000.0,47.6805,-122.369,461004730,400110.66,-316889.34,-44.2
399950.0,47.7153,-122.211,1138010180,452941.01,52991.01,13.25
327500.0,47.4643,-122.346,1220000371,347397.28,19897.28,6.08
329000.0,47.4431,-121.772,9407100730,150942.42,-178057.58,-54.12
552500.0,47.697,-122.097,2193320210,597119.15,44619.15,8.08
450000.0,47.5686,-122.385,7577700440,399162.4,-50837.6,-11.3
530000.0,47.7191,-122.309,2826049282,512116.52,-17883.48,-3.37
550000.0,47.6557,-122.327,4206901550,556915.7,6915.7,1.26
405000.0,47.554,-121.998,3630080030,305575.21,-99424.79,-24.55
424000.0,47.7155,-122.104,3396830020,553961.58,129961.58,30.65
890000.0,47.543,-122.231,5452800800,707149.58,-182850.42,-20.54
583000.0,47.6169,-122.045,1954400500,481648.15,-101351.85,-17.38
263000.0,47.3266,-122.272,6084600660,171221.33,-91778.67,-34.9
260000.0,47.4899,-122.164,1657530010,361115.22,101115.22,38.89
1580000.0,47.7282,-122.372,2303900045,1716194.06,136194.06,8.62
894400.0,47.6854,-122.048,425069136,882076.12,-12323.88,-1.38
306500.0,47.3221,-122.344,5559200065,89752.05,-216747.95,-70.72
485000.0,47.5516,-122.085,1924069071,637096.32,152096.32,31.36
280950.0,47.4725,-122.202,3294700030,665284.4,384334.4,136.8
240000.0,47.4493,-122.282,5379805253,250584.72,10584.72,4.41
456150.0,47.7509,-122.3,5146000070,449997.34,-6152.66,-1.35
485000.0,47.4619,-122.154,5104470070,738826.62,253826.62,52.34
520000.0,47.6924,-122.372,2776600002,407292.68,-112707.32,-21.67
688000.0,47.7108,-122.279,3935900093,661853.42,-26146.58,-3.8
752000.0,47.6938,-122.34,993000090,1005817.41,253817.41,33.75
210000.0,47.4231,-122.329,7893207665,146183.43,-63816.57,-30.39
219000.0,47.5046,-122.3,316000190,289697.1,70697.1,32.28
1200000.0,47.5522,-122.144,2597460090,985408.23,-214591.77,-17.88
650000.0,47.6723,-122.082,725069102,590270.55,-59729.45,-9.19
499100.0,47.6978,-122.316,8024200855,466418.6,-32681.4,-6.55
1010000.0,47.6472,-122.373,6905200215,714994.92,-295005.08,-29.21
243000.0,47.4974,-122.231,3810000465,397226.51,154226.51,63.47
212500.0,47.4905,-122.331,1447600285,316990.72,104490.72,49.17
530000.0,47.5041,-122.102,123059042,538161.97,8161.97,1.54
535000.0,47.4956,-122.151,9211010440,693334.01,158334.01,29.6
1360000.0,47.6151,-122.107,4039800080,2071656.05,711656.05,52.33
582500.0,47.6592,-122.399,4235401055,372835.62,-209664.38,-35.99
998500.0,47.6311,-122.312,1337800830,776635.17,-221864.83,-22.22
2260000.0,47.6178,-122.209,8964800445,1079356.05,-1180643.95,-52.24
262000.0,47.31399999999999,-122.001,4233400490,255555.95,-6444.05,-2.46
685000.0,47.5536,-122.383,2461900375,607997.13,-77002.87,-11.24
800000.0,47.6452,-122.371,2533300130,691613.48,-108386.52,-13.55
1120000.0,47.5189,-122.147,3303980210,1209933.63,89933.63,8.03
280500.0,47.5387,-122.294,5129000006,400006.66,119506.66,42.6
639000.0,47.5759,-121.994,3905010010,615420.81,-23579.19,-3.69
967000.0,47.6961,-122.316,5100403882,824696.31,-142303.69,-14.72
613000.0,47.5362,-122.072,8562770080,578762.23,-34237.77,-5.59
512500.0,47.5966,-122.144,643400130,490548.53,-21951.47,-4.28
250000.0,47.209,-122.012,8078050040,66660.63,-183339.37,-73.34
410000.0,47.5107,-122.381,9357001010,279559.27,-130440.73,-31.81
641000.0,47.6622,-121.961,203600590,672827.45,31827.45,4.97
710000.0,47.5326,-122.181,4104900340,1000296.94,290296.94,40.89
527000.0,47.7663,-122.215,626059335,569435.01,42435.01,8.05
1010000.0,47.6483,-122.163,1525059112,854432.67,-155567.33,-15.4
309950.0,47.5123,-122.331,6620400400,392838.74,82888.74,26.74
355000.0,47.7002,-122.191,3893100327,455478.57,100478.57,28.3
100000.0,47.2777,-122.252,8856000545,17862.1,-82137.9,-82.14
596000.0,47.5878,-122.165,7254000050,602030.17,6030.17,1.01
200000.0,47.6964,-122.306,5101404170,284077.05,84077.05,42.04
776500.0,47.6888,-122.199,1245001820,521477.71,-255022.29,-32.84
250000.0,47.4081,-122.178,2796100160,384467.89,134467.89,53.79
220000.0,47.2589,-122.279,3750606890,87048.31,-132951.69,-60.43
475000.0,47.5956,-122.009,224069084,491180.29,16180.29,3.41
715000.0,47.7744,-122.225,4188300030,829776.78,114776.78,16.05
360000.0,47.7732,-122.163,4249400270,448825.56,88825.56,24.67
405000.0,47.6604,-122.401,4235400255,262585.84,-142414.16,-35.16
865000.0,47.7246,-122.363,923000425,735814.93,-129185.07,-14.93
890000.0,47.6158,-122.293,9828202255,796630.71,-93369.29,-10.49
449950.0,47.2853,-122.008,2891400380,472998.82,23048.82,5.12
895000.0,47.6373,-122.3,8712100530,692512.59,-202487.41,-22.62
675000.0,47.5631,-122.085,5437400100,574464.27,-100535.73,-14.89
200000.0,47.5492,-122.372,3278600710,403823.59,203823.59,101.91
250000.0,47.5114,-122.318,2788400090,362206.15,112206.15,44.88
470000.0,47.5384,-122.376,8123100045,557363.59,87363.59,18.59
370000.0,47.4449,-122.274,1853500130,433814.16,63814.16,17.25
600000.0,47.651,-122.119,7309100070,576317.39,-23682.61,-3.95
280000.0,47.6952,-122.326,1995200320,419571.64,139571.64,49.85
339000.0,47.3576,-122.016,5104510240,249475.29,-89524.71,-26.41
935000.0,47.6368,-122.157,2225059240,1025485.54,90485.54,9.68
190000.0,47.3262,-122.342,1788800910,34130.36,-155869.64,-82.04
436000.0,47.6719,-122.374,2767704777,465266.37,29266.37,6.71
1300000.0,47.6245,-122.227,1651800010,852472.29,-447527.71,-34.43
109000.0,47.5135,-122.262,7129800036,193047.8,84047.8,77.11
614000.0,47.7584,-122.143,7214820200,689008.86,75008.86,12.22
707500.0,47.627,-122.353,5457300703,714512.09,7012.09,0.99
641200.0,47.6218,-122.193,4348800080,546050.88,-95149.12,-14.84
559950.0,47.5876,-122.309,7548300731,604832.33,44882.33,8.02
460000.0,47.6704,-122.184,3897100275,605907.02,145907.02,31.72
432000.0,47.7394,-122.288,6744700423,709816.83,277816.83,64.31
557000.0,47.6204,-122.044,3578401210,610723.05,53723.05,9.65
490000.0,47.6726,-122.381,2767603215,450334.84,-39665.16,-8.09
550000.0,47.549,-122.17,6071900130,613682.99,63682.99,11.58
408506.0,47.3085,-121.888,1421079007,428190.08,19684.08,4.82
445000.0,47.7166,-122.225,2783600210,509049.64,64049.64,14.39
645000.0,47.5401,-122.027,9268851670,478656.29,-166343.71,-25.79
440000.0,47.327,-122.039,4392200165,204427.02,-235572.98,-53.54
430000.0,47.5436,-122.378,65000085,434640.96,4640.96,1.08
425500.0,47.7347,-122.193,9477001410,462877.33,37377.33,8.78
599000.0,47.7647,-122.019,326069131,594264.85,-4735.15,-0.79
345000.0,47.457,-122.208,8899100230,376183.97,31183.97,9.04
260000.0,47.2895,-122.37,5029460180,216263.0,-43737.0,-16.82
658500.0,47.6872,-122.333,2402100715,584835.08,-73664.92,-11.19
620000.0,47.6649,-122.337,4083800345,579161.96,-40838.04,-6.59
499160.0,47.2904,-122.264,8956200990,377141.38,-122018.62,-24.44
452000.0,47.6971,-122.282,5210200184,536272.98,84272.98,18.64
280000.0,47.36600000000001,-122.093,8651443420,383341.53,103341.53,36.91
403000.0,47.6823,-122.348,3362400472,437301.79,34301.79,8.51
1400000.0,47.5996,-122.288,1250203070,996370.09,-403629.91,-28.83
335000.0,47.69300000000001,-122.361,3501600185,426538.39,91538.39,27.32
420000.0,47.5322,-122.29,7338400945,457006.22,37006.22,8.81
165000.0,47.475,-122.258,3365901435,239078.34,74078.34,44.9
465950.0,47.4896,-122.14,9477940440,453606.2,-12343.8,-2.65
250000.0,47.2785,-122.213,3021059276,189142.33,-60857.67,-24.34
1000000.0,47.6852,-122.329,6815100085,770687.88,-229312.12,-22.93
380000.0,47.7769,-122.376,5500100120,396369.69,16369.69,4.31
194000.0,47.3299,-122.318,2501600150,186829.07,-7170.93,-3.7
282500.0,47.3603,-122.088,4178500100,295705.69,13205.69,4.67
360000.0,47.374,-122.125,1843100580,432155.74,72155.74,20.04
400000.0,47.5691,-122.292,3937900120,519863.63,119863.63,29.97
513000.0,47.4178,-121.937,522079068,357270.05,-155729.95,-30.36
440000.0,47.6673,-122.377,2767701416,368208.93,-71791.07,-16.32
139000.0,47.3003,-122.27,3751600025,76687.1,-62312.9,-44.83
750000.0,47.5879,-121.993,629400340,956326.66,206326.66,27.51
875000.0,47.5886,-122.195,644000185,644192.08,-230807.92,-26.38
647000.0,47.6073,-122.015,8961970190,632964.54,-14035.46,-2.17
775000.0,47.6626,-122.361,7517500310,543306.28,-231693.72,-29.9
925000.0,47.6768,-122.39,2856100515,566655.53,-358344.47,-38.74
620000.0,47.6319,-122.022,8078460810,558937.02,-61062.98,-9.85
325000.0,47.7533,-122.307,5589300585,316852.5,-8147.5,-2.51
500000.0,47.5733,-122.312,3964400470,564135.94,64135.94,12.83
329000.0,47.3509,-122.165,1152700090,492408.01,163408.01,49.67
395000.0,47.4787,-122.129,6084200080,428718.69,33718.69,8.54
390000.0,47.7633,-122.262,3818700123,531501.31,141501.31,36.28
515000.0,47.6609,-122.343,7821200307,532646.51,17646.51,3.43
990000.0,47.6582,-122.28,4217401240,770307.2,-219692.8,-22.19
314950.0,47.1923,-122.014,3797310230,61755.31,-253194.69,-80.39
210000.0,47.7339,-122.337,6450301690,343069.34,133069.34,63.37
567000.0,47.6773,-122.11,1508210230,588093.87,21093.87,3.72
988500.0,47.45,-122.377,2623039019,757610.58,-230889.42,-23.36
510000.0,47.7478,-122.247,3577300040,520421.13,10421.13,2.04
729999.0,47.5687,-122.291,5609000311,913449.98,183450.98,25.13
445000.0,47.5683,-122.005,8665050080,435979.25,-9020.75,-2.03
210000.0,47.2878,-122.297,2190600243,136523.02,-73476.98,-34.99
253500.0,47.2063,-122.023,2220069196,51234.56,-202265.44,-79.79
282500.0,47.5305,-121.841,3024089057,173945.28,-108554.72,-38.43
780000.0,47.5416,-122.232,5452800735,764104.99,-15895.01,-2.04
452000.0,47.352,-122.197,6306800020,481533.74,29533.74,6.53
1270000.0,47.6209,-122.222,3323500030,987470.1,-282529.9,-22.25
218500.0,47.3098,-122.21,16000435,223004.98,4504.98,2.06
685000.0,47.7565,-122.284,4019300906,729687.66,44687.66,6.52
330000.0,47.5456,-122.356,1683900040,381509.91,51509.91,15.61
333500.0,47.7341,-122.237,1357300240,446508.36,113008.36,33.89
913000.0,47.5899,-121.979,8691310070,989339.41,76339.41,8.36
1260000.0,47.6112,-122.226,3835502815,1090352.08,-169647.92,-13.46
205000.0,47.3679,-122.088,1796360990,227771.18,22771.18,11.11
725000.0,47.6205,-122.148,7385300020,841730.17,116730.17,16.1
375000.0,47.4134,-121.986,1222069089,801600.02,426600.02,113.76
350000.0,47.3662,-122.175,2095500120,403071.74,53071.74,15.16
408000.0,47.6829,-122.097,339600070,437813.38,29813.38,7.31
521000.0,47.7029,-122.297,2568300132,573148.74,52148.74,10.01
280000.0,47.3143,-122.134,7968460110,220611.2,-59388.8,-21.21
489000.0,47.6727,-122.373,2767704603,501668.57,12668.57,2.59
760000.0,47.6362,-122.175,1546600020,762167.98,2167.98,0.29
595000.0,47.5491,-122.005,3629870110,440546.89,-154453.11,-25.96
475000.0,47.7571,-122.145,7214820030,468054.07,-6945.93,-1.46
650000.0,47.6974,-122.313,5101404482,692240.48,42240.48,6.5
230000.0,47.5532,-122.28,3330500345,400840.17,170840.17,74.28
690000.0,47.7037,-122.24,333100209,748542.64,58542.64,8.48
253400.0,47.3182,-122.319,3584000180,187779.6,-65620.4,-25.9
550000.0,47.565,-122.398,2392100090,373525.58,-176474.42,-32.09
642000.0,47.6862,-122.31,2887703155,488287.43,-153712.57,-23.94
620000.0,47.63399999999999,-122.101,1313000650,630981.66,10981.66,1.77
1200000.0,47.6972,-122.4,4441300240,1145286.05,-54713.95,-4.56
520000.0,47.7697,-122.274,4027700594,646112.09,126112.09,24.25
215000.0,47.4571,-122.17,1432900350,362023.25,147023.25,68.38
868500.0,47.551,-122.22,2287000330,700036.86,-168463.14,-19.4
710000.0,47.665,-122.087,9510860060,676468.5,-33531.5,-4.72
464950.0,47.6384,-122.342,9301300751,485335.43,20385.43,4.38
148900.0,47.3252,-122.208,2891000610,182801.06,33901.06,22.77
679900.0,47.565,-122.381,952003285,812467.89,132567.89,19.5
277500.0,47.1944,-121.974,8141310180,436511.36,159011.36,57.3
320000.0,47.5022,-122.145,3449000060,441731.95,121731.95,38.04
650000.0,47.5711,-122.383,7578200310,696653.25,46653.25,7.18
378000.0,47.7108,-122.332,6130500070,488955.32,110955.32,29.35
492000.0,47.6868,-122.349,3797000295,457001.26,-34998.74,-7.11
415000.0,47.6527,-122.386,2770601595,319029.72,-95970.28,-23.13
297000.0,47.3561,-122.015,5104510370,250655.21,-46344.79,-15.6
209000.0,47.202,-121.994,2420069220,-91436.93,-300436.93,-143.75
319990.0,47.428,-122.326,7789900030,252401.46,-67588.54,-21.12
340000.0,47.7601,-122.197,6057700120,402366.37,62366.37,18.34
562500.0,47.7326,-122.226,3574900170,600355.04,37855.04,6.73
425000.0,47.7083,-122.308,8901000911,466224.02,41224.02,9.7
276900.0,47.3617,-122.054,1545801410,271193.96,-5706.04,-2.06
641500.0,47.5007,-122.382,6329000050,545702.87,-95797.13,-14.93
322000.0,47.7049,-122.339,3126049217,401440.4,79440.4,24.67
963000.0,47.5642,-122.126,4139380050,952419.93,-10580.07,-1.1
783500.0,47.603,-122.289,9829201058,945348.69,161848.69,20.66
563500.0,47.7392,-121.966,8567450060,572967.46,9467.46,1.68
450000.0,47.683,-122.374,461002050,392862.01,-57137.99,-12.7
700000.0,47.5394,-121.861,7853280550,1152708.01,452708.01,64.67
969950.0,47.6798,-122.385,7518506716,801094.31,-168855.69,-17.41
148000.0,47.5138,-122.364,123039336,193536.08,45536.08,30.77
385000.0,47.4006,-122.322,2011400779,528295.98,143295.98,37.22
260000.0,47.3687,-122.182,7697870700,251762.96,-8237.04,-3.17
300000.0,47.6755,-122.16,1237500120,500468.25,200468.25,66.82
410000.0,47.5657,-122.376,9297301520,322291.52,-87708.48,-21.39
280000.0,47.2602,-122.252,6601200040,166587.0,-113413.0,-40.5
2100000.0,47.6236,-122.235,3025300226,1031411.78,-1068588.22,-50.89
402000.0,47.5322,-122.392,1090000005,367396.33,-34603.67,-8.61
563000.0,47.6342,-122.353,809000945,494221.43,-68778.57,-12.22
479000.0,47.3883,-122.035,8857640710,466902.05,-12097.95,-2.53
325000.0,47.4962,-122.349,7520000616,278557.55,-46442.45,-14.29
345000.0,47.5716,-122.138,2201500440,501509.89,156509.89,45.37
382880.0,47.474,-122.146,5127100100,411672.98,28792.98,7.52
485000.0,47.644,-122.369,2867100007,491852.54,6852.54,1.41
676500.0,47.6071,-122.285,1422200090,855082.07,178582.07,26.4
376000.0,47.4459,-122.278,5379806180,503536.42,127536.42,33.92
300000.0,47.6974,-122.356,9232900050,513739.68,213739.68,71.25
490000.0,47.6864,-122.311,2887702070,500417.61,10417.61,2.13
339000.0,47.5308,-122.348,7972600670,396282.3,57282.3,16.9
775000.0,47.5992,-121.972,8691390280,719116.2,-55883.8,-7.21
465000.0,47.6018,-122.297,7600065,597231.15,132231.15,28.44
462000.0,47.4258,-122.021,322069141,491837.58,29837.58,6.46
480000.0,47.679,-122.315,3658700690,542158.28,62158.28,12.95
280000.0,47.3258,-122.328,2413300240,259668.43,-20331.57,-7.26
961000.0,47.6667,-122.327,9550203690,798303.42,-162696.58,-16.93
925000.0,47.5506,-122.187,2024059110,1088947.82,163947.82,17.72
661000.0,47.6786,-122.151,7202470100,612693.84,-48306.16,-7.31
550000.0,47.6581,-122.126,2155000290,531594.65,-18405.35,-3.35
273950.0,47.3258,-122.186,3204400040,214045.02,-59904.98,-21.87
352000.0,47.7189,-122.178,3205500020,432514.85,80514.85,22.87
530000.0,47.6455,-121.901,8161000210,699601.89,169601.89,32.0
1240000.0,47.7009,-122.059,3226069049,1290236.24,50236.24,4.05
545000.0,47.5234,-122.055,8728550150,592789.86,47789.86,8.77
285000.0,47.3365,-122.051,3832070040,232641.07,-52358.93,-18.37
284850.0,47.3488,-122.304,4222300040,239596.75,-45253.25,-15.89
365000.0,47.5419,-122.289,6064800090,449517.88,84517.88,23.16
690000.0,47.5679,-122.409,1563100705,666488.13,-23511.87,-3.41
889000.0,47.5805,-121.97,98020630,1041937.56,152937.56,17.2
237000.0,47.3798,-122.306,3629000080,100301.51,-136698.49,-57.68
722500.0,47.7736,-122.371,2795000060,751682.84,29182.84,4.04
699950.0,47.7731,-122.08,7214720075,638540.27,-61409.73,-8.77
1070000.0,47.5373,-122.22,3024059149,936935.79,-133064.21,-12.44
830000.0,47.5442,-122.38,65000260,937961.28,107961.28,13.01
386500.0,47.7239,-122.313,7508700085,695293.13,308793.13,79.89
368000.0,47.4435,-122.279,3392500060,343115.28,-24884.72,-6.76
427500.0,47.4199,-121.99,122069107,333280.08,-94219.92,-22.04
2200000.0,47.5457,-121.991,3629940160,2014885.84,-185114.16,-8.41
597000.0,47.73,-122.315,6632300567,612701.63,15701.63,2.63
626000.0,47.6498,-122.321,1962200037,668647.54,42647.54,6.81
1570000.0,47.6003,-122.076,624069050,1356575.43,-213424.57,-13.59
315000.0,47.7368,-121.968,1518000230,311583.64,-3416.36,-1.08
749000.0,47.5937,-122.047,424069264,699884.32,-49115.68,-6.56
557500.0,47.7433,-122.094,1775801405,575698.25,18198.25,3.26
209000.0,47.3647,-122.082,8651410240,157051.84,-51948.16,-24.86
253000.0,47.4117,-122.174,2787311480,351461.45,98461.45,38.92
380000.0,47.5734,-122.153,2206900065,432750.35,52750.35,13.88
272500.0,47.2988,-122.371,2557000400,217515.73,-54984.27,-20.18
2250000.0,47.6415,-122.285,4386700135,1576033.76,-673966.24,-29.95
733000.0,47.6007,-121.974,8691390770,720730.24,-12269.76,-1.67
316000.0,47.1853,-122.017,2720069019,328924.1,12924.1,4.09
320000.0,47.5625,-122.283,7950304045,429941.41,109941.41,34.36
470000.0,47.68600000000001,-122.185,1238501099,508772.62,38772.62,8.25
276000.0,47.6778,-122.389,2856101479,311072.37,35072.37,12.71
500000.0,47.7088,-122.302,8902000267,684343.38,184343.38,36.87
725000.0,47.5607,-122.391,8149600265,601444.17,-123555.83,-17.04
253000.0,47.3545,-122.158,5466420030,250527.85,-2472.15,-0.98
271000.0,47.4991,-122.345,723049533,248554.19,-22445.81,-8.28
336600.0,47.3618,-122.033,9406521150,260328.85,-76271.15,-22.66
355000.0,47.4756,-122.09,1823069059,183900.73,-171099.27,-48.2
174950.0,47.3636,-122.093,8651441750,192083.96,17133.96,9.79
286900.0,47.3438,-122.073,3222069153,299499.74,12599.74,4.39
315000.0,47.3391,-122.309,1310000130,231812.84,-83187.16,-26.41
251700.0,47.4997,-122.231,3810000202,362298.66,110598.66,43.94
528000.0,47.7739,-122.227,8564950250,633023.51,105023.51,19.89
489000.0,47.6806,-122.287,5683500030,433897.47,-55102.53,-11.27
855000.0,47.5942,-121.977,8691420050,877159.14,22159.14,2.59
325900.0,47.309,-122.349,9264930400,236448.69,-89451.31,-27.45
325000.0,47.7562,-122.073,1771110070,377835.54,52835.54,16.26
418500.0,47.6254,-122.05,7504400620,506590.97,88090.97,21.05
527000.0,47.4954,-122.152,1023059511,612538.97,85538.97,16.23
540000.0,47.4797,-122.126,4305600250,614424.53,74424.53,13.78
535000.0,47.6681,-122.368,3019300090,525433.63,-9566.37,-1.79
470000.0,47.6584,-122.391,2770606685,339367.19,-130632.81,-27.79
775000.0,47.3229,-122.045,5416300230,1008263.75,233263.75,30.1
279000.0,47.4224,-122.159,2592300450,406276.87,127276.87,45.62
550000.0,47.572,-122.29,9834200885,528610.27,-21389.73,-3.89
536500.0,47.591,-122.293,6909200401,698489.71,161989.71,30.19
262500.0,47.3179,-122.331,3375300370,92130.71,-170369.29,-64.9
269950.0,47.4475,-122.213,5070000120,393533.25,123583.25,45.78
1490000.0,47.6646,-122.28,7582700075,1228787.36,-261212.64,-17.53
365000.0,47.4096,-122.17,3374500240,545517.21,180517.21,49.46
563250.0,47.6157,-122.291,1186000150,569896.97,6646.97,1.18
652000.0,47.6746,-122.362,2769602880,634062.51,-17937.49,-2.75
409000.0,47.6225,-122.058,3575305485,394838.2,-14161.8,-3.46
409000.0,47.3157,-122.251,8961950050,493869.62,84869.62,20.75
430000.0,47.6342,-122.342,8807900236,480591.78,50591.78,11.77
432000.0,47.743,-122.097,1775800510,430494.51,-1505.49,-0.35
467500.0,47.7368,-122.183,7016100570,678746.92,211246.92,45.19
325000.0,47.5166,-122.361,123039128,295617.28,-29382.72,-9.04
560000.0,47.6635,-122.362,1982200430,497313.61,-62686.39,-11.19
585000.0,47.4421,-122.444,3223039181,578215.0,-6785.0,-1.16
309933.0,47.3364,-122.128,7861000021,112172.3,-197760.7,-63.81
480000.0,47.5388,-122.171,6073300750,693722.7,213722.7,44.53
299000.0,47.2924,-122.271,3751600457,165553.36,-133446.64,-44.63
212000.0,47.2761,-122.152,3668000070,88009.06,-123990.94,-58.49
440000.0,47.5443,-122.177,5056500260,559372.11,119372.11,27.13
282000.0,47.3846,-122.205,8662500350,261691.04,-20308.96,-7.2
930000.0,47.7499,-122.119,1331900020,1031249.0,101249.0,10.89
399900.0,47.6761,-122.384,7518505375,392787.15,-7112.85,-1.78
245000.0,47.4396,-122.285,1003600080,295635.23,50635.23,20.67
258000.0,47.4982,-122.221,4136800205,501380.29,243380.29,94.33
192000.0,47.4785,-122.229,2143700861,323288.67,131288.67,68.38
162500.0,47.3369,-122.275,1311800130,145470.04,-17029.96,-10.48
460000.0,47.5654,-122.384,952002765,480190.28,20190.28,4.39
570000.0,47.6889,-122.187,1236300146,505581.6,-64418.4,-11.3
585000.0,47.5547,-122.178,6071300160,619197.68,34197.68,5.85
305000.0,47.5183,-122.266,7129304225,564571.02,259571.02,85.11
795000.0,47.5755,-122.07,5569700020,1033084.8,238084.8,29.95
199900.0,47.2664,-122.256,3353401340,125481.45,-74418.55,-37.23
389950.0,47.5578,-122.363,1773100541,457761.4,67811.4,17.39
760000.0,47.5352,-122.156,1564000740,1253441.73,493441.73,64.93
339000.0,47.3644,-122.132,2622059138,304260.21,-34739.79,-10.25
399950.0,47.5378,-121.742,2624089022,191302.52,-208647.48,-52.17
420000.0,47.5722,-122.387,1493300057,436313.75,16313.75,3.88
398000.0,47.3477,-122.024,2781260370,549341.96,151341.96,38.03
259500.0,47.442,-122.282,7147600245,298815.41,39315.41,15.15
586000.0,47.5716,-122.159,5603800110,686437.85,100437.85,17.14
260000.0,47.7075,-122.336,4358700164,352713.97,92713.97,35.66
249000.0,47.3343,-122.362,121039156,128234.29,-120765.71,-48.5
871000.0,47.5663,-122.163,7855800910,960020.29,89020.29,10.22
1710000.0,47.664,-122.2,4100500070,1402430.2,-307569.8,-17.99
150000.0,47.5119,-122.329,523049195,340808.71,190808.71,127.21
592100.0,47.5473,-122.187,2212250080,665022.57,72922.57,12.32
305950.0,47.3301,-122.191,1310820150,328115.02,22165.02,7.24
275000.0,47.3115,-122.396,8732190200,223409.01,-51590.99,-18.76
480000.0,47.7097,-122.303,8902000407,507209.83,27209.83,5.67
855000.0,47.6382,-122.397,207500012,644611.08,-210388.92,-24.61
772500.0,47.6874,-122.161,2619920170,886035.92,113535.92,14.7
1470000.0,47.7018,-122.381,868001705,1062328.82,-407671.18,-27.73
570000.0,47.4995,-122.15,9211000170,772794.99,202794.99,35.58
665000.0,47.4862,-121.718,1223089038,527547.85,-137452.15,-20.67
415000.0,47.6543,-122.358,1324300126,511276.08,96276.08,23.2
229000.0,47.3086,-122.396,8732190990,164869.41,-64130.59,-28.0
935000.0,47.6245,-122.316,6851700381,959309.64,24309.64,2.6
551000.0,47.5286,-122.032,2354300740,427391.81,-123608.19,-22.43
206000.0,47.3063,-122.27,7905400040,139322.82,-66677.18,-32.37
330000.0,47.5617,-122.385,952006728,313697.91,-16302.09,-4.94
515000.0,47.7713,-122.167,9532000010,490778.37,-24221.63,-4.7
520000.0,47.7691,-122.262,4140090240,660464.64,140464.64,27.01
2750000.0,47.5922,-122.207,3859900060,2334059.48,-415940.52,-15.13
255000.0,47.2624,-122.221,4136950200,157583.49,-97416.51,-38.2
355000.0,47.7105,-122.289,4077800593,405749.38,50749.38,14.3
516200.0,47.5521,-122.271,3331500820,489274.81,-26925.19,-5.22
414500.0,47.7186,-122.236,3840700205,413033.4,-1466.6,-0.35
668750.0,47.7728,-122.386,7278700069,603088.87,-65661.13,-9.82
215000.0,47.2898,-122.222,1921059235,136601.91,-78398.09,-36.46
358000.0,47.4296,-122.161,2459500310,359139.25,1139.25,0.32
1600000.0,47.5842,-122.111,8655000070,1341773.79,-258226.21,-16.14
379950.0,47.5465,-122.384,826000295,341066.5,-38883.5,-10.23
249000.0,47.2761,-122.152,1313500070,116649.51,-132350.49,-53.15
1060000.0,47.6246,-122.067,7525950180,1503657.34,443657.34,41.85
700000.0,47.5264,-122.384,3524039144,778816.62,78816.62,11.26
190000.0,47.5303,-122.27,2658000115,353856.77,163856.77,86.24
350000.0,47.5017,-122.165,1061500510,530800.24,180800.24,51.66
680000.0,47.5355,-122.39,9238900616,497850.27,-182149.73,-26.79
915000.0,47.6671,-122.057,3528000260,940917.9,25917.9,2.83
219950.0,47.2005,-121.999,2372800145,121351.74,-98598.26,-44.83
895000.0,47.6727,-122.297,1868900675,820554.48,-74445.52,-8.32
592350.0,47.709,-122.017,8682281600,434046.74,-158303.26,-26.72
543000.0,47.6488,-122.334,1048000060,517110.02,-25889.98,-4.77
230000.0,47.3173,-122.181,1683600110,156301.84,-73698.16,-32.04
305000.0,47.3349,-122.059,3832060940,275705.97,-29294.03,-9.6
568000.0,47.5516,-122.263,3723800409,683974.53,115974.53,20.42
196440.0,47.2804,-122.251,3356406510,15615.37,-180824.63,-92.05
585000.0,47.5444,-122.014,3630240140,539574.37,-45425.63,-7.77
440000.0,47.7686,-122.278,4400900030,528004.56,88004.56,20.0
270000.0,47.4759,-122.349,4331400090,237334.54,-32665.46,-12.1
267000.0,47.3812,-122.168,3826501060,375522.05,108522.05,40.64
474950.0,47.7334,-122.168,3876311350,504993.87,30043.87,6.33
1580000.0,47.6687,-122.264,9471201175,1235486.23,-344513.77,-21.8
740000.0,47.6434,-122.115,2425059074,953606.99,213606.99,28.87
430000.0,47.5202,-122.047,9414610010,469031.46,39031.46,9.08
245000.0,47.3177,-122.182,1683600130,161248.83,-83751.17,-34.18
260000.0,47.3994,-122.204,2095600150,292088.2,32088.2,12.34
404000.0,47.3059,-122.108,3211270170,626255.59,222255.59,55.01
825000.0,47.6852,-122.184,3305100210,839227.5,14227.5,1.72
811000.0,47.5505,-122.221,2287000030,633808.07,-177191.93,-21.85
372000.0,47.524,-122.359,7899800586,400699.02,28699.02,7.71
319000.0,47.2822,-122.357,2909310060,73758.43,-245241.57,-76.88
330000.0,47.6979,-122.325,3226049134,368162.05,38162.05,11.56
525000.0,47.5409,-122.268,9830200475,593453.34,68453.34,13.04
589000.0,47.7044,-122.2,3127200041,685654.38,96654.38,16.41
479000.0,47.577,-122.41,6371000100,421295.15,-57704.85,-12.05
345000.0,47.736,-121.965,112900110,340979.06,-4020.94,-1.17
330000.0,47.4252,-122.163,2597670470,463923.56,133923.56,40.58
445000.0,47.7275,-122.232,2540830020,453207.85,8207.85,1.84
757500.0,47.6777,-122.156,3895100039,919059.5,161559.5,21.33
437500.0,47.4838,-121.714,7338200240,600942.05,163442.05,37.36
410000.0,47.3727,-122.051,9406600050,426787.64,16787.64,4.09
300000.0,47.3992,-122.163,2517000150,314982.43,14982.43,4.99
455000.0,47.7306,-121.966,2133010110,358405.52,-96594.48,-21.23
715000.0,47.6989,-122.399,8644500010,824096.76,109096.76,15.26
549950.0,47.7655,-122.35,7283900045,469788.75,-80161.25,-14.58
662500.0,47.6061,-122.117,4037200075,660430.34,-2069.66,-0.31
650500.0,47.6789,-122.281,381000240,624466.17,-26033.83,-4.0
485000.0,47.6347,-121.958,203101330,542233.56,57233.56,11.8
453000.0,47.4582,-122.365,7634800070,332489.21,-120510.79,-26.6
245000.0,47.3507,-122.178,3830630060,243352.54,-1647.46,-0.67
537500.0,47.5384,-122.276,427000065,909039.16,371539.16,69.12
775000.0,47.6762,-122.285,2710600015,617558.03,-157441.97,-20.32
275000.0,47.5617,-121.859,1324079041,313791.0,38791.0,14.11
1000000.0,47.7616,-122.372,3585900150,1044758.6,44758.6,4.48
840500.0,47.5114,-122.245,8073000585,794766.27,-45733.73,-5.44
575000.0,47.7371,-122.215,200500410,583675.24,8675.24,1.51
299500.0,47.3707,-122.275,2722049077,323500.2,24000.2,8.01
335000.0,47.3779,-122.045,4123800330,306754.22,-28245.78,-8.43
310000.0,47.3208,-122.273,8001400300,278459.42,-31540.58,-10.17
215000.0,47.3378,-122.262,304100090,130077.49,-84922.51,-39.5
500000.0,47.683,-122.035,7202330030,376541.05,-123458.95,-24.69
891000.0,47.6804,-122.358,2301400640,662134.4,-228865.6,-25.69
569950.0,47.515,-121.869,7853361420,544755.36,-25194.64,-4.42
305000.0,47.3564,-122.016,5104510120,251166.02,-53833.98,-17.65
1960000.0,47.5632,-122.215,1923000260,2310731.84,350731.84,17.89
200000.0,47.3265,-122.335,5560001130,29415.1,-170584.9,-85.29
480000.0,47.7592,-122.23,114101161,494911.64,14911.64,3.11
260000.0,47.3857,-122.162,4051150100,243199.59,-16800.41,-6.46
851000.0,47.6652,-122.049,3528000470,962782.37,111782.37,13.14
760000.0,47.57100000000001,-122.227,3626500045,654349.45,-105650.55,-13.9
415000.0,47.7716,-122.317,3971700981,457834.05,42834.05,10.32
350000.0,47.7114,-122.356,8910500237,465152.02,115152.02,32.9
195000.0,47.3501,-122.02,2781270090,125100.7,-69899.3,-35.85
415000.0,47.4039,-121.98,1222069133,335673.22,-79326.78,-19.11
380000.0,47.3559,-122.014,5104511040,351243.15,-28756.85,-7.57
271115.0,47.5472,-122.384,7625703007,281364.2,10249.2,3.78
485000.0,47.7669,-122.268,4027701294,517168.14,32168.14,6.63
285000.0,47.1937,-121.98,5702380500,50086.84,-234913.16,-82.43
1140000.0,47.5963,-122.292,4473400155,1128239.97,-11760.03,-1.03
160000.0,47.5293,-122.272,7135300026,295576.57,135576.57,84.74
614306.0,47.697,-122.39,6073500190,609589.38,-4716.62,-0.77
224000.0,47.2943,-122.227,1018000110,289859.87,65859.87,29.4
879950.0,47.6948,-122.178,9492500170,823672.55,-56277.45,-6.4
575000.0,47.6132,-122.292,9839300125,697711.66,122711.66,21.34
203000.0,47.5026,-122.236,9282800065,334314.32,131314.32,64.69
447500.0,47.4829,-121.766,1523089266,369994.46,-77505.54,-17.32
736500.0,47.515,-122.117,4309710250,1029900.35,293400.35,39.84
549000.0,47.6025,-122.303,9827700105,710266.23,161266.23,29.37
284000.0,47.3564,-122.04,2310000430,272779.95,-11220.05,-3.95
452500.0,47.4155,-122.339,616000200,379058.36,-73441.64,-16.23
330490.0,47.4431,-122.138,1328340630,359290.23,28800.23,8.71
230000.0,47.3839,-122.038,6661200080,254908.9,24908.9,10.83
279000.0,47.5161,-122.374,7454000605,305653.63,26653.63,9.55
254950.0,47.3052,-122.283,6181410950,175688.53,-79261.47,-31.09
484259.0,47.4831,-121.773,1442880320,408009.72,-76249.28,-15.75
499950.0,47.6689,-122.363,2768200212,483261.29,-16688.71,-3.34
514000.0,47.5399,-122.385,2624039133,509862.64,-4137.36,-0.8
375000.0,47.6684,-122.401,1176001195,418361.63,43361.63,11.56
670000.0,47.6871,-122.207,1245002445,596392.87,-73607.13,-10.99
580000.0,47.6685,-122.305,2218000390,617278.42,37278.42,6.43
354950.0,47.7628,-122.163,4450700030,396602.3,41652.3,11.73
325000.0,47.7198,-122.182,3876100080,450975.96,125975.96,38.76
750000.0,47.5706,-122.16,7855600080,708178.49,-41821.51,-5.58
309212.0,47.4434,-121.774,9407102360,148331.88,-160880.12,-52.03
595000.0,47.6389,-122.371,7011200160,463077.9,-131922.1,-22.17
518000.0,47.5752,-122.381,8701600030,402050.6,-115949.4,-22.38
510000.0,47.5573,-122.392,2523400205,412638.66,-97361.34,-19.09
376950.0,47.3519,-122.173,1329300480,403328.35,26378.35,7.0
650000.0,47.6011,-122.192,3210700170,672202.15,22202.15,3.42
330000.0,47.6931,-122.379,3300700480,312828.88,-17171.12,-5.2
170000.0,47.4925,-122.239,7812800865,236209.48,66209.48,38.95
405000.0,47.6827,-122.059,8807600140,389441.78,-15558.22,-3.84
360000.0,47.7187,-122.33,3034200247,550473.84,190473.84,52.91
725000.0,47.6846,-122.163,9430100020,698454.19,-26545.81,-3.66
654950.0,47.7674,-122.086,3530200160,709701.78,54751.78,8.36
250000.0,47.4185,-122.207,5252000170,381232.99,131232.99,52.49
715000.0,47.5586,-122.121,8965400010,753411.66,38411.66,5.37
562000.0,47.5793,-122.294,7954000125,553191.39,-8808.61,-1.57
169000.0,47.2021,-121.996,3701900085,78472.52,-90527.48,-53.57
530000.0,47.4683,-122.008,5561300730,819349.45,289349.45,54.59
1180000.0,47.6816,-122.199,3885805896,998243.32,-181756.68,-15.4
310000.0,47.52,-122.374,7452500365,173280.81,-136719.19,-44.1
234000.0,47.4303,-122.046,3323069045,374640.0,140640.0,60.1
237000.0,47.4097,-122.193,9513900050,308539.07,71539.07,30.19
567500.0,47.6036,-122.014,8961990160,484892.51,-82607.49,-14.56
505000.0,47.4911,-122.138,9477920120,604858.52,99858.52,19.77
310000.0,47.5324,-121.763,9474700020,99424.1,-210575.9,-67.93
592500.0,47.7082,-122.015,8682281480,461497.16,-131002.84,-22.11
682500.0,47.7351,-122.295,1568100300,729069.12,46569.12,6.82
1600000.0,47.6298,-122.29,1118002090,1167206.92,-432793.08,-27.05
790000.0,47.6481,-122.125,2600400030,856919.01,66919.01,8.47
985000.0,47.582,-122.194,824059277,867916.43,-117083.57,-11.89
425000.0,47.3219,-122.085,4053200566,741557.52,316557.52,74.48
440000.0,47.7008,-122.386,579000550,523611.7,83611.7,19.0
287000.0,47.4646,-122.184,6843000080,311234.93,24234.93,8.44
630000.0,47.5686,-122.392,5742600115,543441.92,-86558.08,-13.74
623000.0,47.5743,-122.212,5459500165,633698.86,10698.86,1.72
475000.0,47.6542,-122.346,1931300412,506005.08,31005.08,6.53
550000.0,47.6472,-122.357,1972205633,582605.67,32605.67,5.93
1200000.0,47.5825,-122.242,5315100784,974028.8,-225971.2,-18.83
410000.0,47.5384,-121.889,7853300770,289653.46,-120346.54,-29.35
540000.0,47.401,-122.095,1822069097,357225.65,-182774.35,-33.85
570000.0,47.6038,-122.02,8635750980,560058.15,-9941.85,-1.74
440000.0,47.6359,-122.033,6817800840,346714.97,-93285.03,-21.2
382000.0,47.7442,-122.338,4402700125,449960.95,67960.95,17.79
559500.0,47.5688,-122.087,4123400310,471386.52,-88113.48,-15.75
346000.0,47.5726,-122.308,3726800285,505307.57,159307.57,46.04
347500.0,47.3967,-122.183,3529300060,441814.03,94314.03,27.14
913888.0,47.5555,-122.15,7856570150,743941.02,-169946.98,-18.6
600000.0,47.6726,-122.265,3213200215,519484.09,-80515.91,-13.42
571500.0,47.2993,-122.293,4420600015,358506.33,-212993.67,-37.27
452000.0,47.7373,-122.197,6204420070,424421.22,-27578.78,-6.1
272000.0,47.1934,-121.977,2309710130,289750.12,17750.12,6.53
625000.0,47.7,-122.292,9554200105,590944.63,-34055.37,-5.45
294000.0,47.2647,-122.221,4137050130,208460.93,-85539.07,-29.09
635000.0,47.7094,-122.234,9522350090,714308.59,79308.59,12.49
340500.0,47.4857,-122.318,1723049270,483359.86,142859.86,41.96
715000.0,47.6886,-122.359,2919200440,385434.36,-329565.64,-46.09
455000.0,47.7257,-122.172,8663310010,493036.52,38036.52,8.36
751000.0,47.707,-122.102,2568200610,742695.76,-8304.24,-1.11
185000.0,47.3325,-122.35,5153200486,150859.46,-34140.54,-18.45
952000.0,47.6439,-122.319,1959700540,910083.58,-41916.42,-4.4
485000.0,47.5737,-122.018,3904930240,475051.72,-9948.28,-2.05
220000.0,47.2925,-122.284,4031700210,182069.89,-37930.11,-17.24
537250.0,47.7752,-122.285,3459700340,582218.33,44968.33,8.37
538200.0,47.627,-122.114,686201000,635116.49,96916.49,18.01
300499.0,47.25899999999999,-122.215,4137040250,201705.48,-98793.52,-32.88
574000.0,47.5372,-121.876,7852110050,430004.54,-143995.46,-25.09
915000.0,47.7168,-122.113,1862000010,1107717.14,192717.14,21.06
418000.0,47.7629,-122.315,6163900501,348721.22,-69278.78,-16.57
334550.0,47.7436,-122.356,1326039039,369861.53,35311.53,10.55
481000.0,47.7612,-122.229,5130000080,600688.51,119688.51,24.88
502000.0,47.5719,-122.385,324000370,508032.66,6032.66,1.2
545000.0,47.6679,-122.184,4099100210,711350.49,166350.49,30.52
265000.0,47.3871,-122.189,3235390010,321272.56,56272.56,21.23
370000.0,47.7724,-122.362,3303000130,418008.72,48008.72,12.98
1140000.0,47.632,-122.29,1118001820,911534.87,-228465.13,-20.04
700000.0,47.6889,-122.347,6431000015,582738.75,-117261.25,-16.75
1820000.0,47.5467,-122.234,4094800120,1094591.68,-725408.32,-39.86
299900.0,47.7595,-122.309,4024100120,282771.4,-17128.6,-5.71
3100000.0,47.5552,-122.231,2424049029,2984005.03,-115994.97,-3.74
550000.0,47.6231,-122.102,8563001070,549345.23,-654.77,-0.12
218000.0,47.3684,-122.08,8651411420,218871.97,871.97,0.4
500000.0,47.5712,-122.143,2200500350,530544.03,30544.03,6.11
975000.0,47.5557,-122.027,293760310,1140233.71,165233.71,16.95
202500.0,47.4303,-122.334,7957600075,226763.98,24263.98,11.98
209950.0,47.3625,-122.084,8651400750,216026.57,6076.57,2.89
510000.0,47.6888,-122.126,8861700030,692739.61,182739.61,35.83
1310000.0,47.6754,-122.327,1257200050,824704.27,-485295.73,-37.05
640000.0,47.6914,-122.296,5363200180,622388.19,-17611.81,-2.75
470000.0,47.2416,-121.979,6055000010,681535.44,211535.44,45.01
492000.0,47.4801,-122.092,1823069088,386877.2,-105122.8,-21.37
119500.0,47.7346,-121.983,3821200050,188565.21,69065.21,57.8
775000.0,47.4614,-121.713,1923099034,669021.97,-105978.03,-13.67
395000.0,47.7097,-122.216,3760100200,441269.35,46269.35,11.71
810000.0,47.6857,-122.046,7202300110,989598.57,179598.57,22.17
495800.0,47.6847,-122.318,2979801095,519848.11,24048.11,4.85
770000.0,47.6192,-122.307,3667500015,1135627.49,365627.49,47.48
1100000.0,47.5671,-122.157,7855000550,1442430.65,342430.65,31.13
452000.0,47.4326,-122.341,3123049142,647260.56,195260.56,43.2
540000.0,47.4997,-122.379,6329000185,938018.24,398018.24,73.71
230000.0,47.3828,-122.09,7942100180,316958.51,86958.51,37.81
344900.0,47.7545,-122.357,3102700160,361057.22,16157.22,4.68
197500.0,47.452,-122.19,2892600016,241474.04,43974.04,22.27
462500.0,47.587,-122.384,9274204100,434378.11,-28121.89,-6.08
550000.0,47.6971,-122.302,5101404351,488021.08,-61978.92,-11.27
379000.0,47.6971,-122.372,1862400132,389362.29,10362.29,2.73
427500.0,47.5223,-122.043,9412200330,387822.73,-39677.27,-9.28
519000.0,47.4403,-122.343,2105200050,379802.4,-139197.6,-26.82
440000.0,47.3308,-122.187,1402970020,451843.0,11843.0,2.69
320000.0,47.5268,-122.343,7972601710,353941.07,33941.07,10.61
614950.0,47.6333,-122.362,4232903265,606693.17,-8256.83,-1.34
400000.0,47.7112,-122.238,6076500220,448226.71,48226.71,12.06
437400.0,47.6253,-122.119,3298400470,608159.86,170759.86,39.04
625000.0,47.75,-122.024,3249500020,686869.53,61869.53,9.9
425000.0,47.6499,-121.908,8658300315,181220.88,-243779.12,-57.36
370000.0,47.7237,-122.181,9542900190,399362.38,29362.38,7.94
305000.0,47.5325,-122.072,8562780800,305209.08,209.08,0.07
275000.0,47.3624,-122.045,1545804860,253764.07,-21235.93,-7.72
420000.0,47.5759,-122.137,2201500030,518548.08,98548.08,23.46
308500.0,47.5499,-122.36,3438501020,419543.93,111043.93,35.99
485000.0,47.7762,-122.367,6649900030,354268.09,-130731.91,-26.96
219950.0,47.488,-122.2,1352300315,329872.04,109922.04,49.98
262000.0,47.40600000000001,-122.318,8851500050,198669.52,-63330.48,-24.17
640000.0,47.6271,-122.028,1939120540,668923.05,28923.05,4.52
270000.0,47.2839,-122.202,7349650330,147469.69,-122530.31,-45.38
650000.0,47.6208,-122.139,1562000050,724784.75,74784.75,11.51
340000.0,47.7294,-122.353,164000271,361458.92,21458.92,6.31
315000.0,47.7384,-122.324,8022900005,379525.42,64525.42,20.48
460000.0,47.4835,-122.136,9432750190,582423.69,122423.69,26.61
268500.0,47.3901,-122.174,2676500080,388460.61,119960.61,44.68
295450.0,47.2953,-122.185,2599200160,467504.32,172054.32,58.23
244000.0,47.2073,-122.012,8078050120,39406.63,-204593.37,-83.85
540000.0,47.6268,-122.038,2872900280,560285.06,20285.06,3.76
229000.0,47.3348,-122.303,7683800212,140632.76,-88367.24,-38.59
327000.0,47.7302,-122.355,173000036,440001.42,113001.42,34.56
254000.0,47.3542,-122.055,2215901190,260452.26,6452.26,2.54
750000.0,47.6731,-122.326,3364900375,507631.85,-242368.15,-32.32
485000.0,47.6342,-122.12,259601010,445824.44,-39175.56,-8.08
353500.0,47.7171,-122.307,2826049108,321493.02,-32006.98,-9.05
575000.0,47.5875,-122.134,6751300385,556834.4,-18165.6,-3.16
295000.0,47.35,-122.037,2025701190,245919.15,-49080.85,-16.64
600000.0,47.5828,-122.19,7000100635,440607.59,-159392.41,-26.57
335950.0,47.5119,-122.386,2895600680,363468.63,27518.63,8.19
248500.0,47.4913,-122.318,8019200360,335874.81,87374.81,35.16
295832.0,47.4207,-122.334,7893205525,191957.85,-103874.15,-35.11
1080000.0,47.5711,-122.284,5700003221,887705.52,-192294.48,-17.81
223000.0,47.3607,-122.291,5335700030,133828.72,-89171.28,-39.99
870515.0,47.5755,-122.071,7768800280,932208.47,61693.47,7.09
682000.0,47.644,-122.353,5244801230,647155.47,-34844.53,-5.11
411000.0,47.4206,-122.023,322069109,389403.32,-21596.68,-5.25
305000.0,47.4717,-122.323,2023049350,296146.1,-8853.9,-2.9
455000.0,47.7265,-122.206,1015500300,573033.72,118033.72,25.94
505000.0,47.6369,-122.327,2902200237,528781.64,23781.64,4.71
485000.0,47.5728,-122.179,6073200020,535645.89,50645.89,10.44
475000.0,47.6944,-122.355,9465200181,597243.34,122243.34,25.74
476100.0,47.5529,-121.996,3629970620,330641.49,-145458.51,-30.55
743700.0,47.6662,-122.057,3528000290,787687.26,43987.26,5.91
455000.0,47.6914,-122.288,6844701680,480195.12,25195.12,5.54
735000.0,47.6045,-122.169,3260000570,652713.47,-82286.53,-11.2
911100.0,47.7596,-122.275,4019300155,837605.48,-73494.52,-8.07
825000.0,47.541,-121.998,3630180340,759403.09,-65596.91,-7.95
575000.0,47.6814,-122.392,9165100230,543141.92,-31858.08,-5.54
329950.0,47.5474,-122.295,6126500060,637946.87,307996.87,93.35
305000.0,47.363,-122.035,9406520290,260538.99,-44461.01,-14.58
1200000.0,47.717,-122.281,8820902200,1265762.46,65762.46,5.48
420000.0,47.7404,-122.186,7016300050,453943.06,33943.06,8.08
800000.0,47.412,-122.168,922059169,1452213.8,652213.8,81.53
532500.0,47.6842,-122.348,3797001815,495916.79,-36583.21,-6.87
452100.0,47.5037,-122.24,4058800925,834833.42,382733.42,84.66
538000.0,47.565,-122.116,2211700290,604773.26,66773.26,12.41
599000.0,47.7005,-122.358,6184700100,418639.86,-180360.14,-30.11
230000.0,47.5523,-122.286,3331000455,407967.53,177967.53,77.38
490000.0,47.6937,-122.362,3501600100,368343.62,-121656.38,-24.83
508300.0,47.6844,-122.306,7172200080,462734.73,-45565.27,-8.96
339000.0,47.777,-122.307,3782100145,320393.14,-18606.86,-5.49
1040000.0,47.6353,-122.18,2125059163,1451146.31,411146.31,39.53
2700000.0,47.5919,-122.251,5442300807,1397991.06,-1302008.94,-48.22
1020000.0,47.6265,-122.296,5332200530,746717.28,-273282.72,-26.79
616950.0,47.5542,-122.359,3438500253,836355.15,219405.15,35.56
300000.0,47.4539,-122.15,2473000130,466192.18,166192.18,55.4
224000.0,47.4935,-122.316,8018600870,182747.67,-41252.33,-18.42
270000.0,47.7461,-122.195,1726059053,432051.75,162051.75,60.02
572500.0,47.534,-122.161,7135500120,594450.66,21950.66,3.83
672500.0,47.6339,-122.392,5037300130,733723.67,61223.67,9.1
415000.0,47.492,-122.225,1180008370,706204.52,291204.52,70.17
446950.0,47.7316,-122.221,3574800090,507760.58,60810.58,13.61
438000.0,47.739,-122.351,9141100255,571083.8,133083.8,30.38
355000.0,47.5123,-122.316,133000271,437938.34,82938.34,23.36
308000.0,47.7618,-122.162,9144300110,374889.62,66889.62,21.72
750000.0,47.7199,-122.246,2540820010,684008.26,-65991.74,-8.8
199000.0,47.3257,-122.296,921049315,177571.6,-21428.4,-10.77
1000000.0,47.6273,-122.194,6669000070,818318.37,-181681.63,-18.17
295950.0,47.7634,-122.34,2807100156,337740.7,41790.7,14.12
350000.0,47.7141,-122.213,1138000250,484521.05,134521.05,38.43
475000.0,47.6254,-122.045,7525050150,377478.34,-97521.66,-20.53
1770000.0,47.5873,-122.196,644000115,1203126.01,-566873.99,-32.03
425000.0,47.771,-122.258,3824100235,441184.01,16184.01,3.81
266000.0,47.7492,-122.311,6668900005,311643.14,45643.14,17.16
305000.0,47.3066,-122.394,8029500380,171382.1,-133617.9,-43.81
220000.0,47.5128,-122.374,7454001280,224991.74,4991.74,2.27
413000.0,47.566,-122.373,9297301190,383385.75,-29614.25,-7.17
325000.0,47.5337,-122.379,2492201005,292981.42,-32018.58,-9.85
283200.0,47.3636,-122.192,7970800100,330311.57,47111.57,16.64
775000.0,47.3525,-122.002,5104531120,1153144.19,378144.19,48.79
277500.0,47.3165,-122.386,8731981640,282350.66,4850.66,1.75
839000.0,47.7614,-122.015,1026069095,923599.35,84599.35,10.08
502000.0,47.7677,-122.359,3380900160,310717.22,-191282.78,-38.1
366000.0,47.7687,-122.223,1737320060,476542.33,110542.33,30.2
270000.0,47.3663,-122.285,3832600080,216342.85,-53657.15,-19.87
260000.0,47.2625,-122.221,4136950070,139023.28,-120976.72,-46.53
762000.0,47.6373,-122.35,809002215,849846.8,87846.8,11.53
375000.0,47.3732,-122.023,2591720360,595368.45,220368.45,58.76
415000.0,47.5073,-122.234,2045400075,663811.95,248811.95,59.95
330000.0,47.7622,-122.263,1126049105,352576.71,22576.71,6.84
750000.0,47.5845,-122.395,9279200280,597951.66,-152048.34,-20.27
875000.0,47.7121,-122.072,7701961030,1097091.42,222091.42,25.38
415000.0,47.7226,-122.227,8564500240,431069.0,16069.0,3.87
245000.0,47.3592,-122.046,1545808560,310085.95,65085.95,26.57
630000.0,47.6025,-122.153,4279600010,689486.89,59486.89,9.44
330000.0,47.1927,-122.01,3797300110,244803.05,-85196.95,-25.82
379500.0,47.4786,-122.112,7229800430,485007.85,105507.85,27.8
406100.0,47.6916,-122.34,993001330,498500.86,92400.86,22.75
499000.0,47.4909,-122.363,7784400185,656445.66,157445.66,31.55
1200000.0,47.5769,-122.215,6648150090,1388355.44,188355.44,15.7
449000.0,47.3596,-122.04,5416500680,587901.21,138901.21,30.94
680000.0,47.5145,-122.391,2594200230,709638.14,29638.14,4.36
197400.0,47.334,-122.3,7682200320,194056.11,-3343.89,-1.69
320000.0,47.5294,-122.354,2113700780,344184.05,24184.05,7.56
675000.0,47.7464,-122.362,7785350490,769283.31,94283.31,13.97
529950.0,47.6554,-122.129,1828000760,478397.02,-51552.98,-9.73
390000.0,47.31399999999999,-122.023,2140950160,465794.29,75794.29,19.43
440000.0,47.5192,-122.266,7129304540,302391.84,-137608.16,-31.27
537000.0,47.6795,-122.371,5309100515,461290.84,-75709.16,-14.1
225000.0,47.2598,-122.281,3750605620,115531.32,-109468.68,-48.65
885000.0,47.635,-122.353,809001505,810358.78,-74641.22,-8.43
343500.0,47.5045,-122.24,4058800875,568807.72,225307.72,65.59
405000.0,47.7301,-122.223,3574801110,525757.22,120757.22,29.82
719000.0,47.7073,-122.11,1873100390,625243.05,-93756.95,-13.04
620000.0,47.6903,-122.206,1245000865,564486.74,-55513.26,-8.95
260000.0,47.3651,-122.044,1545806510,236564.31,-23435.69,-9.01
400000.0,47.5498,-122.383,7625702615,208621.94,-191378.06,-47.84
349950.0,47.4318,-122.181,6199000141,431373.96,81423.96,23.27
1750000.0,47.6295,-122.217,3025059072,1052131.9,-697868.1,-39.88
925000.0,47.6553,-122.023,1525069095,966768.58,41768.58,4.52
770000.0,47.6645,-122.358,7986400265,696128.57,-73871.43,-9.59
285000.0,47.3517,-122.21,8669180390,304042.8,19042.8,6.68
575000.0,47.4939,-122.137,5214510060,635756.15,60756.15,10.57
175003.0,47.5667,-122.297,6056100165,397498.12,222495.12,127.14
1680000.0,47.6406,-122.156,1329000030,1549056.91,-130943.09,-7.79
147000.0,47.4971,-122.279,3347400525,310067.7,163067.7,110.93
569950.0,47.333,-122.098,621069057,702280.8,132330.8,23.22
1680000.0,47.6113,-121.952,853600150,1494574.19,-185425.81,-11.04
459000.0,47.5711,-122.386,324000530,428490.36,-30509.64,-6.65
316000.0,47.31100000000001,-122.345,9264921030,312947.17,-3052.83,-0.97
705380.0,47.5493,-121.993,3629910240,595975.0,-109405.0,-15.51
515000.0,47.4821,-122.142,5126300060,576595.99,61595.99,11.96
390000.0,47.4833,-122.157,1523059103,606828.77,216828.77,55.6
597500.0,47.555,-122.379,2324039036,553530.48,-43969.52,-7.36
289000.0,47.3558,-122.173,3546000630,329236.03,40236.03,13.92
635000.0,47.5888,-122.011,224069114,490353.96,-144646.04,-22.78
271000.0,47.3967,-122.174,1761300850,326078.43,55078.43,20.32
725000.0,47.4026,-122.033,1022069183,760598.69,35598.69,4.91
385000.0,47.5712,-122.316,5680000260,368884.89,-16115.11,-4.19
525000.0,47.6054,-122.118,4037200295,514390.77,-10609.23,-2.02
915000.0,47.5955,-122.176,9541800190,1329279.73,414279.73,45.28
568450.0,47.3703,-122.159,2722059010,657811.37,89361.37,15.72
858450.0,47.5908,-122.062,1853080540,811603.49,-46846.51,-5.46
415000.0,47.5362,-122.376,8122100130,284969.06,-130030.94,-31.33
380000.0,47.2813,-122.345,7683900200,498931.49,118931.49,31.3
279000.0,47.3025,-122.382,3279000370,25182.0,-253818.0,-90.97
518000.0,47.5592,-122.178,6072400470,617537.82,99537.82,19.22
335000.0,47.4804,-122.133,1463400047,434832.93,99832.93,29.8
875000.0,47.5976,-121.983,8691360200,965075.9,90075.9,10.29
342000.0,47.6962,-122.342,9267200345,487508.99,145508.99,42.55
750000.0,47.7106,-122.023,8682220390,600023.82,-149976.18,-20.0
839000.0,47.5503,-122.081,1778350150,1165129.33,326129.33,38.87
790000.0,47.1795,-122.036,3420069060,1654987.91,864987.91,109.49
283700.0,47.7391,-121.982,2131700900,316086.33,32386.33,11.42
535000.0,47.4282,-122.28,239000115,312566.11,-222433.89,-41.58
500000.0,47.6778,-122.267,8924100430,677639.26,177639.26,35.53
1490000.0,47.6824,-122.199,3885805175,1124319.96,-365680.04,-24.54
255000.0,47.5003,-122.248,4060000170,272956.16,17956.16,7.04
185000.0,47.3496,-122.289,7967600069,137579.13,-47420.87,-25.63
854000.0,47.7302,-122.106,7732501000,944695.29,90695.29,10.62
430000.0,47.6876,-122.395,8132700190,370860.99,-59139.01,-13.75
265000.0,47.3122,-122.369,8731800840,199049.3,-65950.7,-24.89
410000.0,47.5383,-122.178,3204800330,475797.75,65797.75,16.05
790000.0,47.6596,-122.144,7732410120,851632.38,61632.38,7.8
535000.0,47.319,-122.26,9264000010,880077.99,345077.99,64.5
499950.0,47.7359,-121.984,1038000040,442713.31,-57236.69,-11.45
1090000.0,47.7005,-122.232,3760500730,1144152.73,54152.73,4.97
635000.0,47.6196,-122.139,2619600010,654430.55,19430.55,3.06
670000.0,47.5346,-122.391,4322500110,529295.75,-140704.25,-21.0
539900.0,47.6963,-122.169,6403310060,569373.19,29473.19,5.46
465000.0,47.7183,-122.353,6141100380,340628.63,-124371.37,-26.75
628000.0,47.6034,-122.289,4003000285,643126.54,15126.54,2.41
319950.0,47.3798,-122.025,705710640,281012.05,-38937.95,-12.17
334200.0,47.7077,-121.914,782700120,345866.75,11666.75,3.49
300000.0,47.4774,-122.098,7230000350,421125.0,121125.0,40.38
835000.0,47.6596,-122.28,4217400185,730597.97,-104402.03,-12.5
1240000.0,47.5476,-122.116,2424059163,1894488.98,654488.98,52.78
675000.0,47.6063,-122.02,2909300150,607548.79,-67451.21,-9.99
566950.0,47.6944,-122.377,6382500076,489497.06,-77452.94,-13.66
302100.0,47.508,-122.337,1721801010,295817.38,-6282.62,-2.08
314500.0,47.2681,-122.31,7212652180,197859.07,-116640.93,-37.09
563750.0,47.5537,-122.026,6446200190,581810.6,18060.6,3.2
399950.0,47.6,-122.298,1250200552,459455.77,59505.77,14.88
710000.0,47.6829,-122.195,3885805325,648755.09,-61244.91,-8.63
260000.0,47.505,-122.259,561000075,268630.64,8630.64,3.32
228950.0,47.3627,-122.091,8651442520,293821.66,64871.66,28.33
699000.0,47.7043,-122.128,3825311210,762113.75,63113.75,9.03
433000.0,47.5297,-122.349,7972600910,371977.55,-61022.45,-14.09
749950.0,47.5754,-122.12,3827600040,946401.9,196451.9,26.2
440000.0,47.7012,-122.131,7201900370,452490.54,12490.54,2.84
316000.0,47.7422,-121.981,2130702075,245993.78,-70006.22,-22.15
575000.0,47.681,-122.032,7202350480,429780.43,-145219.57,-25.26
760500.0,47.7506,-122.122,1126059170,762206.18,1706.18,0.22
595000.0,47.4693,-122.364,7635801350,440043.54,-154956.46,-26.04
392500.0,47.7485,-122.3,4025300371,408097.17,15597.17,3.97
386000.0,47.5167,-121.878,7853340490,331469.47,-54530.53,-14.13
420000.0,47.538,-122.356,3438503223,407842.46,-12157.54,-2.89
540000.0,47.6681,-122.32,2862100260,552389.01,12389.01,2.29
270000.0,47.2958,-122.368,109210460,105667.76,-164332.24,-60.86
777700.0,47.4096,-122.449,822039025,922961.86,145261.86,18.68
281000.0,47.524,-121.821,7849200861,156480.32,-124519.68,-44.31
280000.0,47.3191,-122.177,2887950020,116651.75,-163348.25,-58.34
219900.0,47.3173,-122.327,7941600220,20343.79,-199556.21,-90.75
465000.0,47.4262,-122.187,522059130,364243.8,-100756.2,-21.67
259000.0,47.4728,-122.191,2475201070,310327.77,51327.77,19.82
219000.0,47.3565,-122.149,6648500390,355905.06,136905.06,62.51
432000.0,47.1776,-121.944,3220079017,527895.2,95895.2,22.2
1800000.0,47.6263,-122.314,1337300145,1246739.99,-553260.01,-30.74
580000.0,47.7066,-122.359,1139000685,492522.88,-87477.12,-15.08
231000.0,47.3111,-122.396,8732190380,44160.28,-186839.72,-80.88
998000.0,47.5481,-122.103,2424059061,928660.08,-69339.92,-6.95
528000.0,47.7259,-122.298,9421500070,513974.86,-14025.14,-2.66
471750.0,47.4891,-122.19,9476200350,781696.44,309946.44,65.7
250000.0,47.3327,-122.306,7983000200,103016.75,-146983.25,-58.79
738000.0,47.6952,-122.327,1995200338,757829.21,19829.21,2.69
670000.0,47.6604,-122.29,9822700255,782402.71,112402.71,16.78
760000.0,47.5974,-122.195,2425700005,605717.76,-154282.24,-20.3
460000.0,47.4462,-122.137,2473510260,674122.49,214122.49,46.55
743000.0,47.6931,-122.022,7203160090,806051.53,63051.53,8.49
380500.0,47.4324,-122.191,1565950670,437153.35,56653.35,14.89
1230000.0,47.5271,-122.228,3625710100,1074182.14,-155817.86,-12.67
750000.0,47.6534,-122.415,5035300834,484203.59,-265796.41,-35.44
615000.0,47.6516,-122.337,4083305633,564137.89,-50862.11,-8.27
3640000.0,47.6409,-122.241,2425049063,1956425.88,-1683574.12,-46.25
424000.0,47.5745,-122.017,3904930410,405123.73,-18876.27,-4.45
403000.0,47.6951,-122.305,8641500252,431212.22,28212.22,7.0
605000.0,47.6325,-122.371,1861400116,646766.64,41766.64,6.9
713400.0,47.5505,-122.221,2287000010,601007.75,-112392.25,-15.75
315000.0,47.5374,-122.27,1109000040,355403.07,40403.07,12.83
265000.0,47.456,-122.292,5379801972,359912.46,94912.46,35.82
315000.0,47.2559,-122.007,561500290,183606.14,-131393.86,-41.71
299900.0,47.3672,-122.019,9542830160,220567.88,-79332.12,-26.45
730000.0,47.4579,-122.443,2923039264,748317.19,18317.19,2.51
341500.0,47.3097,-122.34,9264910100,390663.33,49163.33,14.4
335000.0,47.3041,-122.066,8594400110,274820.94,-60179.06,-17.96
625000.0,47.6792,-122.287,7974200776,563530.49,-61469.51,-9.84
890000.0,47.5787,-122.245,9350900550,802945.26,-87054.74,-9.78
680000.0,47.6637,-122.316,6746701090,552385.61,-127614.39,-18.77
482000.0,47.6885,-122.337,625049299,449193.04,-32806.96,-6.81
330000.0,47.7486,-122.23,5634500392,671535.47,341535.47,103.5
289000.0,47.3225,-122.273,8001400340,246138.49,-42861.51,-14.83
226000.0,47.4527,-122.352,4415600040,227893.17,1893.17,0.84
635000.0,47.6621,-122.288,8813400245,645133.54,10133.54,1.6
525000.0,47.6977,-122.132,7199330010,461071.72,-63928.28,-12.18
565000.0,47.6141,-122.116,4038800580,547135.06,-17864.94,-3.16
625000.0,47.6775,-122.165,425059103,613929.83,-11070.17,-1.77
515000.0,47.5973,-122.298,1250200693,611383.56,96383.56,18.72
675000.0,47.5131,-122.256,7129301001,1019630.17,344630.17,51.06
830000.0,47.6841,-122.213,3885801450,673055.99,-156944.01,-18.91
2250000.0,47.62600000000001,-122.323,9831200159,1378699.67,-871300.33,-38.72
523000.0,47.6976,-122.283,5210200081,465199.54,-57800.46,-11.05
275000.0,47.3629,-122.184,2621400080,275198.56,198.56,0.07
625000.0,47.6233,-122.046,3578401060,533787.49,-91212.51,-14.59
625000.0,47.6795,-122.202,3900100265,435425.46,-189574.54,-30.33
300000.0,47.3128,-122.345,9264921140,246126.18,-53873.82,-17.96
375000.0,47.5479,-122.384,7625703065,241593.3,-133406.7,-35.58
554000.0,47.4316,-122.075,3223069118,705369.11,151369.11,27.32
655000.0,47.6461,-122.362,976000903,590795.12,-64204.88,-9.8
560000.0,47.702,-121.892,2726079098,737753.05,177753.05,31.74
425000.0,47.5449,-122.388,7626200280,408854.65,-16145.35,-3.8
315000.0,47.5565,-122.377,3095000040,370216.96,55216.96,17.53
470000.0,47.5335,-121.854,7853220690,401731.11,-68268.89,-14.53
262000.0,47.5127,-122.321,5300200085,358122.01,96122.01,36.69
845000.0,47.562,-122.114,4139400060,870802.77,25802.77,3.05
430000.0,47.53100000000001,-122.373,3624039074,268068.99,-161931.01,-37.66
198000.0,47.459,-122.285,5379800810,283919.25,85919.25,43.39
306500.0,47.3985,-122.321,2011400662,397902.11,91402.11,29.82
625000.0,47.5672,-122.372,9297301065,763838.53,138838.53,22.21
255000.0,47.4877,-122.335,84000105,268423.51,13423.51,5.26
540000.0,47.6046,-122.3,6840701150,622557.81,82557.81,15.29
418000.0,47.6976,-121.916,4046600220,316253.41,-101746.59,-24.34
592500.0,47.46100000000001,-122.002,5561400220,645992.75,53492.75,9.03
405000.0,47.4398,-122.08,7937600087,418439.49,13439.49,3.32
290000.0,47.3582,-122.284,9392200030,246485.65,-43514.35,-15.0
609900.0,47.3558,-122.004,5104540240,710287.12,100387.12,16.46
205000.0,47.3325,-122.321,5153900150,124700.86,-80299.14,-39.17
1080000.0,47.6467,-122.118,5556300109,937064.63,-142935.37,-13.23
433000.0,47.5499,-122.274,3332000715,449621.09,16621.09,3.84
160000.0,47.2866,-122.368,5029451010,23656.61,-136343.39,-85.21
532170.0,47.6838,-122.353,3362900810,499279.7,-32890.3,-6.18
224950.0,47.2021,-122.002,2938200040,121545.32,-103404.68,-45.97
435000.0,47.7462,-121.978,1558500050,688612.74,253612.74,58.3
322500.0,47.5057,-122.172,423059207,346194.81,23694.81,7.35
400000.0,47.7504,-122.306,5589900590,429246.87,29246.87,7.31
950000.0,47.6469,-122.389,9241900150,937604.88,-12395.12,-1.3
490000.0,47.523,-122.371,4365200520,395113.42,-94886.58,-19.36
355000.0,47.7146,-122.234,3840700600,353775.33,-1224.67,-0.34
380000.0,47.2779,-122.349,2021000180,431068.82,51068.82,13.44
1430000.0,47.6906,-122.213,856000985,893321.58,-536678.42,-37.53
575000.0,47.6781,-122.374,3052700695,439162.01,-135837.99,-23.62
1980000.0,47.6259,-122.291,5017000470,1472640.55,-507359.45,-25.62
228500.0,47.4838,-122.335,2407000405,212647.75,-15852.25,-6.94
419000.0,47.3049,-122.386,3279050130,659466.14,240466.14,57.39
340000.0,47.4387,-122.114,8691500410,442934.4,102934.4,30.27
485000.0,47.7452,-122.224,1887000100,460950.46,-24049.54,-4.96
299800.0,47.5185,-122.376,5347200175,248039.48,-51760.52,-17.27
460000.0,47.7513,-122.357,405100165,413911.41,-46088.59,-10.02
385000.0,47.7311,-122.204,6918710340,604467.05,219467.05,57.0
670000.0,47.6895,-122.331,2402100055,647619.42,-22380.58,-3.34
420000.0,47.7021,-122.32,5101406522,421219.84,1219.84,0.29
472000.0,47.6946,-122.12,7211300050,562434.9,90434.9,19.16
1680000.0,47.5858,-122.247,5093300280,1627763.13,-52236.87,-3.11
218000.0,47.5013,-122.244,4059400585,271293.48,53293.48,24.45
160000.0,47.4497,-122.289,4435000705,199532.51,39532.51,24.71
449000.0,47.7558,-122.217,9522600120,619030.64,170030.64,37.87
907000.0,47.66,-122.282,4217400420,801337.51,-105662.49,-11.65
831000.0,47.6196,-122.292,9828700200,751450.81,-79549.19,-9.57
805000.0,47.5773,-122.406,56000095,905183.41,100183.41,12.45
278000.0,47.3596,-122.16,2108500110,292313.05,14313.05,5.15
600000.0,47.5391,-122.069,8562750250,534579.95,-65420.05,-10.9
550000.0,47.6366,-122.029,8078410280,534270.42,-15729.58,-2.86
380000.0,47.4771,-122.03,1523069151,351313.5,-28686.5,-7.55
705000.0,47.5582,-122.025,6793300010,708016.92,3016.92,0.43
399950.0,47.2241,-122.072,1720069146,630742.9,230792.9,57.71
518500.0,47.6824,-122.347,3362400431,544672.63,26172.63,5.05
430000.0,47.5204,-122.205,3342101795,438594.13,8594.13,2.0
333000.0,47.525,-122.371,4364700595,321136.18,-11863.82,-3.56
455950.0,47.4917,-122.17,923059259,572178.62,116228.62,25.49
183750.0,47.4325,-122.197,646910150,327119.87,143369.87,78.02
660000.0,47.5747,-122.014,3904940200,730949.58,70949.58,10.75
210000.0,47.4446,-122.074,2923069037,282250.67,72250.67,34.41
1300000.0,47.6965,-122.134,8895800110,1109485.5,-190514.5,-14.65
612500.0,47.6992,-122.379,579002870,320546.15,-291953.85,-47.67
675000.0,47.5794,-122.025,1024069009,590242.86,-84757.14,-12.56
219000.0,47.5499,-122.384,7625702616,310595.63,91595.63,41.82
418395.0,47.2599,-122.192,3845100550,382973.84,-35421.16,-8.47
374950.0,47.3557,-122.026,7714000310,474753.33,99803.33,26.62
225000.0,47.3172,-122.322,8588000315,111313.31,-113686.69,-50.53
318500.0,47.5503,-122.356,3438500790,351651.25,33151.25,10.41
321000.0,47.3661,-122.28,3832711040,323037.82,2037.82,0.63
380000.0,47.5539,-122.268,1231001110,377910.57,-2089.43,-0.55
356000.0,47.5484,-122.278,3332500636,412757.11,56757.11,15.94
549995.0,47.4776,-122.122,1438000200,671559.76,121564.76,22.1
382000.0,47.4919,-122.336,7889601270,487022.38,105022.38,27.49
481000.0,47.5683,-122.177,643300040,553641.29,72641.29,15.1
300000.0,47.4698,-122.36,7635800313,244108.16,-55891.84,-18.63
294000.0,47.4857,-122.253,7887200390,304727.86,10727.86,3.65
442200.0,47.6788,-122.11,1508210100,517460.06,75260.06,17.02
900000.0,47.6698,-122.334,9551202875,758900.04,-141099.96,-15.68
488800.0,47.5444,-122.165,1951800040,622526.31,133726.31,27.36
383000.0,47.4885,-121.783,8039900360,288873.46,-94126.54,-24.58
293000.0,47.2582,-122.113,3621059043,652323.94,359323.94,122.64
659000.0,47.5771,-122.05,7300200550,569901.09,-89098.91,-13.52
230000.0,47.3648,-122.185,4345000210,223455.29,-6544.71,-2.85
249950.0,47.2844,-122.216,3021059244,150550.37,-99399.63,-39.77
350000.0,47.7451,-122.339,415100085,320622.17,-29377.83,-8.39
612000.0,47.6727,-122.361,2769600035,918243.1,306243.1,50.04
790000.0,47.7431,-122.286,6744700302,734377.09,-55622.91,-7.04
1510000.0,47.5859,-122.291,5701500030,947143.29,-562856.71,-37.28
510000.0,47.6811,-122.169,3888100117,499682.85,-10317.15,-2.02
495200.0,47.7642,-122.195,526059122,565706.88,70506.88,14.24
529000.0,47.5355,-122.392,9238900060,360097.01,-168902.99,-31.93
431000.0,47.3856,-122.158,5469501200,588304.32,157304.32,36.5
981000.0,47.6339,-122.09,6710100131,959199.08,-21800.92,-2.22
680000.0,47.7249,-122.027,4054700300,773740.65,93740.65,13.79
251000.0,47.496,-122.349,7520000695,227087.53,-23912.47,-9.53
210000.0,47.5015,-122.349,723049307,219922.37,9922.37,4.72
950000.0,47.6557,-122.278,4219400465,970259.31,20259.31,2.13
547000.0,47.6743,-122.299,1868901815,541684.64,-5315.36,-0.97
742500.0,47.6158,-122.291,1186000125,799892.16,57392.16,7.73
317000.0,47.4875,-122.255,2172000570,357934.66,40934.66,12.91
355000.0,47.76,-122.349,1442300035,380954.87,25954.87,7.31
753000.0,47.6378,-122.185,687600010,745684.78,-7315.22,-0.97
490000.0,47.7448,-122.177,8663200450,658773.95,168773.95,34.44
205000.0,47.5088,-122.333,795002190,267920.6,62920.6,30.69
539950.0,47.6398,-122.356,2652501513,442837.63,-97112.37,-17.99
432000.0,47.7429,-122.056,1726069179,571611.4,139611.4,32.32
509000.0,47.7484,-122.353,3293700482,366800.84,-142199.16,-27.94
299000.0,47.5519,-122.292,7866500035,467264.14,168264.14,56.28
629950.0,47.6425,-122.374,2770604080,568669.94,-61280.06,-9.73
424500.0,47.6981,-122.127,7199340650,447851.34,23351.34,5.5
315500.0,47.7267,-122.227,3755000060,444875.92,129375.92,41.01
400000.0,47.452,-122.204,3943600020,483967.96,83967.96,20.99
830000.0,47.6134,-122.152,9346700280,869578.12,39578.12,4.77
585000.0,47.6567,-122.397,6917700195,436918.64,-148081.36,-25.31
602500.0,47.5755,-122.033,7525420150,497533.81,-104966.19,-17.42
535000.0,47.2124,-122.005,8556800100,642950.15,107950.15,20.18
535000.0,47.6036,-122.015,8961990090,483590.63,-51409.37,-9.61
1050000.0,47.5806,-122.193,3394100230,1004703.31,-45296.69,-4.31
400000.0,47.2983,-122.166,3298600340,393131.39,-6868.61,-1.72
282613.0,47.7466,-122.334,396100110,291206.8,8593.8,3.04
305500.0,47.4031,-122.172,8078570460,356826.4,51326.4,16.8
399950.0,47.5396,-122.276,3812400898,519834.89,119884.89,29.97
284000.0,47.5137,-122.333,6620400631,348454.41,64454.41,22.7
619420.0,47.5261,-122.162,5525400300,725180.39,105760.39,17.07
443000.0,47.3067,-122.116,3211260290,466294.91,23294.91,5.26
322500.0,47.2649,-122.218,4137000590,238422.4,-84077.6,-26.07
270000.0,47.3678,-122.124,5468760050,230763.82,-39236.18,-14.53
279950.0,47.7571,-122.328,7772400160,360788.65,80838.65,28.88
229000.0,47.473,-122.324,1760600009,264436.72,35436.72,15.47
310000.0,47.2741,-122.337,1139600270,208035.11,-101964.89,-32.89
630000.0,47.7078,-122.277,4077800029,766205.05,136205.05,21.62
1700000.0,47.6055,-122.285,9829200250,1201524.73,-498475.27,-29.32
235500.0,47.3489,-122.306,4222310220,148614.13,-86885.87,-36.89
280000.0,47.3568,-122.163,6792200066,289672.72,9672.72,3.45
653000.0,47.7028,-122.231,3261020370,745020.16,92020.16,14.09
320000.0,47.4779,-122.145,5104200420,310391.16,-9608.84,-3.0
290000.0,47.7091,-122.292,751000020,354808.21,64808.21,22.35
280000.0,47.5195,-122.374,7452500285,298393.66,18393.66,6.57
417000.0,47.4937,-122.149,4187000190,405885.58,-11114.42,-2.67
393000.0,47.5442,-122.297,4287400005,507273.14,114273.14,29.08
760000.0,47.536,-121.858,7852160080,1127637.0,367637.0,48.37
214100.0,47.3516,-122.292,7237590010,140680.73,-73419.27,-34.29
378750.0,47.5644,-122.289,1604601375,449327.55,70577.55,18.63
389517.0,47.371,-122.017,255450040,438850.41,49333.41,12.67
366000.0,47.474,-122.14,1072000240,498569.14,132569.14,36.22
300000.0,47.3514,-122.213,8669180150,236785.13,-63214.87,-21.07
511000.0,47.6873,-122.336,1994200024,445091.71,-65908.29,-12.9
427500.0,47.7318,-122.305,6381500690,450347.97,22847.97,5.34
497000.0,47.6324,-122.106,7525100060,647642.31,150642.31,30.31
700000.0,47.687,-122.386,6021501535,510556.5,-189443.5,-27.06
360000.0,47.708,-122.216,3760000020,469869.96,109869.96,30.52
1990000.0,47.6281,-122.216,632000065,1385437.69,-604562.31,-30.38
1850000.0,47.6235,-122.192,1266200140,1309268.79,-540731.21,-29.23
309950.0,47.3822,-122.316,2560801222,206542.49,-103407.51,-33.36
545000.0,47.7142,-122.222,6619910230,802467.69,257467.69,47.24
315000.0,47.5116,-122.37,7262200150,253712.54,-61287.46,-19.46
399888.0,47.723,-122.337,3034200933,497164.48,97276.48,24.33
385000.0,47.4386,-122.116,8691510290,392644.29,7644.29,1.99
1220000.0,47.5917,-122.386,9272200810,1029745.6,-190254.4,-15.59
1180000.0,47.7213,-122.055,624110540,1105102.2,-74897.8,-6.35
449950.0,47.5362,-121.877,7852040210,428259.18,-21690.82,-4.82
640000.0,47.6372,-122.392,2771603940,419973.12,-220026.88,-34.38
952000.0,47.5462,-122.112,2424059127,1273516.09,321516.09,33.77
170000.0,47.5081,-122.356,6303400290,261638.52,91638.52,53.91
375000.0,47.7221,-122.162,8944310330,484454.08,109454.08,29.19
291000.0,47.5432,-122.277,3812400455,413143.88,122143.88,41.97
250000.0,47.6938,-122.356,2508000020,287339.31,37339.31,14.94
338000.0,47.4484,-121.772,9407001830,183906.61,-154093.39,-45.59
2250000.0,47.6295,-122.236,3262300485,1236511.56,-1013488.44,-45.04
416000.0,47.6963,-122.342,3126049436,528645.49,112645.49,27.08
270000.0,47.375,-122.304,3295710150,123751.83,-146248.17,-54.17
397000.0,47.6942,-122.315,5100402767,474578.64,77578.64,19.54
449000.0,47.6768,-122.029,7202380340,372412.97,-76587.03,-17.06
275000.0,47.5301,-122.271,2658000335,469433.27,194433.27,70.7
878000.0,47.5504,-122.097,5608010980,1032793.83,154793.83,17.63
475000.0,47.4568,-122.117,9558050020,719347.86,244347.86,51.44
333800.0,47.5173,-122.275,9188200570,393679.65,59879.65,17.94
503000.0,47.3276,-122.389,1121039059,632527.91,129527.91,25.75
790500.0,47.6849,-122.016,7203220410,792132.18,1632.18,0.21
765000.0,47.6692,-122.028,1025069106,903776.63,138776.63,18.14
842000.0,47.659,-122.339,4083301380,540847.02,-301152.98,-35.77
542500.0,47.4587,-121.996,5561400610,545197.59,2697.59,0.5
290000.0,47.4357,-122.168,984200540,418324.23,128324.23,44.25
158550.0,47.3839,-122.288,8857600780,238227.24,79677.24,50.25
355000.0,47.4589,-122.353,2968800626,284899.91,-70100.09,-19.75
170000.0,47.7654,-121.48,226109056,210863.89,40863.89,24.04
800000.0,47.6294,-121.911,2825079001,496724.43,-303275.57,-37.91
310000.0,47.5324,-122.272,1443500120,334455.07,24455.07,7.89
325000.0,47.4838,-122.299,6082400152,473507.72,148507.72,45.69
480000.0,47.5755,-122.289,5700002125,560147.37,80147.37,16.7
570000.0,47.738,-122.221,200520120,727257.64,157257.64,27.59
518000.0,47.676,-122.308,9547200790,627525.72,109525.72,21.14
494000.0,47.7741,-122.373,6384300020,419852.66,-74147.34,-15.01
582500.0,47.7,-122.296,9554200200,503214.79,-79285.21,-13.61
359000.0,47.5378,-122.369,8122600245,287948.31,-71051.69,-19.79
680000.0,47.7065,-122.37,2874600040,652111.01,-27888.99,-4.1
711000.0,47.5838,-122.39,2530800070,684056.79,-26943.21,-3.79
455800.0,47.6866,-122.043,7202290140,386600.42,-69199.58,-15.18
1540000.0,47.6938,-122.215,3896100130,988156.53,-551843.47,-35.83
420000.0,47.5383,-122.268,1109000390,556655.0,136655.0,32.54
249000.0,47.4216,-122.174,4324200060,299160.46,50160.46,20.14
540000.0,47.6822,-122.111,7200001608,519334.09,-20665.91,-3.83
180500.0,47.3817,-122.314,2560800165,-4480.78,-184980.78,-102.48
1130000.0,47.6265,-122.298,5015001215,1003919.28,-126080.72,-11.16
700000.0,47.6893,-122.208,1245001216,625819.31,-74180.69,-10.6
920000.0,47.5599,-122.118,8965460090,841116.46,-78883.54,-8.57
196000.0,47.4187,-122.329,7893203770,85774.28,-110225.72,-56.24
965000.0,47.5617,-122.03,8835700250,911472.85,-53527.15,-5.55
500000.0,47.6588,-122.344,2306400010,535686.98,35686.98,7.14
250000.0,47.5576,-122.277,5249801440,530691.2,280691.2,112.28
445000.0,47.5275,-122.38,1781500155,397443.9,-47556.1,-10.69
190000.0,47.5295,-121.829,7606200275,195538.6,5538.6,2.92
805000.0,47.6712,-122.409,573000685,514190.74,-290809.26,-36.13
521000.0,47.6535,-122.353,1972200696,554204.04,33204.04,6.37
515000.0,47.5688,-122.019,3904910050,488926.94,-26073.06,-5.06
300000.0,47.7303,-122.238,3211200420,414238.41,114238.41,38.08
436000.0,47.72,-122.216,7905380280,453716.34,17716.34,4.06
349950.0,47.7351,-121.985,3820350070,356831.47,6881.47,1.97
360000.0,47.5275,-122.383,2493200435,365765.34,5765.34,1.6
240000.0,47.3109,-122.339,9264901510,199130.94,-40869.06,-17.03
675000.0,47.7382,-122.287,4036400030,642415.32,-32584.68,-4.83
462000.0,47.6647,-122.337,4083800340,510958.12,48958.12,10.6
427000.0,47.6205,-122.102,8563000110,474880.37,47880.37,11.21
1120000.0,47.7289,-122.127,2481620310,1280963.51,160963.51,14.37
251750.0,47.3947,-122.174,1761300340,343050.32,91300.32,36.27
510000.0,47.3068,-122.088,1796000120,431260.26,-78739.74,-15.44
972000.0,47.5229,-122.152,3303990380,1195576.2,223576.2,23.0
170000.0,47.3459,-122.299,7466900220,150640.15,-19359.85,-11.39
645000.0,47.5715,-122.128,3447000100,601180.5,-43819.5,-6.79
278000.0,47.3712,-122.289,110000040,241368.07,-36631.93,-13.18
910000.0,47.6472,-122.157,8669400100,1090866.13,180866.13,19.88
505000.0,47.6474,-122.396,6821102346,440972.32,-64027.68,-12.68
760000.0,47.6748,-122.279,3179102155,749924.86,-10075.14,-1.33
488000.0,47.4831,-121.767,3956100190,416142.12,-71857.88,-14.72
937500.0,47.6187,-122.226,2210500019,633479.42,-304020.58,-32.43
422500.0,47.6895,-122.382,546000045,388076.35,-34423.65,-8.15
365000.0,47.4683,-122.359,7635800600,298789.42,-66210.58,-18.14
350000.0,47.6993,-122.376,9144100035,398229.19,48229.19,13.78
487000.0,47.7357,-122.333,7771300125,670854.3,183854.3,37.75
255000.0,47.319,-122.344,7316400070,301557.79,46557.79,18.26
560000.0,47.632,-122.092,2790400380,692171.17,132171.17,23.6
2600000.0,47.5721,-122.239,3623500408,1539378.72,-1060621.28,-40.79
208950.0,47.4983,-122.172,425000175,216300.41,7350.41,3.52
694000.0,47.7226,-122.03,8682290410,545402.99,-148597.01,-21.41
275000.0,47.488,-121.787,776600130,81249.72,-193750.28,-70.45
850000.0,47.5607,-122.031,8679200100,749728.7,-100271.3,-11.8
332000.0,47.5619,-122.315,3679401110,407414.9,75414.9,22.72
424500.0,47.7494,-122.236,5634500179,390749.3,-33750.7,-7.95
601000.0,47.7012,-122.286,9455200445,480498.14,-120501.86,-20.05
560000.0,47.5233,-122.386,2483700095,519551.77,-40448.23,-7.22
379950.0,47.3561,-122.056,3158500130,443209.37,63259.37,16.65
525888.0,47.4845,-122.08,1823069155,494189.83,-31698.17,-6.03
229900.0,47.2738,-122.3,2268000500,67765.78,-162134.22,-70.52
420000.0,47.3803,-122.147,4397010140,703025.45,283025.45,67.39
170000.0,47.4906,-122.306,8148600020,240236.14,70236.14,41.32
580500.0,47.5391,-122.07,8562750320,532046.18,-48453.82,-8.35
492000.0,47.4861,-121.804,2607720150,684989.53,192989.53,39.23
835100.0,47.5984,-122.176,9542000030,868339.59,33239.59,3.98
525000.0,47.7726,-122.286,4022902715,567864.19,42864.19,8.16
299000.0,47.5164,-122.189,3343900781,421059.29,122059.29,40.82
549950.0,47.6191,-122.145,1433500050,741082.64,191132.64,34.75
645000.0,47.688,-122.32,3735901080,543922.43,-101077.57,-15.67
147500.0,47.375,-122.117,1865800250,237710.76,90210.76,61.16
499000.0,47.6823,-122.365,1623800300,444158.51,-54841.49,-10.99
369000.0,47.5357,-122.365,9206950110,419465.17,50465.17,13.68
239000.0,47.4836,-122.214,7200080,351294.9,112294.9,46.99
380000.0,47.6688,-122.323,3856904825,495127.28,115127.28,30.3
515000.0,47.735,-122.244,2140700190,521733.42,6733.42,1.31
450000.0,47.6951,-122.367,1588600110,357688.85,-92311.15,-20.51
830000.0,47.6387,-122.174,1546600120,977454.58,147454.58,17.77
557800.0,47.6567,-122.399,6821100090,449056.82,-108743.18,-19.5
467000.0,47.6963,-122.318,5100403806,491736.28,24736.28,5.3
1090000.0,47.5416,-122.38,1121000357,982113.96,-107886.04,-9.9
490000.0,47.483,-122.026,1523069204,379519.86,-110480.14,-22.55
240000.0,47.3878,-122.052,5113260040,233408.82,-6591.18,-2.75
300000.0,47.3258,-122.165,5137800030,299093.21,-906.79,-0.3
1150000.0,47.6624,-122.071,2954400400,1391756.44,241756.44,21.02
380000.0,47.4498,-122.28,5379804888,282081.02,-97918.98,-25.77
420000.0,47.5168,-122.256,7129302800,752024.11,332024.11,79.05
315000.0,47.6886,-122.352,6430500191,402456.92,87456.92,27.76
425000.0,47.5949,-122.296,567000660,441404.51,16404.51,3.86
480000.0,47.6112,-122.128,4038200480,487731.31,7731.31,1.61
308000.0,47.3167,-122.187,8078520280,160248.5,-147751.5,-47.97
329000.0,47.2622,-122.212,4137070440,249680.62,-79319.38,-24.11
430000.0,47.6012,-122.152,324059076,537214.66,107214.66,24.93
568000.0,47.5891,-122.387,9274200314,494344.55,-73655.45,-12.97
240000.0,47.3965,-122.321,2011400520,314621.09,74621.09,31.09
365000.0,47.3391,-122.093,621069074,352463.38,-12536.62,-3.43
655000.0,47.6821,-122.388,9164100035,471809.49,-183190.51,-27.97
569950.0,47.6795,-122.354,9468200100,616853.44,46903.44,8.23
781000.0,47.691,-122.105,3275850020,728421.81,-52578.19,-6.73
1010000.0,47.6834,-122.292,7977201240,1127425.87,117425.87,11.63
875000.0,47.7125,-122.081,7701960210,959835.96,84835.96,9.7
450000.0,47.5655,-121.998,1424069044,349382.38,-100617.62,-22.36
565000.0,47.7739,-122.164,1822360080,602398.17,37398.17,6.62
475000.0,47.5336,-121.867,7852020670,362630.46,-112369.54,-23.66
1050000.0,47.5566,-122.026,293760050,1517182.04,467182.04,44.49
420000.0,47.3018,-122.342,7298050110,697100.99,277100.99,65.98
554000.0,47.5368,-122.073,8562770320,511381.36,-42618.64,-7.69
124740.0,47.3224,-122.143,6600410170,99851.81,-24888.19,-19.95
290500.0,47.494,-122.279,179000240,316842.22,26342.22,9.07
378000.0,47.4623,-122.13,8856920550,496218.76,118218.76,31.27
895950.0,47.6232,-122.023,2862500190,720069.18,-175880.82,-19.63
900000.0,47.5833,-122.242,5315100737,788180.48,-111819.52,-12.42
230000.0,47.3733,-122.057,1442800400,401782.18,171782.18,74.69
501000.0,47.6718,-122.291,8827900015,607186.38,106186.38,21.19
795000.0,47.5708,-122.359,9349900105,506346.52,-288653.48,-36.31
778000.0,47.5481,-122.156,2600130020,818822.22,40822.22,5.25
997950.0,47.5352,-121.883,2624079028,934752.28,-63197.72,-6.33
1080000.0,47.7375,-122.139,3407700012,1289739.0,209739.0,19.42
457000.0,47.7478,-122.338,5256500025,560737.18,103737.18,22.7
365000.0,47.548,-122.373,3278602490,462486.17,97486.17,26.71
315000.0,47.4437,-122.137,1328340380,292753.33,-22246.67,-7.06
210000.0,47.3811,-122.32,3530450100,206093.94,-3906.06,-1.86
230000.0,47.4878,-122.13,3664500300,143986.66,-86013.34,-37.4
595000.0,47.6596,-121.96,203600140,612459.49,17459.49,2.93
233703.0,47.3908,-122.167,8944290200,298189.09,64486.09,27.59
405300.0,47.4987,-122.166,2972300060,553606.73,148306.73,36.59
458400.0,47.7581,-122.359,7818900060,501276.88,42876.88,9.35
240415.0,47.3694,-122.311,2822049160,94278.65,-146136.35,-60.79
245000.0,47.4945,-122.304,3826000550,317635.72,72635.72,29.65
685000.0,47.7537,-122.373,3586500620,838036.21,153036.21,22.34
734200.0,47.6726,-122.371,999000215,690786.67,-43413.33,-5.91
187250.0,47.4939,-122.318,8018600980,332789.68,145539.68,77.72
465000.0,47.7261,-122.22,5145100300,497907.87,32907.87,7.08
390000.0,47.4525,-122.149,2473000680,451829.43,61829.43,15.85
240000.0,47.3341,-122.282,7895500070,48762.12,-191237.88,-79.68
458950.0,47.6888,-122.308,2887700805,479333.73,20383.73,4.44
250000.0,47.5723,-122.304,1596600060,402157.18,152157.18,60.86
307000.0,47.3197,-122.343,5559200170,208284.05,-98715.95,-32.16
565000.0,47.3535,-122.19,3222059130,644850.38,79850.38,14.13
435000.0,47.3569,-122.202,3831250150,519270.09,84270.09,19.37
515000.0,47.4521,-122.14,2473002850,886632.19,371632.19,72.16
435000.0,47.7056,-122.342,6300000378,562423.32,127423.32,29.29
735000.0,47.5913,-122.01,224069134,447088.61,-287911.39,-39.17
385000.0,47.3935,-122.3,1953400045,283077.2,-101922.8,-26.47
907500.0,47.6911,-122.326,4370700065,857054.56,-50445.44,-5.56
551870.0,47.2867,-122.27,3751601785,301874.95,-249995.05,-45.3
277500.0,47.2779,-122.347,7796450190,151848.57,-125651.43,-45.28
725000.0,47.6934,-122.161,1246700103,742796.64,17796.64,2.45
215000.0,47.3185,-122.29,5515600087,130747.23,-84252.77,-39.19
620000.0,47.6763,-122.37,5309101200,564161.6,-55838.4,-9.01
529000.0,47.6722,-122.167,7436500120,581993.13,52993.13,10.02
680000.0,47.7321,-122.334,2026049184,533812.22,-146187.78,-21.5
655000.0,47.4898,-122.127,1656600280,748102.96,93102.96,14.21
364500.0,47.7508,-122.352,1397300120,422377.94,57877.94,15.88
887000.0,47.5849,-122.113,3999300080,1199106.64,312106.64,35.19
236000.0,47.5072,-122.336,1721801161,324617.81,88617.81,37.55
580000.0,47.6962,-122.314,5100403947,565613.87,-14386.13,-2.48
585000.0,47.743,-122.131,1136100062,645599.28,60599.28,10.36
450000.0,47.4885,-121.779,7787100210,317282.08,-132717.92,-29.49
175000.0,47.3035,-122.307,4131500140,114607.68,-60392.32,-34.51
965800.0,47.6304,-122.205,9534400010,767826.19,-197973.81,-20.5
340000.0,47.29600000000001,-122.219,6382000080,269595.73,-70404.27,-20.71
485000.0,47.4013,-122.03,1560920370,631085.35,146085.35,30.12
1250000.0,47.5858,-122.393,9279700013,977176.52,-272823.48,-21.83
427000.0,47.2956,-122.35,9578500180,383463.06,-43536.94,-10.2
315000.0,47.476000000000006,-122.337,4330600350,346185.16,31185.16,9.9
358000.0,47.4475,-122.159,2473100280,469579.19,111579.19,31.17
660000.0,47.6733,-122.298,1868901120,586338.1,-73661.9,-11.16
466000.0,47.7574,-122.322,928000020,399620.19,-66379.81,-14.24
597500.0,47.7112,-122.099,5649300120,695158.99,97658.99,16.34
790000.0,47.5409,-121.994,3630200460,591470.12,-198529.88,-25.13
695000.0,47.6956,-122.399,4441300416,713303.79,18303.79,2.63
447000.0,47.5443,-122.382,5637500250,305346.84,-141653.16,-31.69
543000.0,47.6631,-122.345,9521101520,608179.65,65179.65,12.0
415000.0,47.4616,-121.711,1422300030,266376.75,-148623.25,-35.81
803000.0,47.7223,-122.209,1926059027,524373.68,-278626.32,-34.7
480000.0,47.4877,-122.139,5126310400,562297.54,82297.54,17.15
302500.0,47.3585,-122.191,3790700070,332157.57,29657.57,9.8
312200.0,47.2596,-122.304,5409800120,314827.7,2627.7,0.84
685000.0,47.7751,-122.088,9359300250,737121.73,52121.73,7.61
622500.0,47.5886,-122.074,524069011,526180.89,-96319.11,-15.47
600000.0,47.5779,-122.409,148000072,553393.97,-46606.03,-7.77
295000.0,47.5892,-122.312,8850000180,491709.4,196709.4,66.68
199950.0,47.3277,-122.341,1788900230,-13515.63,-213465.63,-106.76
633634.0,47.5183,-121.886,7853420100,602455.34,-31178.66,-4.92
551000.0,47.7484,-122.317,3432501395,470732.54,-80267.46,-14.57
247000.0,47.3074,-122.385,8732040820,196687.14,-50312.86,-20.37
428750.0,47.6872,-122.351,6430500008,472872.87,44122.87,10.29
329999.0,47.7447,-122.313,3432500200,234751.3,-95247.7,-28.86
808000.0,47.6419,-122.306,8805900570,775643.63,-32356.37,-4.0
625000.0,47.5515,-122.189,2024059084,816159.27,191159.27,30.59
1000000.0,47.6216,-122.161,7605800050,857140.78,-142859.22,-14.29
400000.0,47.2585,-122.061,3221069035,580181.1,180181.1,45.05
740000.0,47.7479,-122.062,826069046,692208.57,-47791.43,-6.46
246950.0,47.1948,-121.975,8141310040,57073.79,-189876.21,-76.89
399950.0,47.5868,-122.308,3881900445,455537.12,55587.12,13.9
1430000.0,47.6364,-122.28,4385700425,774147.05,-655852.95,-45.86
975000.0,47.6337,-122.154,9304400010,1003119.66,28119.66,2.88
653750.0,47.7072,-122.232,293910070,710082.92,56332.92,8.62
375000.0,47.7391,-122.256,8718500665,404046.15,29046.15,7.75
270000.0,47.2837,-122.207,7889100020,204310.02,-65689.98,-24.33
280000.0,47.2701,-122.313,7212660520,45077.22,-234922.78,-83.9
517000.0,47.6793,-122.319,9528102110,627003.73,110003.73,21.28
675000.0,47.6579,-122.197,4101410050,631962.73,-43037.27,-6.38
435000.0,47.7293,-122.227,6675500035,413627.67,-21372.33,-4.91
449950.0,47.3542,-122.014,5104511840,486008.17,36058.17,8.01
1010000.0,47.5656,-122.403,1563102965,833068.72,-176931.28,-17.52
970000.0,47.6966,-122.315,5101403915,376032.96,-593967.04,-61.23
775000.0,47.5714,-122.373,7628700050,776639.08,1639.08,0.21
327500.0,47.4051,-122.193,2474400250,470550.5,143050.5,43.68
600000.0,47.67,-122.295,8827900690,560320.12,-39679.88,-6.61
950000.0,47.7268,-122.06,624111000,1176242.3,226242.3,23.81
269500.0,47.5321,-122.323,7327902612,317500.12,48000.12,17.81
430000.0,47.7721,-122.293,1155640050,388607.86,-41392.14,-9.63
226450.0,47.3774,-122.236,1863900225,252175.47,25725.47,11.36
998000.0,47.5556,-122.03,293760210,1092902.57,94902.57,9.51
190000.0,47.4837,-122.236,2144800615,275546.19,85546.19,45.02
300000.0,47.5069,-122.367,7694600201,288441.2,-11558.8,-3.85
196700.0,47.4761,-122.287,1523049083,314481.89,117781.89,59.88
278750.0,47.7024,-122.346,6145601819,397619.96,118869.96,42.64
475000.0,47.7522,-122.278,1062100116,378510.13,-96489.87,-20.31
321000.0,47.394,-122.183,6799300150,385271.55,64271.55,20.02
639900.0,47.3511,-122.266,3522049063,734133.29,94233.29,14.73
330000.0,47.5435,-122.357,3438501862,370813.8,40813.8,12.37
524000.0,47.6949,-122.396,2821100125,553496.89,29496.89,5.63
355000.0,47.5019,-122.235,9282801720,371241.86,16241.86,4.58
342000.0,47.2684,-122.308,7212650240,223341.47,-118658.53,-34.7
5570000.0,47.6289,-122.233,2470100110,3984196.01,-1585803.99,-28.47
295000.0,47.3385,-122.256,2214800170,220781.77,-74218.23,-25.16
389000.0,47.542,-122.265,9830200230,563393.02,174393.02,44.83
184000.0,47.3072,-122.363,8945000910,-40026.64,-224026.64,-121.75
836000.0,47.6197,-122.15,4178300080,853781.14,17781.14,2.13
535000.0,47.6774,-122.324,9528104108,442747.07,-92252.93,-17.24
578000.0,47.504,-122.382,284000223,620652.12,42652.12,7.38
509000.0,47.6472,-122.362,8900000100,368740.35,-140259.65,-27.56
284700.0,47.4899,-122.337,723049156,254242.03,-30457.97,-10.7
350000.0,47.3509,-122.041,2310040230,406321.27,56321.27,16.09
492000.0,47.4669,-122.003,5561300540,534223.21,42223.21,8.58
365000.0,47.4362,-122.178,305500140,461101.37,96101.37,26.33
599950.0,47.7176,-122.302,3448000344,647241.21,47291.21,7.88
447000.0,47.6684,-122.316,6746700565,481830.71,34830.71,7.79
370000.0,47.4501,-122.139,2473370110,459562.81,89562.81,24.21
209977.0,47.4941,-122.312,985000833,352183.04,142206.04,67.72
280000.0,47.3605,-122.12,2550820060,270963.69,-9036.31,-3.23
637000.0,47.7159,-122.1,3396800280,608986.56,-28013.44,-4.4
275000.0,47.37,-122.17,7140200380,284068.86,9068.86,3.3
255000.0,47.4742,-122.265,3365900106,305301.54,50301.54,19.73
800000.0,47.7068,-122.112,9526600250,712022.62,-87977.38,-11.0
1080000.0,47.5641,-122.124,6154500030,1133379.45,53379.45,4.94
319000.0,47.7151,-122.203,7941130140,429619.23,110619.23,34.68
680000.0,47.562,-122.279,5249800729,931522.33,251522.33,36.99
770000.0,47.6645,-122.36,7986400360,827789.71,57789.71,7.51
500000.0,47.6064,-122.039,3325069025,461517.75,-38482.25,-7.7
790000.0,47.6371,-122.058,7504010590,851030.13,61030.13,7.73
387846.0,47.7642,-122.264,3818700190,540682.23,152836.23,39.41
777000.0,47.6181,-122.147,4178310040,878821.87,101821.87,13.1
513000.0,47.5764,-122.289,5700002165,583255.35,70255.35,13.7
300000.0,47.4614,-122.168,2460700260,370177.88,70177.88,23.39
452000.0,47.5191,-121.869,7853321150,285025.13,-166974.87,-36.94
525000.0,47.6501,-122.384,2770601800,315286.42,-209713.58,-39.95
389800.0,47.7681,-122.305,8665200020,379644.13,-10155.87,-2.61
290000.0,47.742,-122.325,2610100020,239133.03,-50866.97,-17.54
635000.0,47.5574,-122.149,7856560480,635432.51,432.51,0.07
609000.0,47.488,-122.225,1823059241,1200179.05,591179.05,97.07
327000.0,47.5209,-122.205,3342102220,349221.7,22221.7,6.8
770000.0,47.639,-122.31,2125049120,781124.98,11124.98,1.44
567500.0,47.4032,-122.023,1560930450,680403.5,112903.5,19.89
570000.0,47.6196,-122.298,9828701871,549679.07,-20320.93,-3.57
673000.0,47.4508,-122.359,6116500075,567722.8,-105277.2,-15.64
419000.0,47.7741,-122.38,2759500105,304068.84,-114931.16,-27.43
700000.0,47.6776,-122.36,2877101100,661440.67,-38559.33,-5.51
499431.0,47.484,-121.771,1442880510,380858.43,-118572.57,-23.74
740000.0,47.6896,-122.362,2919702235,565468.37,-174531.63,-23.59
218500.0,47.2766,-122.146,3668000810,110588.62,-107911.38,-49.39
345000.0,47.5194,-122.375,7452500190,265589.02,-79410.98,-23.02
415000.0,47.508,-122.244,4058801575,820725.53,405725.53,97.77
202000.0,47.5165,-122.372,7454000110,243312.87,41312.87,20.45
261000.0,47.5121,-122.168,7788400180,412502.14,151502.14,58.05
530000.0,47.6225,-122.108,8155500020,571352.83,41352.83,7.8
440000.0,47.7222,-122.108,200800330,495788.7,55788.7,12.68
467100.0,47.6651,-122.151,8562850150,512541.65,45441.65,9.73
692500.0,47.7412,-122.256,3583400130,749282.59,56782.59,8.2
425000.0,47.401,-122.319,2011400791,101736.24,-323263.76,-76.06
645000.0,47.5527,-121.99,3629980920,561329.82,-83670.18,-12.97
515000.0,47.6801,-122.38,7518502490,581079.3,66079.3,12.83
316475.0,47.3686,-122.117,9478550430,236501.77,-79973.23,-25.27
550000.0,47.5866,-122.25,2174503500,547587.24,-2412.76,-0.44
400000.0,47.5422,-122.359,3438502501,562460.07,162460.07,40.62
324950.0,47.3693,-122.286,8946390150,234231.53,-90718.47,-27.92
949000.0,47.6851,-122.209,3885804305,1024199.89,75199.89,7.92
648000.0,47.7383,-122.288,4036400040,788758.45,140758.45,21.72
447000.0,47.7631,-122.149,2896400170,408846.71,-38153.29,-8.54
695000.0,47.6813,-122.346,3362401000,702472.1,7472.1,1.08
950000.0,47.6466,-122.321,1959701695,1010294.9,60294.9,6.35
514000.0,47.6681,-122.143,5202500030,471927.55,-42072.45,-8.19
1050000.0,47.6402,-122.405,1370802455,1159500.12,109500.12,10.43
450000.0,47.5741,-122.133,2201500980,490681.31,40681.31,9.04
425000.0,47.5886,-122.292,6909700205,501800.68,76800.68,18.07
940000.0,47.6337,-122.365,4232902595,762273.46,-177726.54,-18.91
697000.0,47.7632,-122.089,1774230090,801158.25,104158.25,14.94
807100.0,47.565,-122.125,1836980160,742878.19,-64221.81,-7.96
680000.0,47.5677,-122.086,5423040140,615530.24,-64469.76,-9.48
299900.0,47.3747,-122.164,3211580210,456862.04,156962.04,52.34
749950.0,47.6088,-122.311,2255500125,570928.77,-179021.23,-23.87
1290000.0,47.5327,-122.232,4141010050,1049767.41,-240232.59,-18.62
292000.0,47.4022,-122.171,8078570380,386749.09,94749.09,32.45
487000.0,47.6754,-122.375,2767600686,430910.01,-56089.99,-11.52
625000.0,47.6659,-122.144,2935400100,556330.97,-68669.03,-10.99
699800.0,47.717,-122.02,8682300890,539958.94,-159841.06,-22.84
1700000.0,47.5115,-122.246,8073000550,1183079.46,-516920.54,-30.41
275000.0,47.3491,-122.029,7437100770,296191.71,21191.71,7.71
265000.0,47.4042,-122.194,739800070,324196.73,59196.73,22.34
300000.0,47.7296,-122.241,3580900090,440944.1,140944.1,46.98
