price,latitude,longitude,id,price_prediction,price_difference,price_difference_percent
734000.0,47.7221,-122.352,2916200091,552168.57,-181831.43,-24.77
230000.0,47.4977,-122.175,424000145,221853.36,-8146.64,-3.54
570000.0,47.6205,-122.3,9828702335,518901.55,-51098.45,-8.96
343000.0,47.5454,-122.192,3343300644,460743.45,117743.45,34.33
205000.0,47.2623,-122.217,4137010310,296770.29,91770.29,44.77
460000.0,47.587,-122.301,2394600157,553024.05,93024.05,20.22
228900.0,47.4789,-122.335,4337000200,305630.64,76730.64,33.52
589410.0,47.5165,-121.883,7853400220,494474.46,-94935.54,-16.11
659000.0,47.583,-122.17,924059233,671660.57,12660.57,1.92
675000.0,47.5699,-122.164,1524059027,503431.24,-171568.76,-25.42
834950.0,47.6237,-122.023,2862500060,715827.19,-119122.81,-14.27
682000.0,47.7066,-122.08,7273100026,613801.63,-68198.37,-10.0
235000.0,47.5351,-122.279,3904100035,335992.04,100992.04,42.98
1810000.0,47.6534,-122.412,5035300325,870279.47,-939720.53,-51.92
299950.0,47.5311,-122.373,3624039073,263096.57,-36853.43,-12.29
445000.0,47.5082,-122.362,8151600900,479469.03,34469.03,7.75
799950.0,47.7189,-122.225,1926059039,872351.79,72401.79,9.05
630000.0,47.3783,-122.003,2322069168,552790.38,-77209.62,-12.26
255000.0,47.3356,-122.502,5341600030,258858.17,3858.17,1.51
299950.0,47.7746,-122.378,226039186,295691.97,-4258.03,-1.42
315000.0,47.5305,-122.353,2113700360,643238.37,328238.37,104.2
725000.0,47.6816,-122.374,461002150,574853.04,-150146.96,-20.71
520000.0,47.5445,-122.383,5637500180,441293.87,-78706.13,-15.14
1210000.0,47.6889,-122.352,6430500182,830393.92,-379606.08,-31.37
295000.0,47.5677,-122.36,7547300050,301616.0,6616.0,2.24
518000.0,47.6124,-122.314,2254501342,437718.85,-80281.15,-15.5
949950.0,47.5872,-122.055,6790830060,1088658.7,138708.7,14.6
509000.0,47.7086,-122.019,8682282180,401761.34,-107238.66,-21.07
430000.0,47.7233,-122.167,6386200100,445898.39,15898.39,3.7
870000.0,47.6748,-122.049,925069134,605228.53,-264771.47,-30.43
253779.0,47.4459,-122.272,5381600110,295315.84,41536.84,16.37
1070000.0,47.5027,-122.381,6329000070,695532.62,-374467.38,-35.0
457500.0,47.5549,-122.311,7549800168,576283.32,118783.32,25.96
433000.0,47.5728,-122.125,4246000180,453795.01,20795.01,4.8
864000.0,47.6753,-122.278,3179101945,796213.97,-67786.03,-7.85
525000.0,47.4928,-122.142,2316800100,709163.25,184163.25,35.08
469950.0,47.3588,-122.163,5057100080,475474.56,5524.56,1.18
199000.0,47.4994,-122.261,3352401981,406544.5,207544.5,104.29
672500.0,47.6876,-122.384,6021501920,540351.04,-132148.96,-19.65
648000.0,47.5833,-122.028,2553300030,654646.81,6646.81,1.03
610000.0,47.4602,-122.152,8914100170,830185.25,220185.25,36.1
185000.0,47.4883,-122.248,7878400043,283589.19,98589.19,53.29
287000.0,47.4839,-122.302,6082400191,381946.0,94946.0,33.08
600000.0,47.7369,-122.049,1626069069,472271.2,-127728.8,-21.29
500000.0,47.5616,-122.275,5249802460,488930.97,-11069.03,-2.21
650000.0,47.6298,-122.321,6762700376,589982.7,-60017.3,-9.23
221347.0,47.4927,-122.248,7812801785,264446.62,43099.62,19.47
960000.0,47.5328,-122.226,3629200020,919741.73,-40258.27,-4.19
700500.0,47.7354,-122.095,1137300890,739467.25,38967.25,5.56
400000.0,47.7655,-122.244,126049217,399459.31,-540.69,-0.14
354000.0,47.3663,-122.129,4299000030,414321.58,60321.58,17.04
610000.0,47.6536,-122.354,1972200555,531176.06,-78823.94,-12.92
319000.0,47.4516,-122.267,8125200481,404664.79,85664.79,26.85
410000.0,47.5411,-122.392,4315700390,330910.16,-79089.84,-19.29
285000.0,47.2874,-122.283,1687000220,270351.26,-14648.74,-5.14
374500.0,47.7289,-122.203,8143000490,414456.98,39956.98,10.67
325000.0,47.2924,-122.357,1895450230,270774.83,-54225.17,-16.68
799000.0,47.709,-122.118,6891100330,926380.36,127380.36,15.94
800000.0,47.6678,-122.361,475000605,824404.81,24404.81,3.05
385100.0,47.7121,-122.287,3992700265,342768.53,-42331.47,-10.99
740000.0,47.723,-122.158,2621730220,1045007.4,305007.4,41.22
250000.0,47.7182,-121.956,2129700320,331108.72,81108.72,32.44
700000.0,47.3879,-122.002,1465400120,486529.05,-213470.95,-30.5
319000.0,47.3555,-122.149,6648500440,360337.78,41337.78,12.96
665000.0,47.577,-122.055,6705870040,627927.83,-37072.17,-5.57
200000.0,47.5604,-122.275,4154302075,312384.19,112384.19,56.19
1280000.0,47.6845,-122.359,1646502355,849819.11,-430180.89,-33.61
540000.0,47.719,-121.912,2126079014,436028.91,-103971.09,-19.25
199950.0,47.4934,-122.237,7657600195,261231.7,61281.7,30.65
200000.0,47.3425,-122.082,621069113,218353.09,18353.09,9.18
510000.0,47.6939,-122.34,993000046,462287.87,-47712.13,-9.36
414500.0,47.6756,-122.375,2767600688,419753.19,5253.19,1.27
497000.0,47.6765,-122.302,7169200221,528285.11,31285.11,6.29
370000.0,47.543,-122.29,3333002385,710884.73,340884.73,92.13
320000.0,47.4756,-122.157,5127000430,353425.49,33425.49,10.45
1600000.0,47.6349,-122.318,1130000005,1332528.85,-267471.15,-16.72
1420000.0,47.7124,-122.253,4055700378,1374266.22,-45733.78,-3.22
850000.0,47.6378,-122.372,2771601940,724112.26,-125887.74,-14.81
745000.0,47.4816,-121.701,1823099056,635719.11,-109280.89,-14.67
315000.0,47.7652,-122.31,3972900195,333966.12,18966.12,6.02
635000.0,47.5655,-122.27,5249803550,632802.43,-2197.57,-0.35
240000.0,47.5151,-122.366,123039333,327553.92,87553.92,36.48
560000.0,47.6948,-122.322,5102400035,468935.0,-91065.0,-16.26
315000.0,47.5014,-122.226,1180000625,385649.39,70649.39,22.43
820000.0,47.5422,-122.132,2597530650,818459.61,-1540.39,-0.19
537500.0,47.5928,-122.004,6127011000,432573.09,-104926.91,-19.52
183500.0,47.2699,-122.255,8856003525,236994.35,53494.35,29.15
616500.0,47.6886,-122.309,2887700560,599543.54,-16956.46,-2.75
425000.0,47.2069,-122.024,2220069003,537457.81,112457.81,26.46
180000.0,47.3822,-122.316,2560801222,238820.89,58820.89,32.68
477000.0,47.6667,-122.361,475000750,514293.5,37293.5,7.82
290000.0,47.7583,-122.302,4024101670,327870.81,37870.81,13.06
419900.0,47.3455,-122.023,7570050070,400619.27,-19280.73,-4.59
288000.0,47.4448,-121.77,9407000840,241640.76,-46359.24,-16.1
369500.0,47.7362,-122.319,6703100070,376892.16,7392.16,2.0
1300000.0,47.6587,-122.022,1525069134,1123743.75,-176256.25,-13.56
160000.0,47.5248,-122.265,3336001316,276124.69,116124.69,72.58
475000.0,47.7202,-122.22,2296700050,615966.21,140966.21,29.68
1400000.0,47.5417,-122.111,3303850290,1432468.52,32468.52,2.32
490000.0,47.6762,-122.36,2877100985,510453.19,20453.19,4.17
544300.0,47.6707,-122.149,9512501370,524227.17,-20072.83,-3.69
460000.0,47.6871,-122.373,7589700106,579900.84,119900.84,26.07
590000.0,47.7635,-122.044,293800120,778011.99,188011.99,31.87
850000.0,47.6572,-122.346,1931300665,750495.29,-99504.71,-11.71
852000.0,47.6288,-122.321,6762700340,749736.46,-102263.54,-12.0
1870000.0,47.6626,-122.269,4218400100,1697752.1,-172247.9,-9.21
350000.0,47.5107,-122.172,428100580,442763.59,92763.59,26.5
360000.0,47.6771,-122.172,1233100601,393017.95,33017.95,9.17
797000.0,47.6375,-122.354,809002705,590624.23,-206375.77,-25.89
200000.0,47.735,-122.309,3670500605,329450.74,129450.74,64.73
325000.0,47.3738,-122.226,1615900020,316400.39,-8599.61,-2.65
314500.0,47.3358,-122.32,5151600285,294300.91,-20199.09,-6.42
234900.0,47.5065,-122.337,3163600130,308958.39,74058.39,31.53
450000.0,47.6985,-122.348,263000280,382550.9,-67449.1,-14.99
949950.0,47.5193,-122.257,7129303045,1293627.19,343677.19,36.18
285000.0,47.7651,-122.291,326049111,335364.95,50364.95,17.67
1020000.0,47.6113,-122.058,8562900240,627513.29,-392486.71,-38.48
1070000.0,47.6389,-122.349,809003085,853462.77,-216537.23,-20.24
255000.0,47.5116,-122.191,3343901961,362682.18,107682.18,42.23
349950.0,47.432,-122.189,1565950260,390628.25,40678.25,11.62
810000.0,47.5453,-121.995,3629920830,630732.08,-179267.92,-22.13
530000.0,47.6515,-122.375,2770603523,494995.33,-35004.67,-6.6
275000.0,47.5299,-122.288,7243500015,358473.29,83473.29,30.35
455000.0,47.6803,-122.291,7170200110,409826.81,-45173.19,-9.93
482000.0,47.7336,-122.183,3288301050,709978.07,227978.07,47.3
1430000.0,47.6203,-122.21,8964800225,892754.53,-537245.47,-37.57
200000.0,47.3639,-122.109,1274500300,232637.44,32637.44,16.32
303500.0,47.7313,-122.229,2121000250,382556.68,79056.68,26.05
528000.0,47.6805,-122.384,7518505910,418713.17,-109286.83,-20.7
230000.0,47.2964,-122.376,8581200030,241271.51,11271.51,4.9
1250000.0,47.5075,-122.389,9322800230,1054228.25,-195771.75,-15.66
349950.0,47.3427,-122.278,3682000060,321438.95,-28511.05,-8.15
287000.0,47.4095,-122.296,5018200110,362402.05,75402.05,26.27
520000.0,47.6029,-122.302,7600057,583243.99,63243.99,12.16
380500.0,47.7303,-122.192,9477201060,414325.57,33825.57,8.89
353000.0,47.3516,-122.0,5104530770,337401.05,-15598.95,-4.42
280000.0,47.3659,-122.17,8016200530,327068.43,47068.43,16.81
529500.0,47.6575,-122.4,6821100125,313242.75,-216257.25,-40.84
635000.0,47.7229,-122.359,9157600060,543293.39,-91706.61,-14.44
650000.0,47.591,-122.017,4221270350,488847.67,-161152.33,-24.79
309000.0,47.4485,-122.175,1432701230,232731.69,-76268.31,-24.68
560000.0,47.6283,-122.095,8563040160,614257.32,54257.32,9.69
353000.0,47.5003,-122.23,1180500100,418405.39,65405.39,18.53
542500.0,47.5916,-122.148,8838900167,744313.89,201813.89,37.2
325000.0,47.7367,-121.969,1518000290,331911.52,6911.52,2.13
293000.0,47.3691,-122.031,3793501390,293969.76,969.76,0.33
940000.0,47.6332,-122.362,4232903295,626582.04,-313417.96,-33.34
212500.0,47.2816,-122.269,3751603173,252694.82,40194.82,18.92
543000.0,47.7168,-122.333,3034200370,584274.93,41274.93,7.6
713900.0,47.4379,-122.022,9206700190,786505.89,72605.89,10.17
198500.0,47.4924,-122.311,985000900,267063.36,68563.36,34.54
467000.0,47.4802,-122.188,3955900830,580196.74,113196.74,24.24
344950.0,47.7322,-122.236,5647000060,390646.09,45696.09,13.25
319900.0,47.4755,-121.758,192450200,239164.4,-80735.6,-25.24
847093.0,47.5819,-122.047,2428100100,729273.95,-117819.05,-13.91
550000.0,47.68,-122.284,430000175,505828.49,-44171.51,-8.03
565000.0,47.6286,-122.053,7504001340,574254.3,9254.3,1.64
800000.0,47.6255,-122.209,862000020,580914.31,-219085.69,-27.39
555000.0,47.4725,-122.136,7302900090,721715.22,166715.22,30.04
320000.0,47.5704,-122.141,2203500140,380236.11,60236.11,18.82
530000.0,47.6403,-122.372,2771601730,536169.44,6169.44,1.16
695000.0,47.7389,-122.221,3578700017,740127.66,45127.66,6.49
930000.0,47.7078,-122.019,8682281960,647532.06,-282467.94,-30.37
550000.0,47.6699,-122.317,3589500260,660587.89,110587.89,20.11
350000.0,47.5633,-122.289,1604600660,419158.63,69158.63,19.76
260000.0,47.552,-122.31,7549801140,296570.39,36570.39,14.07
380000.0,47.4334,-122.161,1442860160,486233.09,106233.09,27.96
886000.0,47.6398,-122.306,6788201781,797730.39,-88269.61,-9.96
664000.0,47.6027,-122.024,8635750330,587149.5,-76850.5,-11.57
652100.0,47.6297,-122.021,1703050520,598317.74,-53782.26,-8.25
863000.0,47.6239,-122.023,2725069050,979426.9,116426.9,13.49
430000.0,47.6867,-122.345,3797000035,429609.12,-390.88,-0.09
567500.0,47.6511,-122.405,871000515,418760.02,-148739.98,-26.21
454900.0,47.5326,-122.049,5710610520,462057.11,7157.11,1.57
539000.0,47.6457,-122.058,8651520420,533914.37,-5085.63,-0.94
692000.0,47.365,-122.456,2051200436,377774.98,-314225.02,-45.41
1700000.0,47.6361,-122.093,1925069066,1937365.98,237365.98,13.96
1160000.0,47.5517,-122.147,2597450250,1372629.6,212629.6,18.33
610000.0,47.685,-122.363,7519000580,447766.06,-162233.94,-26.6
570000.0,47.5902,-122.018,4221250320,466607.34,-103392.66,-18.14
273000.0,47.7525,-122.244,9406500480,357565.54,84565.54,30.98
540000.0,47.5903,-122.386,9272201318,549704.95,9704.95,1.8
350000.0,47.5677,-122.285,7950300775,336914.94,-13085.06,-3.74
585000.0,47.734,-122.182,3288301010,646599.28,61599.28,10.53
551000.0,47.6904,-122.176,6639900176,636391.38,85391.38,15.5
235000.0,47.5245,-121.822,7849200635,247899.42,12899.42,5.49
1010000.0,47.6857,-122.208,3885804225,720503.77,-289496.23,-28.66
370000.0,47.5618,-122.384,952006857,301820.61,-68179.39,-18.43
315000.0,47.5555,-122.363,1773100922,452425.77,137425.77,43.63
410000.0,47.7573,-122.278,4019301205,550251.76,140251.76,34.21
280000.0,47.4431,-122.19,6402710070,315323.93,35323.93,12.62
193000.0,47.2819,-122.224,7877400245,231995.15,38995.15,20.2
400000.0,47.593,-122.295,567000408,539296.95,139296.95,34.82
445000.0,47.567,-122.318,5679501310,608793.42,163793.42,36.81
503045.0,47.6929,-122.333,8021700495,607252.83,104207.83,20.72
493500.0,47.5815,-122.121,3211800140,540143.11,46643.11,9.45
767450.0,47.6981,-122.376,9144100007,645508.41,-121941.59,-15.89
685000.0,47.6807,-122.318,9138100350,929889.73,244889.73,35.75
347000.0,47.4802,-122.179,4307350200,362208.93,15208.93,4.38
396000.0,47.7403,-122.256,8718500075,432128.76,36128.76,9.12
439000.0,47.7416,-121.91,1626079154,476589.05,37589.05,8.56
478000.0,47.4734,-121.999,2294900010,400152.2,-77847.8,-16.29
290000.0,47.4585,-122.205,8898700440,314560.62,24560.62,8.47
1080000.0,47.6628,-122.143,8123450450,1174078.9,94078.9,8.71
397500.0,47.4381,-122.188,3223059015,371374.9,-26125.1,-6.57
360000.0,47.7268,-122.311,4427100095,430730.65,70730.65,19.65
410000.0,47.5314,-121.854,7852180260,308408.19,-101591.81,-24.78
910000.0,47.6265,-122.296,5332200530,853589.25,-56410.75,-6.2
356500.0,47.2809,-122.296,1822500160,273559.1,-82940.9,-23.27
524000.0,47.6515,-122.399,6821101870,370608.77,-153391.23,-29.27
763000.0,47.6879,-122.208,3885803895,621066.89,-141933.11,-18.6
405000.0,47.7358,-122.175,3876312290,423186.35,18186.35,4.49
155000.0,47.5266,-122.316,7883607645,269206.15,114206.15,73.68
385000.0,47.6032,-122.125,4036801245,415236.23,30236.23,7.85
770000.0,47.3574,-122.318,5428000070,612385.86,-157614.14,-20.47
785000.0,47.6318,-122.01,3216000090,729215.1,-55784.9,-7.11
400000.0,47.679,-122.386,7518507685,418628.87,18628.87,4.66
899950.0,47.7074,-122.219,3754500010,950487.63,50537.63,5.62
480000.0,47.7076,-122.337,4358700135,623814.69,143814.69,29.96
604000.0,47.5872,-122.241,5315100394,616059.61,12059.61,2.0
315000.0,47.4362,-122.165,2591800530,383757.73,68757.73,21.83
299000.0,47.3631,-122.276,1310980110,325804.89,26804.89,8.96
347000.0,47.4463,-122.127,2473460650,344730.29,-2269.71,-0.65
787500.0,47.6353,-122.232,5425700150,621392.18,-166107.82,-21.09
635000.0,47.6228,-122.319,6852700520,561976.61,-73023.39,-11.5
455000.0,47.5243,-122.042,5706200020,316459.0,-138541.0,-30.45
215000.0,47.5339,-122.356,7831800110,378812.57,163812.57,76.19
428000.0,47.5423,-122.189,6705120280,461619.64,33619.64,7.86
559000.0,47.7094,-122.031,8682230950,415728.11,-143271.89,-25.63
261000.0,47.4557,-122.269,6818400110,339903.38,78903.38,30.23
415885.0,47.5301,-122.381,9842300036,327126.26,-88758.74,-21.34
495000.0,47.4536,-122.274,5379803372,577659.77,82659.77,16.7
284000.0,47.4184,-122.18,2508800220,366120.35,82120.35,28.92
245000.0,47.3319,-122.267,3329520410,203554.08,-41445.92,-16.92
348580.0,47.7317,-122.201,3764800540,367956.52,19376.52,5.56
370000.0,47.3705,-122.131,5641300220,456163.41,86163.41,23.29
345000.0,47.3281,-122.164,3814900950,346956.06,1956.06,0.57
525000.0,47.4347,-121.417,192300020,455930.41,-69069.59,-13.16
1200000.0,47.684,-122.205,1245002952,992993.31,-207006.69,-17.25
184000.0,47.3251,-122.268,302000065,245754.47,61754.47,33.56
1180000.0,47.6416,-122.355,2721600125,942409.39,-237590.61,-20.13
568000.0,47.657,-122.026,1525069058,623445.61,55445.61,9.76
650000.0,47.6737,-122.284,7974700112,773455.79,123455.79,18.99
654000.0,47.6179,-122.312,8080400136,600817.29,-53182.71,-8.13
321000.0,47.7306,-122.291,7663700973,358330.83,37330.83,11.63
350000.0,47.4459,-122.124,2473480560,466783.84,116783.84,33.37
730000.0,47.7142,-122.286,8820903380,521827.0,-208173.0,-28.52
272167.0,47.5321,-122.034,5528600005,312297.13,40130.13,14.74
527000.0,47.7226,-122.299,3834500195,584344.07,57344.07,10.88
210000.0,47.3746,-122.183,3830210220,196239.63,-13760.37,-6.55
210000.0,47.3378,-122.263,304100070,219536.25,9536.25,4.54
299000.0,47.4661,-122.145,6806100420,363288.94,64288.94,21.5
800000.0,47.6294,-122.215,3025059136,688782.49,-111217.51,-13.9
445000.0,47.5834,-122.307,5393601050,539975.53,94975.53,21.34
310000.0,47.762,-122.355,6713700205,353833.75,43833.75,14.14
679000.0,47.6809,-122.293,5499700045,651904.68,-27095.32,-3.99
290000.0,47.3631,-122.277,1310980070,307595.29,17595.29,6.07
259000.0,47.4713,-122.344,1665400025,310696.61,51696.61,19.96
770000.0,47.5558,-122.001,3630120970,688356.11,-81643.89,-10.6
550000.0,47.7662,-122.114,126059242,535584.15,-14415.85,-2.62
325000.0,47.4854,-122.343,3256400060,364740.95,39740.95,12.23
380000.0,47.6007,-122.305,3319500317,444250.55,64250.55,16.91
416100.0,47.5091,-122.241,4058800500,626891.68,210791.68,50.66
259950.0,47.5213,-122.357,7899800864,396713.75,136763.75,52.61
550000.0,47.5711,-122.391,7905200365,414778.5,-135221.5,-24.59
713414.0,47.5751,-122.378,2824600180,938387.62,224973.62,31.53
375000.0,47.4401,-122.126,9378700200,441936.99,66936.99,17.85
310000.0,47.3074,-122.341,9264911150,263909.64,-46090.36,-14.87
551500.0,47.489,-122.14,1123059125,680161.13,128661.13,23.33
380000.0,47.3785,-122.023,662440020,422204.13,42204.13,11.11
295000.0,47.4205,-122.215,9378500050,370319.55,75319.55,25.53
650000.0,47.5921,-122.155,7811100230,791257.1,141257.1,21.73
855169.0,47.7043,-122.122,1152200030,753875.56,-101293.44,-11.84
581000.0,47.6715,-122.155,8562500690,596427.74,15427.74,2.66
464000.0,47.3826,-122.146,4397000100,538932.91,74932.91,16.15
623000.0,47.6218,-122.032,1592000250,585109.16,-37890.84,-6.08
1550000.0,47.6598,-122.273,6613000375,1283587.27,-266412.73,-17.19
380000.0,47.7407,-122.3,3995700220,392710.55,12710.55,3.34
240000.0,47.3119,-122.015,1421069117,216189.23,-23810.77,-9.92
510000.0,47.5282,-122.391,9169600110,442785.59,-67214.41,-13.18
500000.0,47.4497,-122.147,2473002080,672105.92,172105.92,34.42
254500.0,47.258,-122.208,4136880140,282846.33,28346.33,11.14
720000.0,47.5561,-122.154,9323610180,679972.71,-40027.29,-5.56
334000.0,47.3321,-122.172,7300400170,319772.28,-14227.72,-4.26
299995.0,47.7463,-122.315,3432500486,344783.03,44788.03,14.93
900000.0,47.6732,-122.363,2769600590,746306.47,-153693.53,-17.08
399950.0,47.5532,-122.365,1773101340,379669.08,-20280.92,-5.07
619500.0,47.5458,-121.996,3629920600,483802.64,-135697.36,-21.9
610000.0,47.53100000000001,-121.86,7853220120,476326.27,-133673.73,-21.91
1380000.0,47.6133,-122.287,7153200160,1236620.95,-143379.05,-10.39
520000.0,47.5941,-122.144,7923600330,502100.72,-17899.28,-3.44
1880000.0,47.6259,-122.194,3391500050,1378779.67,-501220.33,-26.66
741500.0,47.7094,-122.018,8682320350,476350.07,-265149.93,-35.76
660000.0,47.5956,-122.174,9541600015,729807.98,69807.98,10.58
215000.0,47.1946,-122.003,5437820080,319940.82,104940.82,48.81
650000.0,47.6612,-122.137,9265200060,988865.91,338865.91,52.13
326000.0,47.7453,-121.985,255550100,360135.76,34135.76,10.47
286285.0,47.3207,-122.209,7349400420,226372.92,-59912.08,-20.93
390000.0,47.654,-122.127,1425059174,457827.33,67827.33,17.39
495000.0,47.4871,-122.219,3185600055,664339.39,169339.39,34.21
825000.0,47.6395,-122.05,6817850040,1223749.92,398749.92,48.33
380000.0,47.563,-122.297,6056100383,539216.3,159216.3,41.9
530000.0,47.3843,-122.006,2322069116,411767.04,-118232.96,-22.31
235000.0,47.2858,-122.212,3021059175,241545.17,6545.17,2.79
325000.0,47.5128,-122.388,254000175,294855.32,-30144.68,-9.28
218000.0,47.3103,-122.366,6386600130,237188.0,19188.0,8.8
560000.0,47.5344,-122.345,3298720030,539483.96,-20516.04,-3.66
817250.0,47.6769,-122.177,1233100321,857877.49,40627.49,4.97
780000.0,47.675,-122.289,8815400670,790176.22,10176.22,1.3
250000.0,47.3009,-122.125,3410600015,250385.54,385.54,0.15
850000.0,47.5845,-122.115,3999300290,1112550.2,262550.2,30.89
684000.0,47.5222,-122.157,1115300070,838869.28,154869.28,22.64
255000.0,47.5732,-122.372,7987400316,318852.81,63852.81,25.04
409950.0,47.2972,-122.348,9578500510,261053.94,-148896.06,-36.32
1720000.0,47.6325,-122.29,1118001835,1335399.22,-384600.78,-22.36
322500.0,47.4276,-122.157,7955080270,329523.7,7023.7,2.18
343000.0,47.7114,-122.356,8910500238,461056.48,118056.48,34.42
600000.0,47.6722,-122.379,2767603535,452079.31,-147920.69,-24.65
181000.0,47.5218,-122.357,7899800890,253714.38,72714.38,40.17
299980.0,47.5002,-122.246,4060000020,214478.9,-85501.1,-28.5
531000.0,47.6634,-122.34,6865200444,516632.79,-14367.21,-2.71
670000.0,47.646,-122.362,976000790,526065.02,-143934.98,-21.48
729000.0,47.3979,-122.416,1522039105,682006.83,-46993.17,-6.45
780000.0,47.6348,-122.064,8651611230,933760.2,153760.2,19.71
275000.0,47.7635,-122.35,7283900012,383145.44,108145.44,39.33
335000.0,47.4752,-121.757,192450180,237593.43,-97406.57,-29.08
626100.0,47.5719,-122.021,8078350100,498370.24,-127729.76,-20.4
253000.0,47.3542,-122.181,3830620300,230233.07,-22766.93,-9.0
195000.0,47.2933,-122.372,7972000010,262189.4,67189.4,34.46
865000.0,47.6002,-121.98,8691360380,831243.3,-33756.7,-3.9
478000.0,47.51,-122.185,259500270,752194.03,274194.03,57.36
355000.0,47.3658,-122.019,9542830050,286213.78,-68786.22,-19.38
329900.0,47.3503,-122.039,2310110230,350459.08,20559.08,6.23
393000.0,47.5547,-122.299,4174600391,431133.4,38133.4,9.7
369500.0,47.7303,-122.298,7663700783,446751.17,77251.17,20.91
395000.0,47.6824,-122.38,7518502960,350936.07,-44063.93,-11.16
937750.0,47.6753,-122.304,8824900020,803875.01,-133874.99,-14.28
410000.0,47.6904,-122.342,5676000008,431791.39,21791.39,5.31
699000.0,47.6416,-122.397,8127700445,450433.22,-248566.78,-35.56
279000.0,47.4045,-122.174,8078550610,319700.0,40700.0,14.59
190000.0,47.4903,-122.191,9476200035,234028.51,44028.51,23.17
730000.0,47.6684,-122.175,6400700264,725897.32,-4102.68,-0.56
920000.0,47.5604,-122.133,3224510290,1049963.68,129963.68,14.13
264500.0,47.2932,-122.267,3751600635,240440.74,-24059.26,-9.1
635000.0,47.6004,-122.195,3210600010,693778.92,58778.92,9.26
180250.0,47.4604,-122.339,1222000055,228993.82,48743.82,27.04
215000.0,47.3634,-122.027,2525300200,183891.62,-31108.38,-14.47
253000.0,47.3493,-122.306,4222310290,195291.91,-57708.09,-22.81
900000.0,47.7602,-122.278,4019300195,814266.83,-85733.17,-9.53
575000.0,47.6729,-122.38,2767603160,439524.56,-135475.44,-23.56
294000.0,47.4707,-122.26,8687800150,385316.39,91316.39,31.06
465000.0,47.6945,-122.33,3226049530,494432.69,29432.69,6.33
811000.0,47.6832,-122.164,325059086,838155.69,27155.69,3.35
513000.0,47.5764,-121.996,8944360080,392185.85,-120814.15,-23.55
825050.0,47.6752,-122.3,3423600025,917929.82,92879.82,11.26
270000.0,47.3498,-122.058,2215900180,279292.35,9292.35,3.44
350000.0,47.3381,-122.332,5437200080,379066.81,29066.81,8.3
410500.0,47.727,-122.339,6150200005,358138.59,-52361.41,-12.76
340000.0,47.3823,-122.3,3601200465,318007.34,-21992.66,-6.47
360000.0,47.4719,-122.074,5095400630,305123.69,-54876.31,-15.24
267500.0,47.3282,-122.285,4013800131,202422.42,-65077.58,-24.33
536000.0,47.5941,-122.004,6127010320,369973.55,-166026.45,-30.98
160000.0,47.5414,-122.281,3812400657,312136.14,152136.14,95.09
440000.0,47.7685,-122.162,622100092,447492.55,7492.55,1.7
605000.0,47.7276,-122.103,1795920350,553141.79,-51858.21,-8.57
245000.0,47.3661,-122.173,8016250080,275297.71,30297.71,12.37
550000.0,47.62,-122.043,1954440050,469949.13,-80050.87,-14.55
390000.0,47.5477,-122.395,9417400110,317837.25,-72162.75,-18.5
381000.0,47.6379,-121.966,204000175,235508.3,-145491.7,-38.19
183000.0,47.3702,-122.078,8651430220,151929.32,-31070.68,-16.98
376000.0,47.5215,-122.202,3342102385,662561.85,286561.85,76.21
178000.0,47.3704,-122.08,8651430780,151441.84,-26558.16,-14.92
310000.0,47.7598,-122.316,6163900411,302275.45,-7724.55,-2.49
313500.0,47.4503,-122.131,2473371570,376332.47,62832.47,20.04
248000.0,47.4233,-122.177,8960200630,273821.0,25821.0,10.41
780000.0,47.7717,-122.277,4027700666,830127.81,50127.81,6.43
400000.0,47.7635,-122.263,3818700185,474346.11,74346.11,18.59
465000.0,47.7266,-122.175,927200380,479654.36,14654.36,3.15
425000.0,47.6852,-122.312,2887701970,448486.84,23486.84,5.53
415000.0,47.7379,-122.224,7503000020,466137.78,51137.78,12.32
288000.0,47.4568,-122.21,8899000310,319087.09,31087.09,10.79
385000.0,47.7337,-122.309,6632300207,446549.22,61549.22,15.99
300000.0,47.5418,-122.295,3395040920,448867.62,148867.62,49.62
795000.0,47.5567,-122.124,4139700260,867165.0,72165.0,9.08
440000.0,47.63399999999999,-122.033,6817801040,287045.15,-152954.85,-34.76
283000.0,47.2103,-121.999,2320069083,355778.65,72778.65,25.72
345000.0,47.5407,-122.177,3205000310,406611.77,61611.77,17.86
411753.0,47.6968,-122.024,7203101260,354642.28,-57110.72,-13.87
415000.0,47.6783,-122.383,7518505040,297210.33,-117789.67,-28.38
2300000.0,47.6349,-122.29,1118001201,1437054.37,-862945.63,-37.52
330000.0,47.2477,-121.937,1443300140,376785.55,46785.55,14.18
1480000.0,47.659,-122.174,3892500070,1590243.43,110243.43,7.45
535000.0,47.6873,-122.314,6884800262,639477.27,104477.27,19.53
365000.0,47.7294,-122.329,8632100010,425462.7,60462.7,16.57
1400000.0,47.5806,-122.244,9359100750,1112985.52,-287014.48,-20.5
240000.0,47.5396,-122.274,1105000787,397536.16,157536.16,65.64
320000.0,47.354,-122.047,2310030510,293218.07,-26781.93,-8.37
1040000.0,47.6979,-122.205,3758900259,1294805.94,254805.94,24.5
500000.0,47.5807,-122.397,7616200050,430002.76,-69997.24,-14.0
367899.0,47.371,-122.018,255450020,370490.36,2591.36,0.7
386000.0,47.3978,-122.313,1622049182,382161.64,-3838.36,-0.99
791500.0,47.5862,-122.037,8653900070,824894.33,33394.33,4.22
510000.0,47.6795,-122.104,125059138,827777.38,317777.38,62.31
230000.0,47.3352,-122.344,2337000150,272258.88,42258.88,18.37
253750.0,47.3846,-122.226,1612500170,212501.43,-41248.57,-16.26
555000.0,47.5523,-122.162,2600100180,660637.18,105637.18,19.03
430000.0,47.7372,-122.307,3739500096,388275.19,-41724.81,-9.7
180000.0,47.3732,-122.295,1951100100,226773.64,46773.64,25.99
1180000.0,47.5495,-122.398,7936500172,1164633.95,-15366.05,-1.3
525000.0,47.6275,-122.321,2663000050,537629.82,12629.82,2.41
258000.0,47.3924,-122.308,2013300050,199936.71,-58063.29,-22.51
358000.0,47.4639,-122.17,8645540290,358719.5,719.5,0.2
515000.0,47.6176,-122.045,1954400060,436644.86,-78355.14,-15.21
430000.0,47.5653,-122.37,9358002305,350640.17,-79359.83,-18.46
430000.0,47.5253,-121.93,6893300110,348874.91,-81125.09,-18.87
285000.0,47.7775,-122.337,507100005,369892.5,84892.5,29.79
1000000.0,47.6501,-122.37,7015200136,690789.03,-309210.97,-30.92
269950.0,47.3663,-122.088,1796360340,318065.71,48115.71,17.82
250000.0,47.3742,-122.18,5412300130,255630.69,5630.69,2.25
192950.0,47.3155,-122.182,4239400740,193583.99,633.99,0.33
473000.0,47.7078,-122.234,3762900010,600276.13,127276.13,26.91
305000.0,47.43,-122.188,6817750340,368023.4,63023.4,20.66
1200000.0,47.6461,-122.389,269000085,1176187.79,-23812.21,-1.98
450000.0,47.68,-122.348,3362401761,421198.32,-28801.68,-6.4
710000.0,47.6855,-122.321,2464400280,900854.94,190854.94,26.88
374900.0,47.3641,-122.278,1310980580,267783.15,-107116.85,-28.57
385000.0,47.6506,-122.383,2771102144,465577.62,80577.62,20.93
360000.0,47.5013,-122.147,3449000200,395468.83,35468.83,9.85
770000.0,47.6317,-122.205,685000160,810892.61,40892.61,5.31
559000.0,47.6896,-122.374,7589200153,520091.14,-38908.86,-6.96
205000.0,47.4479,-122.213,5070000100,362185.34,157185.34,76.68
460000.0,47.6977,-122.126,7199340560,472957.28,12957.28,2.82
362000.0,47.43899999999999,-122.135,1402630190,456934.81,94934.81,26.23
535000.0,47.6822,-122.399,8082400100,441379.86,-93620.14,-17.5
452000.0,47.5092,-122.195,3343903240,424605.72,-27394.28,-6.06
260000.0,47.3452,-122.215,301400850,237795.49,-22204.51,-8.54
338000.0,47.4888,-122.182,3291800710,391829.49,53829.49,15.93
445000.0,47.7072,-122.164,8126300360,561959.37,116959.37,26.28
255500.0,47.3358,-122.051,3832050130,275912.55,20412.55,7.99
240000.0,47.4864,-122.348,1823049046,372844.44,132844.44,55.35
772650.0,47.5894,-122.172,6206100130,728238.12,-44411.88,-5.75
665000.0,47.5806,-122.379,9345400350,767197.68,102197.68,15.37
183000.0,47.4685,-122.282,1422700040,310440.73,127440.73,69.64
575000.0,47.6843,-122.341,5511600315,472409.34,-102590.66,-17.84
539950.0,47.5545,-122.003,3630120380,438996.98,-100953.02,-18.7
360000.0,47.5071,-122.16,2787700210,396702.97,36702.97,10.2
355500.0,47.3446,-122.041,6699930440,377527.01,22027.01,6.2
475000.0,47.57,-122.285,8121101380,465405.54,-9594.46,-2.02
289950.0,47.3196,-122.272,8001600130,297213.38,7263.38,2.51
279000.0,47.3655,-122.019,9542830600,260762.05,-18237.95,-6.54
429950.0,47.7453,-122.351,3299200075,484037.79,54087.79,12.58
570000.0,47.6809,-122.113,7200001259,611865.68,41865.68,7.34
526000.0,47.4338,-122.146,3423059140,514239.92,-11760.08,-2.24
560000.0,47.7635,-122.274,4022906430,498928.22,-61071.78,-10.91
465000.0,47.5997,-122.016,7215721350,390470.56,-74529.44,-16.03
142500.0,47.3109,-122.225,1735800050,243495.32,100995.32,70.87
575000.0,47.6805,-122.364,6728700075,420222.26,-154777.74,-26.92
250000.0,47.6155,-122.306,7228501903,378000.48,128000.48,51.2
262000.0,47.4857,-122.2,1352300120,225818.73,-36181.27,-13.81
234000.0,47.4206,-122.324,2946001675,173246.43,-60753.57,-25.96
400000.0,47.5647,-121.903,2549000020,370154.32,-29845.68,-7.46
482000.0,47.6727,-122.375,2767704682,449165.38,-32834.62,-6.81
465425.0,47.775,-122.139,9238500480,538965.47,73540.47,15.8
435000.0,47.347,-122.087,9485950040,497869.09,62869.09,14.45
392800.0,47.6955,-122.175,6743700015,417346.35,24546.35,6.25
450000.0,47.602,-122.306,9826701201,556124.75,106124.75,23.58
265000.0,47.6916,-122.362,945000410,285085.3,20085.3,7.58
317000.0,47.7054,-122.346,2291400350,395072.43,78072.43,24.63
330000.0,47.3743,-122.285,6669020500,299071.82,-30928.18,-9.37
358000.0,47.7298,-122.231,1761600150,404105.95,46105.95,12.88
635250.0,47.5904,-122.194,6664000130,855416.81,220166.81,34.66
396000.0,47.7289,-122.338,6150700264,402362.22,6362.22,1.61
565000.0,47.5704,-122.376,9285800590,494464.2,-70535.8,-12.48
467000.0,47.6736,-122.375,2767704345,442739.96,-24260.04,-5.19
446000.0,47.4013,-122.319,6052400175,306306.53,-139693.47,-31.32
295000.0,47.3588,-122.044,7697000020,271228.16,-23771.84,-8.06
269950.0,47.3168,-122.264,9262800057,241307.99,-28642.01,-10.61
327000.0,47.5455,-122.375,3277800823,420422.63,93422.63,28.57
305000.0,47.3586,-122.036,5422950080,300330.75,-4669.25,-1.53
464500.0,47.5531,-122.177,6071300030,418054.69,-46445.31,-10.0
1820000.0,47.7283,-122.046,4054530260,2008110.93,188110.93,10.34
298700.0,47.3088,-122.341,9264910920,276839.27,-21860.73,-7.32
875000.0,47.6685,-122.335,9136100056,704934.38,-170065.62,-19.44
465000.0,47.6567,-122.327,4206901505,469169.84,4169.84,0.9
959000.0,47.5791,-122.23,1224049095,1266432.2,307432.2,32.06
375000.0,47.5346,-122.344,3298720010,379059.17,4059.17,1.08
565000.0,47.5295,-122.179,2078500210,645833.34,80833.34,14.31
905000.0,47.6397,-122.395,8127700720,841216.57,-63783.43,-7.05
779000.0,47.6935,-122.28,5071401000,883097.6,104097.6,13.36
632000.0,47.4658,-122.007,5561301150,533561.39,-98438.61,-15.58
494815.0,47.5445,-122.013,8138870470,375937.68,-118877.32,-24.02
468000.0,47.6807,-122.031,7202350010,346372.67,-121627.33,-25.99
375000.0,47.5638,-122.388,7904700032,380873.29,5873.29,1.57
650000.0,47.5872,-122.196,644000102,561334.73,-88665.27,-13.64
216500.0,47.4459,-122.278,5379806155,237031.62,20531.62,9.48
505000.0,47.4959,-122.15,1023059465,591601.67,86601.67,17.15
454200.0,47.4977,-122.163,3449900090,570804.15,116604.15,25.67
560000.0,47.338,-122.333,5437200050,376118.97,-183881.03,-32.84
448500.0,47.5457,-122.383,826000480,416836.07,-31663.93,-7.06
800000.0,47.612,-122.292,9839300875,698400.08,-101599.92,-12.7
554000.0,47.573,-122.383,2313900560,525573.83,-28426.17,-5.13
306000.0,47.3347,-122.17,2111010340,280073.37,-25926.63,-8.47
549900.0,47.4734,-122.193,3260570290,882229.51,332329.51,60.43
575000.0,47.7699,-122.085,7214720510,663677.56,88677.56,15.42
364950.0,47.4309,-122.191,1565950030,391644.43,26694.43,7.31
635000.0,47.3417,-122.182,9358400150,751095.71,116095.71,18.28
437000.0,47.6796,-122.115,1494300040,533358.06,96358.06,22.05
1080000.0,47.5745,-122.18,2911700010,854292.73,-225707.27,-20.9
500000.0,47.719,-122.173,3374300030,431339.56,-68660.44,-13.73
580000.0,47.6555,-122.042,7511200190,617367.59,37367.59,6.44
678000.0,47.6289,-122.042,3066410810,675759.63,-2240.37,-0.33
345000.0,47.7119,-122.233,3840700593,444480.36,99480.36,28.83
995000.0,47.7764,-122.385,7154200070,841074.67,-153925.33,-15.47
477000.0,47.5772,-121.998,8944360290,384099.05,-92900.95,-19.48
1040000.0,47.4556,-122.372,7631800025,865929.14,-174070.86,-16.74
205000.0,47.3315,-122.263,3329530200,240603.4,35603.4,17.37
305000.0,47.4558,-122.171,1423910670,307339.37,2339.37,0.77
549900.0,47.2925,-122.107,2421059017,538435.4,-11464.6,-2.08
677000.0,47.6561,-122.341,4452300130,599981.97,-77018.03,-11.38
175000.0,47.5388,-122.275,2724049185,333449.48,158449.48,90.54
280000.0,47.4807,-121.775,1151100010,197107.36,-82892.64,-29.6
925000.0,47.6784,-122.277,8927600100,813543.64,-111456.36,-12.05
475000.0,47.6736,-122.176,925059107,577859.04,102859.04,21.65
212000.0,47.2587,-122.253,9265410010,270988.39,58988.39,27.82
470000.0,47.698,-121.92,4046710050,369218.85,-100781.15,-21.44
240000.0,47.445,-122.276,3423049165,288030.79,48030.79,20.01
535000.0,47.5317,-122.387,3013300017,360398.99,-174601.01,-32.64
834538.0,47.5821,-122.047,2428100130,735284.68,-99253.32,-11.89
740000.0,47.6756,-122.308,8825900095,657854.72,-82145.28,-11.1
265000.0,47.4829,-122.124,1457500026,266346.96,1346.96,0.51
795000.0,47.7439,-122.041,7574910220,916619.86,121619.86,15.3
385000.0,47.7377,-122.197,1387300760,453161.32,68161.32,17.7
475999.0,47.6646,-122.364,1982201465,494520.16,18521.16,3.89
450000.0,47.5339,-122.174,2064800830,529061.6,79061.6,17.57
921500.0,47.6779,-122.294,7409700215,608545.24,-312954.76,-33.96
1740000.0,47.7624,-122.38,3585901025,1348137.02,-391862.98,-22.52
810000.0,47.5956,-122.178,9542200220,1263324.37,453324.37,55.97
485000.0,47.4471,-122.207,8106300840,624089.24,139089.24,28.68
304000.0,47.3925,-122.165,5437600010,343914.45,39914.45,13.13
1700000.0,47.5829,-122.247,2175100055,2104744.96,404744.96,23.81
1150000.0,47.5905,-122.117,6641040100,1263292.62,113292.62,9.85
400000.0,47.5305,-122.351,2113700060,454744.93,54744.93,13.69
237950.0,47.3665,-122.092,1796360080,267483.91,29533.91,12.41
817500.0,47.6338,-122.063,8651611110,927701.63,110201.63,13.48
592000.0,47.5028,-121.769,323089084,387405.7,-204594.3,-34.56
649000.0,47.3632,-122.061,318300040,557424.5,-91575.5,-14.11
265000.0,47.4535,-122.358,3056000050,282095.92,17095.92,6.45
270000.0,47.5292,-122.323,7883603390,370702.4,100702.4,37.3
950000.0,47.3881,-122.326,5119400075,857065.58,-92934.42,-9.78
537000.0,47.732,-122.178,8663240180,542812.71,5812.71,1.08
567500.0,47.5846,-122.387,9274200735,463143.66,-104356.34,-18.39
679000.0,47.6691,-122.294,8827901060,711028.85,32028.85,4.72
500000.0,47.5328,-122.051,5710600030,486163.62,-13836.38,-2.77
500000.0,47.55,-122.272,6617500085,775128.83,275128.83,55.03
260000.0,47.7576,-122.296,4023500990,364179.45,104179.45,40.07
435000.0,47.7308,-122.34,6450303950,448064.28,13064.28,3.0
348500.0,47.4948,-122.134,9353300600,345475.06,-3024.94,-0.87
645000.0,47.7128,-122.365,8894000040,761717.39,116717.39,18.1
840000.0,47.536,-122.066,8562740480,709779.8,-130220.2,-15.5
470000.0,47.674,-122.142,6870300060,671232.49,201232.49,42.82
630000.0,47.7128,-122.223,6619910140,841210.83,211210.83,33.53
278000.0,47.4291,-122.16,2459500070,298832.2,20832.2,7.49
286000.0,47.4997,-122.326,798000062,369603.07,83603.07,29.23
511718.0,47.6787,-122.363,2877102345,437397.78,-74320.22,-14.52
490000.0,47.5427,-122.288,3333002450,322403.87,-167596.13,-34.2
875000.0,47.6328,-122.236,3262300940,615285.16,-259714.84,-29.68
345000.0,47.7227,-122.179,3205400240,361770.86,16770.86,4.86
382500.0,47.7489,-122.284,7738500185,372863.24,-9636.76,-2.52
345000.0,47.4449,-122.129,2473410360,455551.3,110551.3,32.04
381000.0,47.4817,-122.097,7229900925,414208.33,33208.33,8.72
2180000.0,47.6622,-122.272,4218400455,1794154.75,-385845.25,-17.7
327000.0,47.73,-122.31,6632300040,348034.82,21034.82,6.43
375000.0,47.566,-122.14,2206700215,549574.97,174574.97,46.55
352500.0,47.3855,-122.322,6880200030,205611.64,-146888.36,-41.67
526000.0,47.6739,-122.396,7550800945,444842.1,-81157.9,-15.43
315000.0,47.508,-122.378,7100000035,282962.65,-32037.35,-10.17
397500.0,47.7289,-122.283,1455100116,543349.12,145849.12,36.69
674000.0,47.5846,-122.12,3999200310,659283.65,-14716.35,-2.18
450000.0,47.5873,-122.294,1695900025,509000.91,59000.91,13.11
746300.0,47.5268,-122.388,9169600209,610233.97,-136066.03,-18.23
372400.0,47.4185,-122.212,1561910270,569154.33,196754.33,52.83
145600.0,47.4514,-122.178,1432400490,220741.12,75141.12,51.61
226000.0,47.4917,-122.188,9476200680,304314.57,78314.57,34.65
275000.0,47.2844,-122.205,7349600230,261384.78,-13615.22,-4.95
567000.0,47.6737,-122.169,7436500270,649153.14,82153.14,14.49
776000.0,47.6792,-122.303,1093000090,590419.84,-185580.16,-23.91
334950.0,47.3533,-122.023,538000190,291090.99,-43859.01,-13.09
902000.0,47.5612,-122.152,7856610200,886277.39,-15722.61,-1.74
749995.0,47.776,-122.173,7308600010,861854.38,111859.38,14.91
239000.0,47.3304,-122.304,421049170,228887.57,-10112.43,-4.23
810000.0,47.5767,-122.378,7645900165,772040.96,-37959.04,-4.69
500000.0,47.6389,-122.11,8100400170,576711.51,76711.51,15.34
430000.0,47.6147,-122.3,9828200460,425343.26,-4656.74,-1.08
453500.0,47.72,-122.317,5667100045,458033.11,4533.11,1.0
749950.0,47.7355,-122.095,1137300900,880109.5,130159.5,17.36
385000.0,47.6904,-122.347,6431000987,512043.57,127043.57,33.0
612000.0,47.6102,-122.309,2256500005,600997.69,-11002.31,-1.8
981000.0,47.567,-122.151,7856600170,725886.34,-255113.66,-26.01
825500.0,47.7127,-122.216,3026059204,795579.42,-29920.58,-3.62
982000.0,47.5483,-122.158,2600130190,799782.86,-182217.14,-18.56
468000.0,47.6658,-122.132,7694800070,540861.95,72861.95,15.57
750000.0,47.5361,-122.051,9545250110,602023.81,-147976.19,-19.73
525000.0,47.5892,-122.309,8850000509,619738.84,94738.84,18.05
1340000.0,47.4857,-122.361,7781600100,823484.88,-516515.12,-38.55
375000.0,47.6073,-122.308,7942600310,445304.21,70304.21,18.75
393820.0,47.6873,-122.291,9212900820,456648.28,62828.28,15.95
770000.0,47.6334,-122.356,4232903990,817431.51,47431.51,6.16
359999.0,47.3279,-122.006,5636000210,292412.51,-67586.49,-18.77
686000.0,47.5567,-122.159,2600000510,723731.16,37731.16,5.5
535000.0,47.6712,-122.38,2767604425,474555.93,-60444.07,-11.3
255000.0,47.4551,-122.154,2473251180,278956.74,23956.74,9.39
705000.0,47.6286,-122.051,3066400750,734374.16,29374.16,4.17
258000.0,47.368,-122.314,7522700110,204509.02,-53490.98,-20.73
209500.0,47.5366,-122.359,3438503426,303950.76,94450.76,45.08
440000.0,47.57100000000001,-122.392,5013500400,359867.51,-80132.49,-18.21
597400.0,47.6874,-122.037,7202270700,462049.2,-135350.8,-22.66
400000.0,47.4742,-122.198,7221400495,446271.58,46271.58,11.57
365000.0,47.7648,-122.159,622100130,398171.38,33171.38,9.09
330000.0,47.6729,-122.064,8807300130,245162.84,-84837.16,-25.71
380000.0,47.5285,-122.378,9842300485,386859.73,6859.73,1.81
830200.0,47.6538,-122.393,582000010,761001.1,-69198.9,-8.34
700180.0,47.6726,-122.264,3213200180,619332.74,-80847.26,-11.55
818900.0,47.6771,-122.319,9528102870,428847.1,-390052.9,-47.63
571000.0,47.4558,-122.362,7680400050,413575.98,-157424.02,-27.57
279000.0,47.3431,-122.305,4222700130,210475.92,-68524.08,-24.56
425000.0,47.5979,-122.194,2425700022,523758.66,98758.66,23.24
420000.0,47.7559,-122.148,7214810550,522406.02,102406.02,24.38
552250.0,47.5374,-121.875,7852110140,378135.6,-174114.4,-31.53
345000.0,47.6902,-122.387,6021500970,383060.62,38060.62,11.03
735000.0,47.678,-122.311,9547202245,781426.27,46426.27,6.32
229900.0,47.3583,-122.183,7942300070,254973.12,25073.12,10.91
250000.0,47.7612,-122.234,114100791,383842.12,133842.12,53.54
280000.0,47.6849,-122.374,5075400035,330051.04,50051.04,17.88
250000.0,47.3197,-122.117,7524600120,244935.73,-5064.27,-2.03
475000.0,47.4335,-122.449,3223039229,487622.73,12622.73,2.66
549950.0,47.5734,-122.375,7987401095,894541.98,344591.98,62.66
275000.0,47.7753,-122.355,626049058,382172.53,107172.53,38.97
585000.0,47.5749,-122.412,6371500040,369975.13,-215024.87,-36.76
625000.0,47.6899,-122.283,442000210,516101.35,-108898.65,-17.42
387500.0,47.4631,-122.362,2423039134,306869.47,-80630.53,-20.81
196000.0,47.7758,-122.238,2570600140,348999.95,152999.95,78.06
200000.0,47.4572,-122.351,2968801105,231895.83,31895.83,15.95
630500.0,47.6538,-122.352,1972200728,617301.54,-13198.46,-2.09
863500.0,47.6104,-122.303,9126101511,892696.44,29196.44,3.38
642000.0,47.6359,-122.045,7504100110,769075.76,127075.76,19.79
435000.0,47.5631,-122.271,4154304505,568258.65,133258.65,30.63
965000.0,47.6908,-122.052,9290850800,1077369.52,112369.52,11.64
281500.0,47.4921,-122.339,7889601870,303952.75,22452.75,7.98
384000.0,47.5552,-122.3,4174600331,480620.67,96620.67,25.16
649000.0,47.3424,-122.326,5152920070,659044.79,10044.79,1.55
866059.0,47.5664,-122.129,4139680070,889902.19,23843.19,2.75
607500.0,47.7151,-122.305,2826049197,716953.14,109453.14,18.02
525000.0,47.7351,-122.199,6204410150,675064.12,150064.12,28.58
419000.0,47.6534,-122.404,871000065,282393.37,-136606.63,-32.6
330000.0,47.7331,-122.299,2744600040,397421.44,67421.44,20.43
568000.0,47.4597,-122.153,8914100080,623315.17,55315.17,9.74
574000.0,47.6329,-121.969,6979900370,577803.73,3803.73,0.66
305000.0,47.3122,-122.376,8731900880,305407.36,407.36,0.13
379000.0,47.5348,-122.268,2624049115,425702.43,46702.43,12.32
349810.0,47.7689,-122.328,7609700065,318938.08,-30871.92,-8.83
299000.0,47.3783,-122.22,5540000050,329901.31,30901.31,10.33
1040000.0,47.5568,-122.029,293760150,1019609.96,-20390.04,-1.96
490000.0,47.631,-122.061,7504200250,544971.84,54971.84,11.22
125000.0,47.6941,-122.365,3501100050,321111.36,196111.36,156.89
1900000.0,47.6458,-122.219,9809000020,1256253.35,-643746.65,-33.88
334500.0,47.3872,-122.154,8944320100,375287.5,40787.5,12.19
768500.0,47.6069,-122.167,2785000480,965703.77,197203.77,25.66
330000.0,47.5677,-122.314,3679400503,386534.42,56534.42,17.13
380000.0,47.6506,-122.346,1972202320,410582.36,30582.36,8.05
570000.0,47.3402,-122.046,6151800080,294601.43,-275398.57,-48.32
450000.0,47.3008,-122.386,2867300160,385866.78,-64133.22,-14.25
631500.0,47.6438,-122.357,6819100040,535755.24,-95744.76,-15.16
2900000.0,47.6102,-122.225,6447300365,2160228.39,-739771.61,-25.51
338995.0,47.4557,-122.348,1217000270,307895.96,-31099.04,-9.17
825000.0,47.6717,-122.356,455000190,740528.25,-84471.75,-10.24
300000.0,47.5236,-122.348,7750500120,270806.75,-29193.25,-9.73
834995.0,47.6072,-122.053,1042700250,723700.73,-111294.27,-13.33
369990.0,47.4941,-122.19,7227501369,388992.7,19002.7,5.14
495000.0,47.4579,-121.981,2523069134,395011.59,-99988.41,-20.2
955000.0,47.6456,-122.173,2125059124,1216293.53,261293.53,27.36
565000.0,47.6893,-122.354,6430500291,427951.29,-137048.71,-24.26
1110000.0,47.5373,-121.865,7851980260,1629508.98,519508.98,46.8
472500.0,47.728,-122.339,6150200040,468300.1,-4199.9,-0.89
289000.0,47.5323,-122.355,2113200065,290335.18,1335.18,0.46
1060000.0,47.6401,-122.299,6788201240,687821.83,-372178.17,-35.11
570000.0,47.7186,-122.354,6141100320,435896.85,-134103.15,-23.53
1390000.0,47.5601,-122.16,7856410430,1724698.56,334698.56,24.08
625000.0,47.48,-122.03,1523069128,446077.33,-178922.67,-28.63
375000.0,47.7061,-122.347,2291400566,365485.33,-9514.67,-2.54
618000.0,47.6936,-122.128,7199320190,562951.71,-55048.29,-8.91
400000.0,47.5299,-122.387,3013300409,345776.52,-54223.48,-13.56
450000.0,47.6787,-122.301,7920100025,372819.84,-77180.16,-17.15
425000.0,47.776,-122.26,5498100010,442833.55,17833.55,4.2
614000.0,47.5506,-122.269,4109600055,767033.85,153033.85,24.92
375000.0,47.646,-122.384,2770602170,310514.22,-64485.78,-17.2
517500.0,47.5776,-121.996,8944360170,390459.87,-127040.13,-24.55
299999.0,47.4791,-122.347,4338800685,277645.16,-22353.84,-7.45
615000.0,47.3431,-122.03,2896310420,495343.48,-119656.52,-19.46
510000.0,47.5554,-122.27,1231000510,429404.89,-80595.11,-15.8
305000.0,47.2979,-122.379,9211500620,239289.5,-65710.5,-21.54
355000.0,47.7604,-122.331,1844500025,364092.35,9092.35,2.56
856000.0,47.62300000000001,-122.304,1344300090,579546.13,-276453.87,-32.3
365000.0,47.4388,-122.162,2591820310,447804.65,82804.65,22.69
485000.0,47.4777,-122.1,7230100120,588463.12,103463.12,21.33
329000.0,47.3512,-122.305,7575620640,322310.81,-6689.19,-2.03
230000.0,47.2639,-122.252,3353400435,268955.66,38955.66,16.94
445000.0,47.7,-122.375,9144100158,420038.97,-24961.03,-5.61
537000.0,47.26300000000001,-122.216,4136980090,756422.42,219422.42,40.86
300000.0,47.4212,-122.199,522059299,293954.28,-6045.72,-2.02
474000.0,47.6741,-122.323,9222400565,553210.15,79210.15,16.71
306500.0,47.5396,-122.387,3869900146,255254.16,-51245.84,-16.72
1150000.0,47.5443,-121.87,7852070210,1471230.96,321230.96,27.93
334000.0,47.5437,-122.281,3333000655,294063.19,-39936.81,-11.96
725000.0,47.6079,-122.192,8146300205,637596.53,-87403.47,-12.06
1000000.0,47.6746,-122.327,1257200115,712820.78,-287179.22,-28.72
290000.0,47.4755,-122.145,5127100190,313665.88,23665.88,8.16
569000.0,47.4282,-122.347,6117501250,417262.58,-151737.42,-26.67
700000.0,47.6268,-122.353,5457300696,770723.49,70723.49,10.1
335000.0,47.7434,-122.106,1775930010,459410.01,124410.01,37.14
199000.0,47.5093,-122.182,7227800065,258354.67,59354.67,29.83
895000.0,47.5644,-122.153,7856000110,893326.7,-1673.3,-0.19
530000.0,47.6071,-122.137,4039300140,481329.31,-48670.69,-9.18
1040000.0,47.7226,-122.039,4054510310,1242544.07,202544.07,19.48
1390000.0,47.6179,-122.005,2625069070,1061113.84,-328886.16,-23.66
775000.0,47.6846,-122.045,7202300480,837331.54,62331.54,8.04
419500.0,47.6831,-122.096,339600460,360346.34,-59153.66,-14.1
326500.0,47.7427,-122.172,3876810140,415897.52,89397.52,27.38
524950.0,47.7348,-121.984,1326069094,405868.37,-119081.63,-22.68
474950.0,47.6998,-122.367,6824100029,486946.96,11996.96,2.53
418000.0,47.6005,-122.129,4036800580,426435.71,8435.71,2.02
325000.0,47.4333,-122.168,984220330,333920.85,8920.85,2.74
400000.0,47.6944,-122.366,9268200440,394037.59,-5962.41,-1.49
450000.0,47.7143,-122.233,3840700560,501229.22,51229.22,11.38
550000.0,47.5694,-122.385,7577700185,384870.47,-165129.53,-30.02
681716.0,47.5159,-122.202,1644510040,785392.37,103676.37,15.21
275000.0,47.6901,-122.358,2919201385,267563.36,-7436.64,-2.7
310000.0,47.7407,-122.327,411100020,380947.25,70947.25,22.89
260000.0,47.2959,-122.166,3298600440,382937.49,122937.49,47.28
336500.0,47.7757,-122.353,2645500013,353313.78,16813.78,5.0
565000.0,47.6269,-122.03,1939110080,586975.01,21975.01,3.89
550000.0,47.6384,-122.116,686450210,544204.41,-5795.59,-1.05
1520000.0,47.5542,-122.097,5608000190,1694044.42,174044.42,11.45
289950.0,47.4899,-122.166,1657530450,376143.81,86193.81,29.73
465000.0,47.7019,-122.171,2564900020,602764.15,137764.15,29.63
240000.0,47.5059,-122.303,986000045,413264.99,173264.99,72.19
600000.0,47.7751,-122.284,4022900150,600509.71,509.71,0.08
416000.0,47.5124,-122.16,2787720140,460752.71,44752.71,10.76
429000.0,47.6976,-122.169,2128000160,578982.45,149982.45,34.96
200000.0,47.4878,-122.324,1446404015,241566.27,41566.27,20.78
975000.0,47.5508,-122.189,2024059052,1008198.61,33198.61,3.4
422500.0,47.6923,-122.332,8021700725,415798.62,-6701.38,-1.59
223000.0,47.5003,-122.269,3348401622,360319.57,137319.57,61.58
493000.0,47.6297,-122.099,1449000260,547411.03,54411.03,11.04
260000.0,47.3092,-122.375,9510900360,233976.49,-26023.51,-10.01
602500.0,47.5346,-122.185,3204950120,761828.12,159328.12,26.44
1580000.0,47.5739,-122.234,3066120030,1435020.32,-144979.68,-9.18
457000.0,47.5247,-121.926,6893300290,295147.16,-161852.84,-35.42
246500.0,47.4211,-122.29,937000330,261100.59,14600.59,5.92
275000.0,47.3661,-122.021,9542840590,234278.41,-40721.59,-14.81
588000.0,47.6892,-122.311,2887700140,633856.43,45856.43,7.8
253000.0,47.3862,-122.304,6929603769,207276.32,-45723.68,-18.07
551100.0,47.572,-122.147,2204500480,466367.63,-84732.37,-15.38
419000.0,47.7731,-122.257,3824100041,380688.81,-38311.19,-9.14
368000.0,47.7391,-122.241,3649100276,492663.14,124663.14,33.88
330000.0,47.6146,-122.299,9828200525,409839.83,79839.83,24.19
503000.0,47.6697,-122.29,8819900055,517234.51,14234.51,2.83
570000.0,47.7106,-122.285,4077800455,645751.67,75751.67,13.29
285000.0,47.5601,-122.363,1773100123,317625.53,32625.53,11.45
1170000.0,47.5855,-122.292,669000210,1191547.08,21547.08,1.84
475000.0,47.63800000000001,-121.953,203101530,355752.82,-119247.18,-25.1
711000.0,47.6647,-122.083,9510861140,692476.1,-18523.9,-2.61
252000.0,47.7469,-122.319,7304300905,301345.4,49345.4,19.58
620000.0,47.6475,-122.07,8651580660,605266.72,-14733.28,-2.38
560000.0,47.5889,-122.389,9274202165,446943.05,-113056.95,-20.19
410000.0,47.3533,-122.016,5104512060,374907.97,-35092.03,-8.56
800000.0,47.5591,-122.267,5249804655,679642.7,-120357.3,-15.04
315000.0,47.5107,-122.257,7129300500,424931.13,109931.13,34.9
357000.0,47.73,-122.191,9477201150,416978.01,59978.01,16.8
185000.0,47.3281,-122.343,1788800630,226136.85,41136.85,22.24
460000.0,47.7603,-122.215,726059349,480035.35,20035.35,4.36
525000.0,47.4893,-122.147,7708210050,672025.6,147025.6,28.0
850000.0,47.6424,-122.411,1370801465,796890.21,-53109.79,-6.25
635000.0,47.6807,-122.291,5499200060,658193.89,23193.89,3.65
457000.0,47.3544,-122.013,5104511600,407790.93,-49209.07,-10.77
137000.0,47.5178,-122.346,7972604345,262828.53,125828.53,91.85
555000.0,47.6757,-122.327,1257200020,433485.37,-121514.63,-21.89
250000.0,47.4914,-122.186,9476200580,263786.3,13786.3,5.51
620000.0,47.6683,-122.286,2436700800,606497.82,-13502.18,-2.18
212000.0,47.3776,-122.314,9456200450,226545.95,14545.95,6.86
390000.0,47.7577,-122.358,8963300005,410001.48,20001.48,5.13
715000.0,47.6728,-122.362,2769600305,918958.91,203958.91,28.53
219000.0,47.525,-122.356,4302200535,253622.5,34622.5,15.81
220000.0,47.3266,-122.138,2212900180,217808.21,-2191.79,-1.0
850000.0,47.5647,-122.165,1624059219,908330.9,58330.9,6.86
515000.0,47.7243,-122.363,923000413,461948.28,-53051.72,-10.3
745000.0,47.5187,-122.208,3342100421,726864.69,-18135.31,-2.43
235000.0,47.2083,-122.005,1645000310,303051.67,68051.67,28.96
545000.0,47.5713,-121.997,3905030140,416096.06,-128903.94,-23.65
365000.0,47.3343,-122.16,321059132,358550.76,-6449.24,-1.77
542950.0,47.7696,-122.036,426069095,519022.7,-23927.3,-4.41
510000.0,47.5727,-122.376,4321200600,674174.26,164174.26,32.19
309000.0,47.5063,-122.369,123039420,345063.17,36063.17,11.67
775000.0,47.6608,-122.19,2680700010,730327.41,-44672.59,-5.76
225000.0,47.2791,-122.3,2821049082,262749.27,37749.27,16.78
525000.0,47.5682,-122.284,8121100600,527924.08,2924.08,0.56
765000.0,47.5284,-122.391,9169600043,498494.09,-266505.91,-34.84
400000.0,47.6003,-122.306,3319500385,465567.6,65567.6,16.39
1760000.0,47.6317,-122.312,1337800805,913716.01,-846283.99,-48.08
590000.0,47.7642,-122.048,4298100060,612814.18,22814.18,3.87
630000.0,47.6782,-122.278,8927600070,534829.86,-95170.14,-15.11
463000.0,47.6226,-122.292,9209900335,532810.61,69810.61,15.08
453246.0,47.5517,-121.998,8929000270,372590.39,-80655.61,-17.8
234000.0,47.3627,-122.108,1274500420,206255.3,-27744.7,-11.86
418000.0,47.4694,-122.069,5095401360,453174.97,35174.97,8.42
413000.0,47.7752,-122.197,5255690060,573565.56,160565.56,38.88
403500.0,47.7027,-122.347,6145601715,545158.27,141658.27,35.11
300000.0,47.5435,-122.359,3438501700,329141.83,29141.83,9.71
399950.0,47.659,-122.346,5694500386,469938.71,69988.71,17.5
1710000.0,47.5473,-122.211,2154500060,1261698.68,-448301.32,-26.22
340000.0,47.3659,-122.017,9542830440,282912.85,-57087.15,-16.79
425000.0,47.7027,-122.359,3413700130,595036.51,170036.51,40.01
204950.0,47.3196,-122.399,3210200373,201289.55,-3660.45,-1.79
700000.0,47.6982,-122.282,5210200107,506936.51,-193063.49,-27.58
535500.0,47.7499,-122.111,7399800150,495657.02,-39842.98,-7.44
410500.0,47.6492,-121.908,8658300510,353797.11,-56702.89,-13.81
292000.0,47.3631,-122.192,5003600240,330854.45,38854.45,13.31
710000.0,47.7216,-122.282,1454600256,755644.06,45644.06,6.43
898888.0,47.6731,-122.199,4070700300,769220.47,-129667.53,-14.43
600000.0,47.604,-122.311,3037200045,419012.09,-180987.91,-30.16
512500.0,47.7046,-122.293,2568800121,508459.76,-4040.24,-0.79
455000.0,47.6625,-122.352,9521100214,487517.61,32517.61,7.15
1500000.0,47.627,-122.304,1338800365,1474854.08,-25145.92,-1.68
575000.0,47.5252,-122.382,2484200171,591403.76,16403.76,2.85
2300000.0,47.6285,-122.362,3880900170,1423859.5,-876140.5,-38.09
739888.0,47.569,-122.058,1724069043,878703.6,138815.6,18.76
475000.0,47.5646,-121.935,1724079048,336320.25,-138679.75,-29.2
1000000.0,47.63,-122.011,1311030430,1170722.92,170722.92,17.07
325000.0,47.551,-122.356,3438500714,419500.35,94500.35,29.08
799000.0,47.5483,-122.226,8651600160,760066.08,-38933.92,-4.87
970500.0,47.5651,-122.223,191100410,735699.19,-234800.81,-24.19
1100000.0,47.5859,-121.968,98000980,1150516.04,50516.04,4.59
340000.0,47.635,-121.964,203900920,234712.07,-105287.93,-30.97
348140.0,47.515,-122.362,8143600015,352275.74,4135.74,1.19
390000.0,47.575,-122.289,9834200411,377223.65,-12776.35,-3.28
402000.0,47.5496,-122.388,7625702263,322845.17,-79154.83,-19.69
167000.0,47.4745,-122.343,4331000265,337528.85,170528.85,102.11
253101.0,47.3689,-122.175,2822059360,247794.4,-5306.6,-2.1
451000.0,47.5415,-121.883,7853302180,299401.11,-151598.89,-33.61
195000.0,47.2933,-122.377,2421039075,271987.73,76987.73,39.48
859900.0,47.5906,-122.062,1853080570,814815.62,-45084.38,-5.24
590000.0,47.6833,-122.398,225039049,455609.06,-134390.94,-22.78
519500.0,47.4545,-122.336,936000055,441655.4,-77844.6,-14.98
350000.0,47.5503,-122.301,7857000732,529033.73,179033.73,51.15
708000.0,47.597,-121.979,8691410730,641076.38,-66923.62,-9.45
262000.0,47.514,-122.316,7258200055,357063.26,95063.26,36.28
420000.0,47.6578,-122.39,2770606915,344972.89,-75027.11,-17.86
342000.0,47.525,-122.366,859000018,445553.35,103553.35,30.28
260000.0,47.434,-122.171,984000450,342919.05,82919.05,31.89
875000.0,47.5156,-122.204,1644500050,952111.79,77111.79,8.81
395000.0,47.5374,-122.357,3438503230,600067.53,205067.53,51.92
835000.0,47.7711,-122.088,3530210180,1020445.9,185445.9,22.21
475000.0,47.7515,-122.174,6979970140,614737.33,139737.33,29.42
460000.0,47.5009,-122.225,1180000830,803782.31,343782.31,74.74
1230000.0,47.6336,-122.29,1118001631,1121543.73,-108456.27,-8.82
330000.0,47.6521,-121.905,1389310130,305196.4,-24803.6,-7.52
316000.0,47.6503,-121.968,7302000610,368372.33,52372.33,16.57
882566.0,47.7047,-122.113,6666830230,851372.7,-31193.3,-3.53
545000.0,47.4736,-121.731,9510320150,397035.76,-147964.24,-27.15
362500.0,47.5458,-122.369,3278605570,469244.01,106744.01,29.45
249900.0,47.5187,-122.363,7387500185,275400.05,25500.05,10.2
170000.0,47.4727,-122.298,2123049498,323497.4,153497.4,90.29
505000.0,47.7355,-122.18,1049010390,387341.48,-117658.52,-23.3
532000.0,47.4574,-122.024,2617300200,540488.31,8488.31,1.6
378000.0,47.5395,-122.39,4315700060,326707.66,-51292.34,-13.57
640000.0,47.6083,-122.06,8562901350,600000.67,-39999.33,-6.25
239950.0,47.2738,-122.271,3751605432,200144.49,-39805.51,-16.59
309000.0,47.2602,-122.284,9264450460,263137.52,-45862.48,-14.84
770000.0,47.7213,-122.12,1115750190,1074744.63,304744.63,39.58
255000.0,47.3962,-122.189,5115000100,272684.77,17684.77,6.94
284000.0,47.3594,-122.076,8648220260,254498.77,-29501.23,-10.39
518000.0,47.7438,-122.246,6600250050,598370.07,80370.07,15.52
315000.0,47.559,-122.277,4154301371,366731.48,51731.48,16.42
445000.0,47.7332,-122.192,9477000190,484355.88,39355.88,8.84
1380000.0,47.6249,-122.09,7430500110,1452964.87,72964.87,5.29
279900.0,47.2798,-122.303,3861500340,253427.43,-26472.57,-9.46
750000.0,47.6989,-122.111,11520200,855353.76,105353.76,14.05
609500.0,47.6691,-122.402,1176001119,434616.38,-174883.62,-28.69
198500.0,47.3274,-122.346,1788700185,208160.5,9660.5,4.87
315000.0,47.5557,-122.278,1704900135,389547.08,74547.08,23.67
539950.0,47.7006,-122.339,4310700778,554657.07,14707.07,2.72
1200000.0,47.6346,-122.364,4232902335,927837.83,-272162.17,-22.68
405000.0,47.5307,-121.875,7852150720,297168.12,-107831.88,-26.63
312500.0,47.625,-122.117,3298400350,380720.66,68220.66,21.83
320000.0,47.4579,-122.17,1432900310,342458.19,22458.19,7.02
846000.0,47.5554,-122.267,1231000645,931522.69,85522.69,10.11
335000.0,47.4141,-122.204,8035600590,483445.12,148445.12,44.31
474800.0,47.6534,-122.353,1972200698,539802.5,65002.5,13.69
420000.0,47.3103,-122.382,8731950080,214029.06,-205970.94,-49.04
295000.0,47.5605,-122.117,8965450190,432865.78,137865.78,46.73
465000.0,47.2683,-121.946,3221079050,395302.7,-69697.3,-14.99
219950.0,47.4211,-122.314,7686202275,208285.81,-11664.19,-5.3
790000.0,47.5371,-122.388,1315300095,658469.16,-131530.84,-16.65
400000.0,47.7735,-122.133,9238500040,526205.69,126205.69,31.55
407450.0,47.3354,-122.031,7574200210,320910.52,-86539.48,-21.24
450000.0,47.3746,-122.026,4017050020,525440.99,75440.99,16.76
1290000.0,47.6408,-122.307,6788200596,1095295.69,-194704.31,-15.09
429000.0,47.3259,-122.289,4013200145,240772.66,-188227.34,-43.88
552000.0,47.6797,-122.384,7518505851,407495.43,-144504.57,-26.18
675000.0,47.5543,-122.398,7649400170,587654.51,-87345.49,-12.94
274500.0,47.367,-122.019,9542840120,250451.6,-24048.4,-8.76
435000.0,47.6519,-122.384,2770601769,423563.18,-11436.82,-2.63
725995.0,47.5317,-121.866,7852020250,581152.0,-144843.0,-19.95
378500.0,47.7262,-122.285,1454100480,418280.17,39780.17,10.51
162500.0,47.5469,-122.277,2690600005,275984.87,113484.87,69.84
499950.0,47.692,-122.308,5101400862,394647.72,-105302.28,-21.06
295000.0,47.5215,-122.33,13002495,441172.09,146172.09,49.55
306000.0,47.3992,-122.163,2517000140,318698.49,12698.49,4.15
812500.0,47.5626,-122.149,7856620210,880926.47,68426.47,8.42
270000.0,47.4568,-122.169,2473381090,430660.55,160660.55,59.5
1190000.0,47.6369,-122.35,809002290,781508.06,-408491.94,-34.33
1390000.0,47.6313,-122.369,6169901130,1028448.94,-361551.06,-26.01
240000.0,47.3463,-122.304,4222200120,238038.7,-1961.3,-0.82
625000.0,47.5621,-122.135,9346950050,650397.84,25397.84,4.06
205000.0,47.2607,-122.25,6601200250,287145.84,82145.84,40.07
555000.0,47.691,-122.113,2156500220,582398.24,27398.24,4.94
272000.0,47.5145,-122.374,7454000555,223062.97,-48937.03,-17.99
1570000.0,47.7666,-122.128,226059096,1566344.82,-3655.18,-0.23
430000.0,47.5554,-122.279,1704900180,466352.54,36352.54,8.45
135000.0,47.4919,-122.311,985001015,255466.72,120466.72,89.23
389700.0,47.6861,-122.013,7203140220,351174.27,-38525.73,-9.89
261000.0,47.5102,-122.33,795002455,276101.69,15101.69,5.79
559000.0,47.3281,-122.124,1121059030,600391.09,41391.09,7.4
354000.0,47.5232,-122.371,4365200505,327964.11,-26035.89,-7.35
255000.0,47.5372,-122.289,3031200120,337989.06,82989.06,32.54
1900000.0,47.6387,-122.284,1330300300,1257593.79,-642406.21,-33.81
246900.0,47.3068,-122.27,7905400160,234029.0,-12871.0,-5.21
430000.0,47.7053,-122.303,8902000068,561215.17,131215.17,30.52
335606.0,47.2584,-122.196,3845100140,294571.0,-41035.0,-12.23
517500.0,47.5746,-122.009,3904980270,397709.86,-119790.14,-23.15
500000.0,47.654,-121.94,1725079061,370935.22,-129064.78,-25.81
220000.0,47.3206,-122.397,1898700310,232652.36,12652.36,5.75
259950.0,47.3085,-122.358,104550540,220789.17,-39160.83,-15.06
400000.0,47.7094,-122.228,3026059014,573581.9,173581.9,43.4
390000.0,47.6843,-122.317,2979800764,446328.6,56328.6,14.44
210000.0,47.3065,-122.222,8698600055,296058.4,86058.4,40.98
410000.0,47.6842,-122.393,4443800385,400479.75,-9520.25,-2.32
534500.0,47.5505,-121.998,3630030110,356832.19,-177667.81,-33.24
370000.0,47.7307,-122.297,7663700772,484674.04,114674.04,30.99
300000.0,47.2773,-122.216,3021059304,222099.22,-77900.78,-25.97
435000.0,47.5531,-121.996,3629970610,298013.59,-136986.41,-31.49
499000.0,47.3696,-122.058,3303860460,498645.56,-354.44,-0.07
370000.0,47.7367,-122.295,1568100386,342528.79,-27471.21,-7.42
245000.0,47.5918,-122.295,3644100073,348872.29,103872.29,42.4
455000.0,47.6774,-122.325,9528104286,373039.86,-81960.14,-18.01
429300.0,47.7188,-122.185,3876000970,674614.73,245314.73,57.14
356200.0,47.5102,-122.241,8069000216,565644.46,209444.46,58.8
366000.0,47.5532,-122.277,3330500085,351952.98,-14047.02,-3.84
334990.0,47.5014,-122.341,7694200070,488899.28,153909.28,45.94
255544.0,47.7503,-122.334,5727500561,332149.0,76605.0,29.98
615000.0,47.5371,-122.073,8562770350,538211.48,-76788.52,-12.49
248000.0,47.5146,-122.265,4356200120,310712.15,62712.15,25.29
650000.0,47.5933,-122.195,524059208,625040.21,-24959.79,-3.84
184900.0,47.2064,-121.988,2420069268,285423.47,100523.47,54.37
469000.0,47.6908,-122.365,946000295,391466.82,-77533.18,-16.53
567500.0,47.6769,-122.307,9547201155,524671.66,-42828.34,-7.55
445800.0,47.7119,-122.319,2926049221,413485.87,-32314.13,-7.25
395000.0,47.762,-122.11,126059018,512528.52,117528.52,29.75
849950.0,47.6344,-122.174,6189200125,1016967.88,167017.88,19.65
850000.0,47.617,-122.286,7576700131,867598.11,17598.11,2.07
580000.0,47.6652,-122.338,9136103136,415867.63,-164132.37,-28.3
511000.0,47.3892,-122.215,1822059440,651115.13,140115.13,27.42
435000.0,47.7758,-122.379,3111300040,438175.92,3175.92,0.73
510000.0,47.7677,-122.135,3244500037,609430.39,99430.39,19.5
770000.0,47.6123,-122.007,629811340,650055.73,-119944.27,-15.58
185000.0,47.3756,-122.297,1950900005,217420.72,32420.72,17.52
304500.0,47.38800000000001,-122.176,5466380050,359834.5,55334.5,18.17
315000.0,47.5541,-122.29,9459200110,486538.27,171538.27,54.46
343500.0,47.4391,-122.117,8691510150,343701.58,201.58,0.06
406000.0,47.6749,-122.323,9222400510,337644.91,-68355.09,-16.84
215000.0,47.4734,-122.35,2970800130,234362.83,19362.83,9.01
533000.0,47.6831,-122.343,9482700440,513879.19,-19120.81,-3.59
2600000.0,47.5696,-122.09,2923500230,2897097.18,297097.18,11.43
439950.0,47.5631,-122.397,2391600950,479324.44,39374.44,8.95
528000.0,47.404,-122.447,7003200120,365019.38,-162980.62,-30.87
1030000.0,47.6996,-122.233,3760500407,1736144.54,706144.54,68.56
462500.0,47.551,-122.395,2815600215,375150.56,-87349.44,-18.89
1320000.0,47.6286,-122.206,9533600100,1004688.27,-315311.73,-23.89
527500.0,47.6427,-122.327,2025049192,527122.29,-377.71,-0.07
540000.0,47.5078,-122.169,423059387,779161.68,239161.68,44.29
519950.0,47.6722,-122.381,2767603505,408420.7,-111529.3,-21.45
930800.0,47.6664,-122.045,3528000510,1058874.14,128074.14,13.76
950000.0,47.3389,-122.334,521049227,864886.56,-85113.44,-8.96
1000000.0,47.6444,-122.191,9808590310,1237058.94,237058.94,23.71
216650.0,47.5421,-122.322,2734100732,410934.21,194284.21,89.68
720000.0,47.591,-122.008,6127000480,777060.75,57060.75,7.93
303000.0,47.3311,-122.17,7300410060,313394.49,10394.49,3.43
935000.0,47.6956,-122.311,5101402618,1219132.57,284132.57,30.39
475000.0,47.7227,-122.16,8835200230,518422.85,43422.85,9.14
455000.0,47.4559,-122.344,4197400005,513973.32,58973.32,12.96
897000.0,47.6911,-122.293,5363200100,819963.63,-77036.37,-8.59
835000.0,47.6346,-122.063,8651611060,918712.42,83712.42,10.03
335900.0,47.345,-122.209,301401630,276558.55,-59341.45,-17.67
450000.0,47.7286,-122.168,3787000140,538764.56,88764.56,19.73
419950.0,47.7211,-122.166,2558650200,582327.22,162377.22,38.67
735000.0,47.6782,-122.3,8156600155,703212.39,-31787.61,-4.32
475000.0,47.7144,-122.204,7940700050,558476.34,83476.34,17.57
489500.0,47.7327,-121.965,2619950310,523409.22,33909.22,6.93
359950.0,47.3492,-122.152,7885800900,391421.56,31471.56,8.74
920000.0,47.554,-122.095,5608000860,972706.03,52706.03,5.73
390000.0,47.6903,-122.34,4459800100,413662.07,23662.07,6.07
535000.0,47.4158,-122.002,222069029,469985.89,-65014.11,-12.15
1270000.0,47.6362,-122.282,1084000107,1036253.31,-233746.69,-18.41
450000.0,47.7025,-122.198,3039000020,472479.03,22479.03,5.0
299000.0,47.7255,-122.164,8835220200,364383.73,65383.73,21.87
250000.0,47.4126,-122.165,1022059123,327499.3,77499.3,31.0
416500.0,47.5003,-122.465,8887001640,461659.57,45159.57,10.84
515000.0,47.5589,-122.394,9393700065,326855.93,-188144.07,-36.53
1570000.0,47.64,-122.285,1330300451,980349.3,-589650.7,-37.56
265000.0,47.3898,-122.049,3654800200,288481.19,23481.19,8.86
240000.0,47.3263,-122.365,4167700210,274125.96,34125.96,14.22
382000.0,47.7462,-121.98,1559900200,346602.21,-35397.79,-9.27
243400.0,47.3782,-122.304,7523700305,231242.54,-12157.46,-4.99
500000.0,47.6881,-122.184,2273600250,496422.79,-3577.21,-0.72
738000.0,47.5839,-122.383,6837700005,553066.06,-184933.94,-25.06
715000.0,47.6378,-122.065,8651610580,668971.03,-46028.97,-6.44
650000.0,47.6274,-122.04,2405500050,758030.35,108030.35,16.62
400000.0,47.7159,-122.203,7941140070,429511.25,29511.25,7.38
158800.0,47.5006,-122.334,2641800015,243407.38,84607.38,53.28
245000.0,47.4034,-122.187,6700390210,310680.34,65680.34,26.81
465000.0,47.7213,-122.171,2558690130,555280.17,90280.17,19.42
287000.0,47.528,-122.352,7972602435,314335.6,27335.6,9.52
799000.0,47.7648,-122.112,126059019,785811.8,-13188.2,-1.65
699000.0,47.6441,-122.113,9328510100,754788.74,55788.74,7.98
430000.0,47.6953,-122.332,3226049478,471365.7,41365.7,9.62
550000.0,47.6789,-122.116,1494300110,515984.33,-34015.67,-6.18
385000.0,47.5427,-122.356,3438502715,479581.46,94581.46,24.57
338000.0,47.4594,-122.326,7250000065,327919.35,-10080.65,-2.98
335000.0,47.3341,-122.188,1402900460,341691.67,6691.67,2.0
583500.0,47.7605,-122.085,1630700361,570397.98,-13102.02,-2.25
273000.0,47.3622,-122.074,8647800150,357167.9,84167.9,30.83
230000.0,47.3054,-122.369,8944300010,192249.64,-37750.36,-16.41
688000.0,47.5421,-121.888,7853301390,714913.95,26913.95,3.91
365000.0,47.4288,-122.198,6623400187,269205.43,-95794.57,-26.25
309950.0,47.2877,-122.349,5422430320,236086.97,-73863.03,-23.83
600000.0,47.6068,-122.112,3625059143,694388.51,94388.51,15.73
685000.0,47.5464,-122.191,3343301385,828660.95,143660.95,20.97
625000.0,47.746,-122.218,8854100350,800610.31,175610.31,28.1
525000.0,47.2328,-121.945,820079101,574203.43,49203.43,9.37
250000.0,47.3255,-122.305,537000416,243599.16,-6400.84,-2.56
160000.0,47.7129,-121.325,8649400790,467795.62,307795.62,192.37
600000.0,47.7634,-122.139,3244500078,1155545.66,555545.66,92.59
310000.0,47.5342,-122.373,9269200520,231049.09,-78950.91,-25.47
505000.0,47.5803,-122.398,3505100297,438161.3,-66838.7,-13.24
292500.0,47.3096,-122.377,9510900070,190804.39,-101695.61,-34.77
390000.0,47.7429,-121.981,2130702205,373204.38,-16795.62,-4.31
546000.0,47.6032,-122.311,3037200141,562936.88,16936.88,3.1
392000.0,47.3701,-122.041,4123830480,341074.87,-50925.13,-12.99
410000.0,47.6767,-122.38,7518502030,349793.81,-60206.19,-14.68
250000.0,47.2058,-121.997,5595900090,246597.37,-3402.63,-1.36
269950.0,47.5104,-122.171,428000150,322173.54,52223.54,19.35
477000.0,47.6758,-122.369,452001475,423172.95,-53827.05,-11.28
769900.0,47.5797,-122.391,9276200569,679090.22,-90809.78,-11.8
240000.0,47.2929,-122.371,7972000240,257890.17,17890.17,7.45
602000.0,47.6688,-122.024,9508850120,576450.97,-25549.03,-4.24
140000.0,47.4204,-122.316,7686203275,203351.97,63351.97,45.25
465000.0,47.3367,-122.335,5137300130,347164.23,-117835.77,-25.34
699188.0,47.5178,-121.887,7853430180,548248.18,-150939.82,-21.59
610000.0,47.6872,-122.036,7202271060,629434.47,19434.47,3.19
401000.0,47.6364,-122.037,6817810190,299796.35,-101203.65,-25.24
435010.0,47.5293,-122.354,2113700790,340008.32,-95001.68,-21.84
1400000.0,47.5744,-122.406,148000475,1183423.45,-216576.55,-15.47
689888.0,47.6167,-122.29,7576200040,818321.2,128433.2,18.62
278000.0,47.3718,-122.073,7760400470,242152.84,-35847.16,-12.89
565500.0,47.5589,-122.392,8608900205,442812.0,-122688.0,-21.7
492500.0,47.4422,-122.505,5238800020,376368.46,-116131.54,-23.58
962800.0,47.559,-122.118,8965410150,961571.81,-1228.19,-0.13
740000.0,47.547,-122.111,2424059116,1196726.28,456726.28,61.72
330000.0,47.4654,-122.194,7399000360,417534.69,87534.69,26.53
860000.0,47.6839,-122.19,3886902950,1081691.13,221691.13,25.78
920000.0,47.6818,-122.023,7202360430,956687.87,36687.87,3.99
532000.0,47.6983,-122.127,7199340620,514166.46,-17833.54,-3.35
339500.0,47.3644,-122.04,9406550060,281453.37,-58046.63,-17.1
835000.0,47.7103,-122.027,8682220150,510611.78,-324388.22,-38.85
441500.0,47.7283,-122.194,9477100490,422239.51,-19260.49,-4.36
1880000.0,47.617,-122.282,6321000045,1727436.86,-152563.14,-8.12
339900.0,47.3363,-122.331,1862700290,278426.1,-61473.9,-18.09
616300.0,47.6825,-122.19,3886902505,645157.18,28857.18,4.68
1280000.0,47.6341,-122.284,5318100840,1111624.28,-168375.72,-13.15
220000.0,47.4759,-122.208,7231502505,240671.59,20671.59,9.4
1970000.0,47.6203,-122.212,8964800025,1723419.95,-246580.05,-12.52
229950.0,47.4972,-122.224,1180003175,241006.58,11056.58,4.81
289900.0,47.4492,-122.157,2473101360,310401.58,20501.58,7.07
225000.0,47.3719,-122.215,9183703376,245628.64,20628.64,9.17
775000.0,47.6397,-122.388,269001360,538704.94,-236295.06,-30.49
1160000.0,47.488,-122.364,7781600025,1347850.72,187850.72,16.19
837500.0,47.6861,-122.198,1245002125,822485.78,-15014.22,-1.79
506500.0,47.7278,-122.218,8651720470,535666.97,29166.97,5.76
1050000.0,47.6772,-122.267,8924100308,1081875.12,31875.12,3.04
782000.0,47.4358,-122.085,7937600395,1005474.56,223474.56,28.58
575000.0,47.6347,-122.173,6189200050,667984.17,92984.17,16.17
310000.0,47.5118,-122.189,345700150,293234.09,-16765.91,-5.41
630000.0,47.7004,-122.295,3326049077,503725.99,-126274.01,-20.04
600000.0,47.6873,-122.321,2878601425,569578.08,-30421.92,-5.07
630000.0,47.6735,-122.362,2769600190,671871.29,41871.29,6.65
255000.0,47.422,-122.153,2618300190,263001.63,8001.63,3.14
750000.0,47.6134,-122.308,7234601440,602048.23,-147951.77,-19.73
1310000.0,47.6398,-122.39,269001331,983487.42,-326512.58,-24.92
295000.0,47.3618,-122.195,8700100100,269318.41,-25681.59,-8.71
255000.0,47.7689,-122.315,3971701300,315812.86,60812.86,23.85
417000.0,47.6677,-122.324,9550202870,484439.16,67439.16,16.17
268000.0,47.369,-122.126,7237300330,292482.99,24482.99,9.14
310000.0,47.7116,-122.213,1138000830,477761.47,167761.47,54.12
530000.0,47.3376,-122.323,5152100110,290768.91,-239231.09,-45.14
520000.0,47.7617,-122.378,3585900430,493458.71,-26541.29,-5.1
281000.0,47.4023,-122.273,6200017,199922.57,-81077.43,-28.85
147500.0,47.404,-122.203,8802400416,268896.55,121396.55,82.3
374150.0,47.752,-122.35,9371700132,377377.89,3227.89,0.86
200000.0,47.4229,-122.324,2946000285,265200.62,65200.62,32.6
449000.0,47.7155,-122.315,2044500213,480633.91,31633.91,7.05
1010000.0,47.6169,-122.212,4389201021,685286.93,-324713.07,-32.15
345000.0,47.7364,-122.295,1568100380,378446.85,33446.85,9.69
435000.0,47.604,-122.307,1934800086,581609.94,146609.94,33.7
195000.0,47.2052,-121.987,8005100025,273005.38,78005.38,40.0
1150000.0,47.7336,-122.284,7351200295,968009.48,-181990.52,-15.83
311000.0,47.317,-122.385,8731981680,277303.24,-33696.76,-10.83
250000.0,47.3781,-122.284,1253200170,242563.35,-7436.65,-2.97
672000.0,47.6597,-122.355,8129700743,582551.81,-89448.19,-13.31
330000.0,47.5722,-122.291,9834200925,443701.8,113701.8,34.46
190000.0,47.3015,-122.216,7116000225,209903.72,19903.72,10.48
487500.0,47.6513,-122.385,2770601461,468696.09,-18803.91,-3.86
472000.0,47.5897,-122.136,6751100125,494100.88,22100.88,4.68
350000.0,47.3248,-122.179,921059132,299739.18,-50260.82,-14.36
246000.0,47.2899,-122.372,2791500280,289767.51,43767.51,17.79
239900.0,47.4897,-122.24,3969300030,220313.08,-19586.92,-8.16
337000.0,47.5311,-122.382,3013300895,321600.25,-15399.75,-4.57
360000.0,47.6818,-122.165,3888100133,418119.12,58119.12,16.14
375000.0,47.4873,-121.783,8039900400,302261.78,-72738.22,-19.4
407000.0,47.6655,-122.13,5422560660,602000.27,195000.27,47.91
345000.0,47.588,-122.305,7548301056,491133.09,146133.09,42.36
475000.0,47.7212,-122.172,2558690150,554596.7,79596.7,16.76
940000.0,47.5833,-122.242,5315100806,1116707.94,176707.94,18.8
640000.0,47.6195,-122.299,9828702245,614819.18,-25180.82,-3.93
419000.0,47.7214,-122.166,2558670110,507535.37,88535.37,21.13
219950.0,47.5328,-122.275,1443500905,295280.06,75330.06,34.25
620000.0,47.4721,-122.148,1461200020,644413.07,24413.07,3.94
600000.0,47.619,-122.311,8080400045,525461.35,-74538.65,-12.42
789000.0,47.4036,-122.462,6398000011,684828.09,-104171.91,-13.2
305000.0,47.7282,-122.296,3821700038,358465.62,53465.62,17.53
530000.0,47.7029,-122.015,8682280270,437873.44,-92126.56,-17.38
2560000.0,47.661,-122.269,6613000935,3124392.87,564392.87,22.05
1050000.0,47.6362,-122.363,2397101200,724740.58,-325259.42,-30.98
395000.0,47.6921,-122.38,3300701170,337121.83,-57878.17,-14.65
145000.0,47.6836,-122.174,2870000040,376961.29,231961.29,159.97
540000.0,47.6148,-122.309,7234601025,549164.88,9164.88,1.7
685000.0,47.6504,-122.004,1332000100,738314.45,53314.45,7.78
525000.0,47.6722,-122.391,477000019,500782.26,-24217.74,-4.61
2950000.0,47.6387,-122.405,1370800515,1453141.91,-1496858.09,-50.74
150000.0,47.3063,-122.219,8698600395,258306.06,108306.06,72.2
425000.0,47.5044,-122.35,2586800270,265698.72,-159301.28,-37.48
438000.0,47.6776,-122.318,9528102772,505503.6,67503.6,15.41
235000.0,47.4783,-122.265,2800031,282263.58,47263.58,20.11
230000.0,47.4235,-122.155,8155000040,242308.23,12308.23,5.35
616000.0,47.6161,-122.021,8677300720,600202.21,-15797.79,-2.56
195000.0,47.3278,-122.262,5647900930,252123.87,57123.87,29.29
168000.0,47.3804,-122.318,3530430155,250905.19,82905.19,49.35
458000.0,47.7509,-122.056,826069016,661972.44,203972.44,44.54
467000.0,47.6801,-122.348,3362401758,486659.82,19659.82,4.21
472500.0,47.547,-121.997,3630060070,360179.68,-112320.32,-23.77
576000.0,47.5866,-122.175,6205500280,562581.95,-13418.05,-2.33
570000.0,47.6987,-122.231,3760500435,870348.63,300348.63,52.69
600600.0,47.4349,-122.328,9325200120,508142.57,-92457.43,-15.39
649950.0,47.4167,-121.936,522079067,485067.75,-164882.25,-25.37
322400.0,47.4706,-122.1,7230400430,428209.59,105809.59,32.82
1180000.0,47.38,-122.011,2322069010,836492.88,-343507.12,-29.11
1440000.0,47.61600000000001,-122.218,5494000040,988563.84,-451436.16,-31.35
452000.0,47.545,-122.36,3438501583,560784.13,108784.13,24.07
471000.0,47.6458,-121.904,8161020060,400098.82,-70901.18,-15.05
344000.0,47.3626,-122.04,9406530150,355760.75,11760.75,3.42
385000.0,47.5549,-122.292,2742100009,475804.11,90804.11,23.59
570000.0,47.5714,-122.005,3905120540,440834.56,-129165.44,-22.66
385000.0,47.6348,-122.032,6817800630,295110.4,-89889.6,-23.35
222000.0,47.3683,-122.147,5470100220,260445.82,38445.82,17.32
509900.0,47.6546,-122.049,7511200020,478812.98,-31087.02,-6.1
360000.0,47.5588,-122.301,4174600055,546519.02,186519.02,51.81
923990.0,47.7053,-122.126,2937300440,995219.1,71229.1,7.71
717000.0,47.5608,-122.016,1149900050,720922.76,3922.76,0.55
674000.0,47.6745,-122.287,8815400165,600017.64,-73982.36,-10.98
260000.0,47.395,-122.176,1761300110,291564.81,31564.81,12.14
226740.0,47.2927,-122.183,2599200830,259718.33,32978.33,14.54
299500.0,47.4629,-121.743,7334501410,235735.45,-63764.55,-21.29
648475.0,47.6406,-122.344,3528900980,681998.83,33523.83,5.17
362000.0,47.7372,-122.221,3578700073,414535.6,52535.6,14.51
690000.0,47.5271,-122.381,1781500220,597105.09,-92894.91,-13.46
320000.0,47.26600000000001,-122.307,7212651210,272740.08,-47259.92,-14.77
490000.0,47.6779,-122.377,7518500301,406459.62,-83540.38,-17.05
203000.0,47.2896,-122.369,5029451080,242796.78,39796.78,19.6
729000.0,47.5489,-122.185,1999600320,766255.5,37255.5,5.11
651000.0,47.327,-122.094,721069087,639742.98,-11257.02,-1.73
1390000.0,47.62600000000001,-122.213,2566300100,947671.3,-442328.7,-31.82
509000.0,47.7446,-122.249,3579000800,701004.82,192004.82,37.72
590000.0,47.459,-122.118,9558050230,849178.01,259178.01,43.93
270000.0,47.4501,-122.274,5379804537,312869.03,42869.03,15.88
240000.0,47.4915,-122.338,7889602020,276148.8,36148.8,15.06
196000.0,47.2976,-122.271,3751600176,239172.87,43172.87,22.03
354950.0,47.719,-122.321,6413600276,374785.95,19835.95,5.59
950000.0,47.5261,-122.144,7135520610,1307422.65,357422.65,37.62
285000.0,47.7218,-122.356,9158100116,319407.96,34407.96,12.07
446000.0,47.7762,-122.257,8663100050,489246.17,43246.17,9.7
550000.0,47.5582,-122.139,2141300620,636392.96,86392.96,15.71
640000.0,47.51600000000001,-122.203,1644500450,671063.29,31063.29,4.85
179000.0,47.4488,-122.274,5379805495,213237.18,34237.18,19.13
600000.0,47.7437,-122.287,6744700285,752111.07,152111.07,25.35
347500.0,47.3126,-122.043,6791400800,243356.78,-104143.22,-29.97
1280000.0,47.6604,-122.289,9822700190,932087.91,-347912.09,-27.18
220000.0,47.4852,-122.251,1423049019,209728.15,-10271.85,-4.67
194990.0,47.5335,-122.272,1443500305,318575.04,123585.04,63.38
319000.0,47.2938,-122.348,1321710460,255379.36,-63620.64,-19.94
1400000.0,47.6388,-122.409,1370800935,957500.13,-442499.87,-31.61
250000.0,47.4653,-122.338,1221000395,231286.01,-18713.99,-7.49
447000.0,47.682,-122.035,7202330330,355254.23,-91745.77,-20.52
749000.0,47.684,-122.386,6021503840,424527.7,-324472.3,-43.32
375000.0,47.7578,-122.094,1775950030,441828.56,66828.56,17.82
1210000.0,47.6762,-122.267,8924100370,1261191.96,51191.96,4.23
870000.0,47.6655,-122.363,475001235,839843.49,-30156.51,-3.47
639500.0,47.6327,-122.097,1036000610,586497.65,-53002.35,-8.29
470500.0,47.7484,-122.237,5634500201,474350.74,3850.74,0.82
968000.0,47.5739,-122.069,5569700075,1083839.72,115839.72,11.97
1540000.0,47.6321,-122.2,249000205,1722455.15,182455.15,11.85
535000.0,47.4585,-122.13,8856900310,682974.35,147974.35,27.66
249000.0,47.3577,-122.16,5466410030,245854.93,-3145.07,-1.26
600000.0,47.6754,-122.359,9287801150,491167.97,-108832.03,-18.14
299500.0,47.3406,-122.057,7843500090,333011.67,33511.67,11.19
579000.0,47.3401,-121.946,521079025,688528.19,109528.19,18.92
723000.0,47.5413,-121.877,7852120030,694505.49,-28494.51,-3.94
213000.0,47.4481,-122.278,5379805120,230451.72,17451.72,8.19
152500.0,47.3467,-122.307,4222310010,162962.75,10462.75,6.86
361600.0,47.6914,-122.31,5101400994,343879.37,-17720.63,-4.9
255000.0,47.3944,-122.187,2212200050,259897.69,4897.69,1.92
560000.0,47.5198,-122.389,2487200279,537470.2,-22529.8,-4.02
325000.0,47.5692,-122.295,1624049228,580923.22,255923.22,78.75
1930000.0,47.6377,-122.212,8081500060,1833003.23,-96996.77,-5.03
517000.0,47.6118,-122.299,1189000910,604485.7,87485.7,16.92
320000.0,47.5376,-122.371,8122101146,355621.44,35621.44,11.13
308000.0,47.275,-122.295,5205000250,298380.8,-9619.2,-3.12
315000.0,47.4629,-122.187,7399301050,328467.81,13467.81,4.28
442500.0,47.7346,-121.97,3296900160,446990.46,4490.46,1.01
385000.0,47.5686,-122.315,5680000750,602295.76,217295.76,56.44
418800.0,47.7365,-122.242,3649100315,507917.93,89117.93,21.28
265500.0,47.2576,-122.214,4137040060,313481.48,47981.48,18.07
335000.0,47.7038,-122.348,6145600780,439306.74,104306.74,31.14
265000.0,47.4576,-122.16,2473250280,337522.37,72522.37,27.37
507000.0,47.4296,-122.111,7702600160,471747.23,-35252.77,-6.95
800000.0,47.6249,-122.206,2925059260,926562.16,126562.16,15.82
385000.0,47.7575,-122.361,5587000010,469042.3,84042.3,21.83
825000.0,47.6313,-122.204,685000265,712965.07,-112034.93,-13.58
560000.0,47.295,-122.086,1921069082,451546.5,-108453.5,-19.37
355000.0,47.5122,-122.181,9202500150,438834.26,83834.26,23.62
630000.0,47.6493,-122.401,6822100155,513441.83,-116558.17,-18.5
635000.0,47.5446,-122.017,3629700030,450778.84,-184221.16,-29.01
389999.0,47.4281,-122.343,6113400046,335483.97,-54515.03,-13.98
210000.0,47.4999,-122.268,3348401584,297716.62,87716.62,41.77
675000.0,47.6503,-122.198,2432000130,602881.65,-72118.35,-10.68
213500.0,47.4931,-122.298,257000057,328374.68,114874.68,53.81
1330000.0,47.6329,-122.31,2125049024,1072030.15,-257969.85,-19.4
328000.0,47.2581,-122.2,7299600700,296712.7,-31287.3,-9.54
305000.0,47.3082,-122.372,9510900630,214608.0,-90392.0,-29.64
525126.0,47.6159,-122.114,4038700720,522337.4,-2788.6,-0.53
349000.0,47.4346,-122.201,2641400290,374405.98,25405.98,7.28
210000.0,47.5035,-122.36,6303401365,286801.05,76801.05,36.57
304400.0,47.3075,-122.359,104560120,228828.29,-75571.71,-24.83
383000.0,47.7527,-122.082,1628700107,361309.4,-21690.6,-5.66
747450.0,47.6088,-122.311,2255500123,669058.39,-78391.61,-10.49
371000.0,47.5418,-121.962,3024079069,306906.7,-64093.3,-17.28
465000.0,47.7467,-122.339,415100010,513908.56,48908.56,10.52
203000.0,47.4864,-122.317,7460000015,259865.63,56865.63,28.01
1430000.0,47.6292,-122.225,9290900160,1410111.66,-19888.34,-1.39
237500.0,47.7389,-122.324,2634500005,276867.21,39367.21,16.58
1580000.0,47.6815,-122.2,3885806105,1307018.49,-272981.51,-17.28
712000.0,47.6351,-122.06,7504030220,727447.9,15447.9,2.17
305000.0,47.333,-122.345,621049103,230823.78,-74176.22,-24.32
362362.0,47.5535,-122.269,1231001090,298618.2,-63743.8,-17.59
230000.0,47.459,-122.181,1423400160,229357.49,-642.51,-0.28
2920000.0,47.6263,-122.284,5317100750,2226192.05,-693807.95,-23.76
410000.0,47.479,-122.356,3541600210,423658.01,13658.01,3.33
635000.0,47.6727,-122.293,1870400615,633620.09,-1379.91,-0.22
380500.0,47.6929,-122.342,993000873,444511.36,64011.36,16.82
499950.0,47.7707,-122.35,2228900161,554162.74,54212.74,10.84
200000.0,47.4802,-122.335,4337000070,231422.07,31422.07,15.71
508000.0,47.6623,-122.141,8123450300,605740.1,97740.1,19.24
240000.0,47.5105,-122.36,7211402305,302644.44,62644.44,26.1
525000.0,47.5661,-122.29,1604601803,694769.43,169769.43,32.34
230000.0,47.1776,-122.011,3520069033,508709.32,278709.32,121.18
925000.0,47.6701,-122.339,9551201155,955669.93,30669.93,3.32
468000.0,47.7245,-121.959,808300200,478694.01,10694.01,2.29
263000.0,47.3538,-122.047,2310030500,288490.79,25490.79,9.69
260000.0,47.3943,-122.196,3388000040,265250.27,5250.27,2.02
475000.0,47.7331,-122.183,3288301410,622229.36,147229.36,31.0
320000.0,47.6931,-122.342,993000950,419285.26,99285.26,31.03
253500.0,47.3715,-122.16,7763400035,275801.11,22301.11,8.8
589950.0,47.7035,-122.164,7524400250,666499.55,76549.55,12.98
419700.0,47.5694,-122.387,7905200061,423993.98,4293.98,1.02
790000.0,47.6154,-122.168,1159400220,950005.48,160005.48,20.25
229999.0,47.3652,-122.09,8651440230,243821.52,13822.52,6.01
359000.0,47.6961,-122.349,3126049500,448343.64,89343.64,24.89
704111.0,47.7021,-122.233,3261000080,758927.47,54816.47,7.79
595000.0,47.5241,-122.193,3345700215,839768.47,244768.47,41.14
325000.0,47.4849,-122.184,4307340490,392522.26,67522.26,20.78
635000.0,47.6858,-122.336,2883200524,529402.79,-105597.21,-16.63
237000.0,47.4324,-122.197,646910160,289259.47,52259.47,22.05
500000.0,47.5622,-122.292,6056110150,692561.78,192561.78,38.51
245000.0,47.6951,-122.343,9524100207,290998.17,45998.17,18.77
399950.0,47.5511,-122.373,9284801500,491365.56,91415.56,22.86
525000.0,47.7737,-122.235,9578060540,549907.84,24907.84,4.74
657500.0,47.6157,-122.174,7971300050,701314.22,43814.22,6.66
439000.0,47.4343,-122.156,1473120390,565711.4,126711.4,28.86
250000.0,47.5292,-122.269,3336000296,306770.47,56770.47,22.71
995000.0,47.5522,-122.103,4139460390,1248026.91,253026.91,25.43
252000.0,47.4408,-122.461,3123039089,259372.83,7372.83,2.93
320000.0,47.4643,-122.346,1220000367,365179.33,45179.33,14.12
365000.0,47.3107,-122.001,844001052,267173.66,-97826.34,-26.8
743000.0,47.5402,-122.216,2581900036,671018.18,-71981.82,-9.69
869950.0,47.5923,-122.058,1853080790,774010.97,-95939.03,-11.03
320000.0,47.7599,-122.343,7276100282,559460.38,239460.38,74.83
805000.0,47.5381,-121.86,7853280370,749315.5,-55684.5,-6.92
604000.0,47.5752,-121.995,3905000200,525145.85,-78854.15,-13.06
272000.0,47.1952,-121.986,6802200670,355633.93,83633.93,30.75
799000.0,47.355,-122.319,3222049159,649697.9,-149302.1,-18.69
550000.0,47.407,-122.216,722059020,806855.44,256855.44,46.7
235000.0,47.3472,-122.11,3622059155,287872.02,52872.02,22.5
315000.0,47.3505,-122.032,7437100210,283456.73,-31543.27,-10.01
563000.0,47.6606,-122.365,124000160,467702.9,-95297.1,-16.93
635000.0,47.6339,-122.124,7752000090,733255.83,98255.83,15.47
580000.0,47.6301,-122.103,267020090,678485.59,98485.59,16.98
489950.0,47.5492,-122.276,3332500085,671596.25,181646.25,37.07
276000.0,47.2877,-122.283,1687000240,285313.16,9313.16,3.37
249000.0,47.717,-122.19,3057000400,356479.53,107479.53,43.16
386000.0,47.3524,-122.175,1329300070,342294.05,-43705.95,-11.32
455000.0,47.7212,-122.226,2888000020,481500.56,26500.56,5.82
753000.0,47.664,-121.993,1125069086,808096.05,55096.05,7.32
267500.0,47.3514,-122.167,8091410080,258595.96,-8904.04,-3.33
400000.0,47.6321,-122.034,6817801410,306990.29,-93009.71,-23.25
468000.0,47.5565,-122.275,3335000025,423392.59,-44607.41,-9.53
661000.0,47.5638,-122.38,952004875,656178.3,-4821.7,-0.73
941500.0,47.7757,-122.391,226039316,919148.35,-22351.65,-2.37
535000.0,47.7092,-121.892,2726079061,597290.84,62290.84,11.64
299000.0,47.3192,-122.287,5515600075,296037.26,-2962.74,-0.99
255000.0,47.4485,-121.774,9407001700,237988.43,-17011.57,-6.67
305000.0,47.3661,-122.02,9542840570,251496.98,-53503.02,-17.54
335000.0,47.5731,-122.135,2202500255,397212.15,62212.15,18.57
556000.0,47.6678,-122.165,1241500147,659722.72,103722.72,18.66
180000.0,47.5118,-122.348,623049094,269699.25,89699.25,49.83
340000.0,47.3595,-122.323,9536601295,337095.3,-2904.7,-0.85
662990.0,47.5797,-122.405,6372000060,439491.32,-223498.68,-33.71
665000.0,47.5442,-122.396,7436000205,505265.49,-159734.51,-24.02
385000.0,47.5312,-122.04,2824069180,315370.13,-69629.87,-18.09
539950.0,47.6243,-122.094,8563030500,602628.71,62678.71,11.61
955000.0,47.7064,-121.981,2526069095,1213616.54,258616.54,27.08
370000.0,47.7159,-122.165,2592400400,408193.67,38193.67,10.32
605000.0,47.7422,-122.245,1326049130,646292.39,41292.39,6.83
512500.0,47.7682,-122.261,4140090110,573119.01,60619.01,11.83
235000.0,47.4337,-122.329,3223049073,234201.14,-798.86,-0.34
430000.0,47.3686,-122.059,3303860160,474809.44,44809.44,10.42
370000.0,47.7438,-122.315,3432500760,405049.19,35049.19,9.47
234999.0,47.4493,-122.274,5379805475,239935.06,4936.06,2.1
295000.0,47.3552,-122.015,5104510540,274050.23,-20949.77,-7.1
1150000.0,47.6201,-122.222,3323500010,985993.94,-164006.06,-14.26
390000.0,47.7401,-122.258,8718500275,480748.87,90748.87,23.27
402500.0,47.6966,-122.35,789000520,430958.63,28458.63,7.07
475000.0,47.6599,-122.135,3882300090,425239.88,-49760.12,-10.48
349500.0,47.7489,-122.3,4025300360,392615.44,43115.44,12.34
281000.0,47.2672,-122.313,7212660900,304307.75,23307.75,8.29
274975.0,47.7721,-122.093,3530210260,773842.5,498867.5,181.42
365000.0,47.5572,-122.282,1702901500,370223.33,5223.33,1.43
499950.0,47.6898,-122.326,2061100435,504175.82,4225.82,0.85
420000.0,47.5649,-122.38,952003435,396451.34,-23548.66,-5.61
320000.0,47.2575,-122.312,3275300040,271568.72,-48431.28,-15.13
459000.0,47.5677,-122.003,8665050220,404740.22,-54259.78,-11.82
759900.0,47.7066,-122.115,9526600710,757522.5,-2377.5,-0.31
325000.0,47.5495,-122.357,3438500880,274203.1,-50796.9,-15.63
377500.0,47.5441,-122.39,7625704317,269601.54,-107898.46,-28.58
746000.0,47.5995,-122.198,2591700037,642577.99,-103422.01,-13.86
2580000.0,47.6242,-122.239,2260300060,2033428.62,-546571.38,-21.18
305000.0,47.4852,-122.164,1079350020,324466.34,19466.34,6.38
354000.0,47.7186,-122.218,1727500010,429444.48,75444.48,21.31
190000.0,47.6888,-121.909,3326079016,428234.84,238234.84,125.39
524950.0,47.5524,-121.996,3629970680,331338.12,-193611.88,-36.88
738000.0,47.4384,-122.347,6117502727,674974.69,-63025.31,-8.54
600000.0,47.7588,-122.27,8832900120,688501.67,88501.67,14.75
1330000.0,47.6773,-122.403,486000510,1081957.11,-248042.89,-18.65
339000.0,47.6384,-121.969,203900610,303370.8,-35629.2,-10.51
1050000.0,47.6595,-122.147,7732650120,988661.78,-61338.22,-5.84
647500.0,47.7597,-122.263,8832900780,516349.76,-131150.24,-20.25
470000.0,47.7351,-121.964,1313300340,526656.76,56656.76,12.05
515000.0,47.5463,-122.272,8113101582,597468.74,82468.74,16.01
358000.0,47.3565,-122.015,5104510340,268617.97,-89382.03,-24.97
855000.0,47.5603,-122.222,2757000030,793492.68,-61507.32,-7.19
640000.0,47.6179,-122.318,6003500743,642277.53,2277.53,0.36
1080000.0,47.6367,-121.958,203100690,637932.13,-442067.87,-40.93
496000.0,47.4777,-121.763,1523089097,329724.32,-166275.68,-33.52
269950.0,47.4802,-122.279,2612000390,449878.7,179928.7,66.65
325000.0,47.5158,-122.281,323049176,481105.59,156105.59,48.03
350000.0,47.7624,-121.93,1558100398,467428.32,117428.32,33.55
1420000.0,47.5456,-122.126,4139900120,1734046.53,314046.53,22.12
271000.0,47.4664,-121.747,7334401040,220088.43,-50911.57,-18.79
367000.0,47.2582,-121.935,3221079055,328958.99,-38041.01,-10.37
323000.0,47.3511,-122.058,2215900410,298804.38,-24195.62,-7.49
6890000.0,47.6305,-122.24,9208900037,5229990.06,-1660009.94,-24.09
450000.0,47.6825,-122.391,9165100130,357660.13,-92339.87,-20.52
290000.0,47.4339,-122.512,3523029041,87638.21,-202361.79,-69.78
900000.0,47.6803,-122.387,7518508625,498047.85,-401952.15,-44.66
440000.0,47.6819,-122.161,6838000520,438095.3,-1904.7,-0.43
395000.0,47.4512,-122.208,9485750240,508989.73,113989.73,28.86
770000.0,47.4664,-121.992,2423069170,599182.71,-170817.29,-22.18
200000.0,47.2757,-122.145,3668000670,259795.83,59795.83,29.9
535000.0,47.587,-122.294,1695900060,543245.71,8245.71,1.54
375000.0,47.5491,-122.268,8952900260,426348.39,51348.39,13.69
283500.0,47.3787,-122.323,2560805440,209704.18,-73795.82,-26.03
287000.0,47.2137,-121.989,2420069278,323606.65,36606.65,12.75
228800.0,47.5275,-122.271,2123700015,345725.32,116925.32,51.1
480000.0,47.7691,-122.167,6662410250,480267.23,267.23,0.06
763000.0,47.6885,-122.381,546001060,577845.91,-185154.09,-24.27
731781.0,47.69300000000001,-122.133,5569620410,845728.95,113947.95,15.57
522500.0,47.62300000000001,-122.105,8563000250,554387.48,31887.48,6.1
650000.0,47.744,-122.194,4178600100,737989.33,87989.33,13.54
289950.0,47.3668,-122.031,3793500550,284912.06,-5037.94,-1.74
920000.0,47.6571,-122.281,4217401195,896500.28,-23499.72,-2.55
495000.0,47.5049,-122.155,1776230190,693852.35,198852.35,40.17
420000.0,47.7583,-122.339,3705900292,469985.58,49985.58,11.9
287500.0,47.4799,-122.232,7471900045,316758.23,29258.23,10.18
311000.0,47.5482,-122.294,829000160,491899.04,180899.04,58.17
329950.0,47.2654,-122.217,4137000540,287511.19,-42438.81,-12.86
249000.0,47.4538,-122.288,4435000490,348739.24,99739.24,40.06
980000.0,47.5359,-122.069,8562720230,1199068.76,219068.76,22.35
350000.0,47.5366,-122.289,3031200230,479587.27,129587.27,37.02
606000.0,47.6718,-122.359,455000395,455884.27,-150115.73,-24.77
385000.0,47.4406,-122.146,1402200340,377540.99,-7459.01,-1.94
384000.0,47.5327,-121.871,7852150120,265409.45,-118590.55,-30.88
635000.0,47.5772,-122.013,3904960910,564955.48,-70044.52,-11.03
530000.0,47.7727,-122.237,9578060370,550084.12,20084.12,3.79
855000.0,47.5754,-122.071,7768800290,747066.17,-107933.83,-12.62
620000.0,47.5683,-122.396,9161100730,499275.38,-120724.62,-19.47
1440000.0,47.5499,-122.264,8835900220,1208299.84,-231700.16,-16.09
600000.0,47.7529,-122.116,3663000070,515673.43,-84326.57,-14.05
308000.0,47.3818,-122.225,1922059046,252589.4,-55410.6,-17.99
970000.0,47.543,-122.266,1102000514,907486.01,-62513.99,-6.44
1280000.0,47.6427,-122.397,8127700390,1130541.01,-149458.99,-11.68
400000.0,47.6914,-122.287,6844702290,463435.73,63435.73,15.86
311000.0,47.7077,-122.314,1160000255,392373.02,81373.02,26.16
278000.0,47.4657,-121.747,7334401000,225698.8,-52301.2,-18.81
269000.0,47.7316,-122.338,6450303235,358737.19,89737.19,33.36
287000.0,47.4361,-122.189,9117000230,335182.49,48182.49,16.79
390000.0,47.7143,-122.32,6413100311,411414.81,21414.81,5.49
922755.0,47.6178,-122.055,293070270,875583.13,-47171.87,-5.11
1100000.0,47.6356,-122.15,2225059170,1117568.86,17568.86,1.6
2570000.0,47.6646,-122.208,825059178,2199524.36,-370475.64,-14.42
415000.0,47.5728,-122.388,1493300115,396892.54,-18107.46,-4.36
1700000.0,47.5849,-122.29,6738700335,1499575.32,-200424.68,-11.79
178500.0,47.5077,-122.344,5147600105,241114.84,62614.84,35.08
194000.0,47.5472,-122.372,3278602660,358045.88,164045.88,84.56
494000.0,47.7734,-122.237,9578060470,551741.45,57741.45,11.69
302200.0,47.4497,-122.168,7229100180,308550.62,6350.62,2.1
670950.0,47.6726,-122.38,2767603210,513674.55,-157275.45,-23.44
200000.0,47.4269,-122.197,6623400246,259851.37,59851.37,29.93
871000.0,47.6732,-122.4,3096000040,531988.57,-339011.43,-38.92
206000.0,47.2787,-122.205,7345000120,243131.07,37131.07,18.02
595000.0,47.7372,-122.316,6632900574,535232.97,-59767.03,-10.04
1480000.0,47.6295,-122.32,6762700515,1063947.96,-416052.04,-28.11
280500.0,47.3078,-122.337,9264910280,241649.85,-38850.15,-13.85
230000.0,47.7481,-122.3,3996900125,347640.61,117640.61,51.15
539500.0,47.701,-122.231,3261020080,691479.55,151979.55,28.17
353250.0,47.5888,-122.294,6909700437,403298.05,50048.05,14.17
2240000.0,47.5371,-121.982,2524069097,2027484.48,-212515.52,-9.49
635000.0,47.6796,-122.39,1254200615,422069.76,-212930.24,-33.53
419000.0,47.7191,-122.023,8682291940,371117.47,-47882.53,-11.43
255000.0,47.2616,-122.281,3750605247,243904.55,-11095.45,-4.35
320000.0,47.3588,-122.038,5416500840,371908.95,51908.95,16.22
351000.0,47.7343,-122.22,5632500110,383725.47,32725.47,9.32
524500.0,47.6796,-122.393,1254201106,496019.13,-28480.87,-5.43
295000.0,47.3926,-122.166,5469700020,307572.15,12572.15,4.26
670000.0,47.6888,-122.201,1245001763,657835.06,-12164.94,-1.82
575000.0,47.7121,-122.332,2926049086,680750.48,105750.48,18.39
850000.0,47.6749,-122.002,225069017,624304.0,-225696.0,-26.55
285000.0,47.3406,-122.269,3328500250,294934.97,9934.97,3.49
925000.0,47.7517,-122.225,7018000560,950633.65,25633.65,2.77
560000.0,47.691,-122.387,6383000825,552661.5,-7338.5,-1.31
412000.0,47.3533,-122.015,5104512070,374755.44,-37244.56,-9.04
1890000.0,47.5873,-122.202,824059042,1530640.45,-359359.55,-19.01
670000.0,47.5746,-122.289,9834200390,500233.8,-169766.2,-25.34
201000.0,47.529,-121.837,7994700030,273851.92,72851.92,36.24
1080000.0,47.6097,-122.287,9184700535,1222819.38,142819.38,13.22
539950.0,47.6987,-122.365,2705600067,441147.63,-98802.37,-18.3
207000.0,47.3215,-122.351,4168000110,231061.15,24061.15,11.62
650000.0,47.6236,-122.306,4400200060,559362.11,-90637.89,-13.94
1100000.0,47.6956,-122.392,3526039160,991029.56,-108970.44,-9.91
206000.0,47.3771,-122.287,1555200590,227312.59,21312.59,10.35
523950.0,47.6533,-122.346,1972201963,519945.24,-4004.76,-0.76
830000.0,47.654,-122.342,8032700140,806636.98,-23363.02,-2.81
875000.0,47.6476,-122.32,1962200475,837067.05,-37932.95,-4.34
290000.0,47.5149,-122.257,7129302185,296017.76,6017.76,2.08
216000.0,47.4401,-122.279,3423049311,220356.68,4356.68,2.02
495000.0,47.5485,-122.302,7857003465,662691.27,167691.27,33.88
925000.0,47.6807,-122.267,9294300615,1002420.63,77420.63,8.37
660000.0,47.6805,-122.385,7518506595,671506.53,11506.53,1.74
1270000.0,47.6402,-122.171,1727850340,1358602.79,88602.79,6.98
397000.0,47.7351,-122.189,9477000650,497659.58,100659.58,25.36
920000.0,47.5874,-122.387,9274200365,847556.84,-72443.16,-7.87
150000.0,47.5293,-122.351,2113701095,266970.82,116970.82,77.98
353000.0,47.3828,-122.211,3375800220,335054.13,-17945.87,-5.08
341000.0,47.4451,-122.136,2473510090,402022.77,61022.77,17.9
600000.0,47.6198,-122.105,1066000290,616876.23,16876.23,2.81
760000.0,47.6945,-122.292,5652600065,678156.89,-81843.11,-10.77
415000.0,47.5086,-122.258,393000045,600533.43,185533.43,44.71
280500.0,47.4283,-122.323,4438000075,270053.2,-10446.8,-3.72
1600000.0,47.70399999999999,-122.245,3761100180,1763634.87,163634.87,10.23
539000.0,47.7382,-121.975,255520150,637708.25,98708.25,18.31
660000.0,47.7446,-122.193,4178600040,728385.37,68385.37,10.36
391000.0,47.4861,-122.161,2325400170,404022.07,13022.07,3.33
310000.0,47.355,-122.059,3023000050,324968.34,14968.34,4.83
640000.0,47.5595,-122.019,1150000200,634291.33,-5708.67,-0.89
425000.0,47.5158,-121.873,7853360620,282523.85,-142476.15,-33.52
749400.0,47.719,-122.114,4188000670,970859.32,221459.32,29.55
1260000.0,47.5909,-122.384,9273200145,1384946.94,124946.94,9.92
733000.0,47.6816,-122.31,9547205260,619264.64,-113735.36,-15.52
563950.0,47.4857,-122.153,5045700470,613654.04,49704.04,8.81
506000.0,47.6853,-122.293,7977200995,430814.02,-75185.98,-14.86
515000.0,47.6668,-122.285,2436700655,537224.47,22224.47,4.32
825000.0,47.682,-122.348,3362400640,625295.06,-199704.94,-24.21
385000.0,47.6273,-122.062,7715800570,306746.45,-78253.55,-20.33
535000.0,47.7163,-122.229,6301800020,570485.24,35485.24,6.63
865000.0,47.5432,-121.952,2924079044,823228.92,-41771.08,-4.83
467000.0,47.7428,-122.183,7016310270,498270.66,31270.66,6.7
325000.0,47.532,-121.761,2424410110,248444.83,-76555.17,-23.56
430000.0,47.7351,-122.323,7568700740,596493.43,166493.43,38.72
294350.0,47.5238,-122.355,7899800120,315948.41,21598.41,7.34
327000.0,47.359,-122.082,1760650880,281741.13,-45258.87,-13.84
620000.0,47.5832,-122.02,1024069063,440732.56,-179267.44,-28.91
1600000.0,47.544,-122.126,2624059036,1628231.59,28231.59,1.76
210000.0,47.5093,-122.184,3542300060,260079.18,50079.18,23.85
457000.0,47.5331,-121.855,7853220610,412328.63,-44671.37,-9.77
590000.0,47.5441,-122.172,6308000020,695059.55,105059.55,17.81
585000.0,47.7623,-122.165,7859960250,693822.91,108822.91,18.6
1200000.0,47.7735,-122.386,7281300010,1038125.92,-161874.08,-13.49
550000.0,47.5204,-122.206,3342101785,663083.3,113083.3,20.56
490000.0,47.5689,-122.393,5742600090,335919.79,-154080.21,-31.44
450000.0,47.6911,-122.348,6046401105,430921.04,-19078.96,-4.24
264950.0,47.4935,-122.333,1446800181,312841.87,47891.87,18.08
1330000.0,47.6292,-122.312,1337800665,1316454.15,-13545.85,-1.02
200000.0,47.3191,-122.18,3056700150,243233.67,43233.67,21.62
299950.0,47.7372,-121.981,2131701410,308271.26,8321.26,2.77
823000.0,47.6802,-122.361,1623300055,628169.23,-194830.77,-23.67
485000.0,47.4823,-121.772,1442870420,342064.72,-142935.28,-29.47
313100.0,47.5068,-122.191,3343901848,442289.65,129189.65,41.26
1080000.0,47.5458,-122.227,2469000010,809721.58,-270278.42,-25.03
677100.0,47.6496,-122.083,3275890310,730288.0,53188.0,7.86
461500.0,47.5339,-122.284,3395070980,697918.25,236418.25,51.23
240000.0,47.3729,-122.295,1951100110,224792.93,-15207.07,-6.34
285000.0,47.5441,-122.304,3058600050,371814.28,86814.28,30.46
291500.0,47.3592,-122.076,8648220270,242463.23,-49036.77,-16.82
425000.0,47.6363,-122.368,7011201106,364867.0,-60133.0,-14.15
850000.0,47.7187,-122.024,8682292190,628692.53,-221307.47,-26.04
580000.0,47.7338,-122.169,3876311490,687425.2,107425.2,18.52
340500.0,47.5007,-122.223,1180000885,699555.0,359055.0,105.45
860000.0,47.7067,-122.131,3825310180,1208099.36,348099.36,40.48
225000.0,47.317,-122.325,7941600390,238194.16,13194.16,5.86
506400.0,47.5329,-122.173,6388910360,586983.38,80583.38,15.91
373000.0,47.7358,-122.319,6703700025,424949.63,51949.63,13.93
325000.0,47.5135,-122.257,7129302235,386391.85,61391.85,18.89
650000.0,47.6726,-122.298,1868901190,647139.2,-2860.8,-0.44
277950.0,47.2676,-122.256,1389600080,241906.6,-36043.4,-12.97
313000.0,47.5961,-122.305,7128300855,484079.85,171079.85,54.66
635000.0,47.5446,-122.017,3629700090,446455.63,-188544.37,-29.69
564950.0,47.7401,-122.226,3574770030,643396.73,78446.73,13.89
214946.0,47.3655,-122.08,2916600110,252457.85,37511.85,17.45
270000.0,47.3598,-122.157,5466750140,258585.72,-11414.28,-4.23
182568.0,47.5669,-122.297,6056100160,421566.68,238998.68,130.91
280500.0,47.4118,-122.314,2008000420,268116.39,-12383.61,-4.41
412500.0,47.5206,-121.868,7853320950,256407.47,-156092.53,-37.84
257000.0,47.552,-122.29,9331800580,331797.99,74797.99,29.1
659950.0,47.6423,-122.375,2770604079,627208.04,-32741.96,-4.96
233500.0,47.2903,-122.214,7140600190,226019.49,-7480.51,-3.2
580000.0,47.5782,-122.292,5700001100,705856.12,125856.12,21.7
470000.0,47.7735,-122.273,3459000050,528507.53,58507.53,12.45
1060000.0,47.6102,-121.993,1437580600,1037122.03,-22877.97,-2.16
320000.0,47.5497,-122.295,7857001225,436632.27,116632.27,36.45
3300000.0,47.5675,-122.189,6072800246,2816765.24,-483234.76,-14.64
1070000.0,47.5884,-122.291,1250202145,1164814.8,94814.8,8.86
718500.0,47.7029,-122.171,2564900470,814401.52,95901.52,13.35
450000.0,47.5478,-122.0,3630000080,324305.15,-125694.85,-27.93
268000.0,47.4725,-122.187,2475200080,310370.74,42370.74,15.81
419000.0,47.5049,-122.239,4058800135,402298.03,-16701.97,-3.99
246000.0,47.3155,-122.364,1938400040,264132.35,18132.35,7.37
295000.0,47.755,-122.317,6163901383,281615.43,-13384.57,-4.54
300000.0,47.7276,-122.307,6381502155,396597.85,96597.85,32.2
810000.0,47.6821,-122.267,9294300495,851144.74,41144.74,5.08
465750.0,47.6357,-122.123,7376300060,425668.37,-40081.63,-8.61
538500.0,47.536,-121.877,7852090180,427031.43,-111468.57,-20.7
670000.0,47.6603,-122.087,9510910250,602831.64,-67168.36,-10.03
765000.0,47.69,-122.097,3275870080,892507.2,127507.2,16.67
819000.0,47.3429,-122.33,521049200,568974.41,-250025.59,-30.53
775000.0,47.6496,-122.041,1668500100,949419.05,174419.05,22.51
279900.0,47.3215,-122.399,3210200395,226438.2,-53461.8,-19.1
335000.0,47.5181,-122.364,3624039150,302093.54,-32906.46,-9.82
440000.0,47.5689,-122.284,8121100255,465918.02,25918.02,5.89
250000.0,47.349,-122.024,2781250610,212809.83,-37190.17,-14.88
385000.0,47.7733,-122.317,3971700580,378523.43,-6476.57,-1.68
242000.0,47.4807,-122.29,8864000425,352921.4,110921.4,45.84
895000.0,47.6393,-122.311,2125049139,1065278.77,170278.77,19.03
200000.0,47.4815,-122.339,1823049178,240006.76,40006.76,20.0
318000.0,47.4715,-122.33,7366100080,423609.82,105609.82,33.21
490600.0,47.3036,-122.34,7298000090,354127.03,-136472.97,-27.82
230000.0,47.3093,-122.385,8732030080,273866.05,43866.05,19.07
967000.0,47.6785,-122.351,2331300025,672982.24,-294017.76,-30.41
348000.0,47.5723,-122.309,3726800220,497818.08,149818.08,43.05
798800.0,47.5299,-122.203,518500610,819805.51,21005.51,2.63
255000.0,47.4565,-122.276,5379800500,217155.83,-37844.17,-14.84
765000.0,47.6033,-122.287,4003000053,901003.42,136003.42,17.78
260000.0,47.5159,-122.258,7129302555,327933.77,67933.77,26.13
900000.0,47.6445,-122.167,6669100070,1591708.41,691708.41,76.86
1110000.0,47.5655,-122.114,8965500880,1163165.98,53165.98,4.79
710000.0,47.6501,-122.395,6821600005,588192.1,-121807.9,-17.16
630500.0,47.6337,-122.28,5318101185,541954.78,-88545.22,-14.04
950000.0,47.6117,-122.164,2332700060,913035.24,-36964.76,-3.89
419950.0,47.4544,-122.36,3055800020,262240.55,-157709.45,-37.55
707000.0,47.4274,-122.28,239000155,640883.97,-66116.03,-9.35
1090000.0,47.56100000000001,-122.226,3317500030,1114120.28,24120.28,2.21
1150000.0,47.6427,-122.304,8805900430,832412.71,-317587.29,-27.62
335000.0,47.5329,-122.294,7338402690,402114.26,67114.26,20.03
215000.0,47.3248,-122.142,6600400370,215586.04,586.04,0.27
434900.0,47.6326,-122.033,6817800220,319584.88,-115315.12,-26.52
700000.0,47.5896,-122.083,7527200030,712281.99,12281.99,1.75
430000.0,47.3117,-122.254,3914000095,374151.39,-55848.61,-12.99
288000.0,47.452,-122.177,1432400335,235687.71,-52312.29,-18.16
1820000.0,47.6491,-122.201,1725059136,2020162.3,200162.3,11.0
817000.0,47.6431,-122.359,2652500285,710434.64,-106565.36,-13.04
226500.0,47.3586,-122.074,8648220150,254832.97,28332.97,12.51
294000.0,47.5684,-122.314,3679400474,403699.26,109699.26,37.31
545000.0,47.4054,-122.03,8567300140,594487.24,49487.24,9.08
498000.0,47.6949,-122.21,1245500286,364490.37,-133509.63,-26.81
210000.0,47.2105,-121.989,1917300260,284476.77,74476.77,35.47
371000.0,47.5241,-122.199,3342700610,429226.95,58226.95,15.69
380000.0,47.356,-122.057,3023000200,332558.97,-47441.03,-12.48
317500.0,47.2599,-122.256,629650030,242057.53,-75442.47,-23.76
1250000.0,47.5373,-122.224,5451200600,907152.82,-342847.18,-27.43
935000.0,47.7475,-122.364,7785350010,817596.85,-117403.15,-12.56
279000.0,47.4206,-122.155,322059264,335140.65,56140.65,20.12
365250.0,47.7611,-122.233,982850010,370550.6,5300.6,1.45
740000.0,47.644,-122.319,1959700550,867795.38,127795.38,17.27
370950.0,47.3738,-122.161,2222059052,341417.32,-29532.68,-7.96
323000.0,47.7404,-122.11,1775920350,336245.01,13245.01,4.1
259500.0,47.4179,-122.181,6624010010,263499.2,3999.2,1.54
351358.0,47.5526,-121.998,8929000060,294233.14,-57124.86,-16.26
254950.0,47.3676,-122.046,1545806720,260071.85,5121.85,2.01
805500.0,47.6245,-122.193,1266200015,613365.45,-192134.55,-23.85
360000.0,47.3304,-122.179,1865000040,397244.73,37244.73,10.35
725000.0,47.5072,-122.112,4309700190,789889.86,64889.86,8.95
262500.0,47.5164,-122.268,7131300031,381106.42,118606.42,45.18
605000.0,47.6878,-122.342,625049318,531703.67,-73296.33,-12.12
752000.0,47.5483,-122.261,8835400290,778370.17,26370.17,3.51
270500.0,47.3715,-122.29,7633400110,254837.24,-15662.76,-5.79
1320000.0,47.5487,-122.126,4139900210,1432517.55,112517.55,8.52
676000.0,47.6786,-122.389,2856101540,508505.83,-167494.17,-24.78
256500.0,47.4368,-122.165,984210170,337200.17,80700.17,31.46
212000.0,47.2057,-122.003,2320069089,277585.06,65585.06,30.94
189000.0,47.4497,-122.176,1432400065,211776.5,22776.5,12.05
425000.0,47.5454,-121.997,3629920300,258368.06,-166631.94,-39.21
359950.0,47.3898,-122.154,1786640030,368844.29,8894.29,2.47
168000.0,47.5264,-122.366,880000005,331819.5,163819.5,97.51
323000.0,47.6475,-122.397,6821102350,363332.6,40332.6,12.49
310000.0,47.4602,-122.171,1431700280,410369.03,100369.03,32.38
610000.0,47.5449,-122.215,3024059078,607588.42,-2411.58,-0.4
249000.0,47.5317,-122.37,8128700005,302459.78,53459.78,21.47
425000.0,47.5448,-122.32,2734101055,480105.84,55105.84,12.97
615000.0,47.7631,-122.093,1774230300,710626.52,95626.52,15.55
1010000.0,47.6782,-122.365,2880100160,887985.6,-122014.4,-12.08
249950.0,47.51300000000001,-122.358,7211400525,312450.84,62500.84,25.01
207000.0,47.4901,-122.303,923049378,363113.8,156113.8,75.42
472000.0,47.4304,-121.841,3123089027,474124.33,2124.33,0.45
500000.0,47.7721,-122.235,3818400050,578067.29,78067.29,15.61
540000.0,47.3545,-122.011,5104511250,458277.98,-81722.02,-15.13
259950.0,47.4658,-122.184,8645501091,313786.48,53836.48,20.71
525000.0,47.5637,-122.085,5423030300,508396.34,-16603.66,-3.16
465000.0,47.6683,-122.362,1225039052,616940.76,151940.76,32.68
555000.0,47.6775,-122.372,5200100125,554949.82,-50.18,-0.01
218000.0,47.4624,-122.185,1432600100,237618.21,19618.21,9.0
1300000.0,47.6763,-122.267,8924100372,1260971.98,-39028.02,-3.0
932800.0,47.6919,-122.294,5363200200,867375.76,-65424.24,-7.01
420000.0,47.588,-122.304,1822300040,419698.83,-301.17,-0.07
1410000.0,47.5617,-122.158,7856400300,1576447.63,166447.63,11.8
468000.0,47.773,-122.371,2110900050,480832.7,12832.7,2.74
399000.0,47.7623,-122.256,3815500045,525442.2,126442.2,31.69
235000.0,47.3604,-122.111,2569600150,224595.95,-10404.05,-4.43
1230000.0,47.7225,-122.126,2326059080,1207219.88,-22780.12,-1.85
473000.0,47.4065,-122.207,3791410210,742116.62,269116.62,56.9
1580000.0,47.5838,-122.246,5093301285,1155244.39,-424755.61,-26.88
181000.0,47.5798,-122.306,3080000005,443669.27,262669.27,145.12
450000.0,47.7088,-122.202,3558910490,503239.22,53239.22,11.83
761000.0,47.6235,-122.306,4400200057,700101.89,-60898.11,-8.0
297500.0,47.3131,-122.392,8732020440,235657.92,-61842.08,-20.79
560000.0,47.7099,-122.229,6977000080,757484.36,197484.36,35.27
349950.0,47.4486,-122.194,3811300110,312701.48,-37248.52,-10.64
203000.0,47.4167,-122.322,2946003580,248585.02,45585.02,22.46
149900.0,47.3782,-122.319,3530530110,254531.79,104631.79,69.8
390000.0,47.5302,-121.746,2624089181,275851.34,-114148.66,-29.27
326188.0,47.64,-121.966,203900380,270728.58,-55459.42,-17.0
300000.0,47.7248,-122.162,8835210130,363226.32,63226.32,21.08
475000.0,47.7035,-121.894,2726079103,654087.4,179087.4,37.7
725000.0,47.4782,-122.035,2616800480,705144.89,-19855.11,-2.74
255000.0,47.3099,-122.362,6386700300,222054.15,-32945.85,-12.92
385000.0,47.5659,-122.284,7950302150,348634.35,-36365.65,-9.45
432000.0,47.6136,-122.121,4038500330,458772.61,26772.61,6.2
260000.0,47.3498,-122.037,2025701360,269424.96,9424.96,3.62
293000.0,47.4608,-122.065,1471701470,298404.48,5404.48,1.84
728000.0,47.6205,-122.291,1778500015,740406.78,12406.78,1.7
540000.0,47.5164,-121.875,7853360480,323769.3,-216230.7,-40.04
120000.0,47.3865,-122.217,2621600015,221547.65,101547.65,84.62
475000.0,47.6522,-122.366,7443000985,492183.5,17183.5,3.62
750000.0,47.4996,-122.378,6329000190,1031180.29,281180.29,37.49
1620000.0,47.5605,-122.158,7856400240,1646481.73,26481.73,1.63
660000.0,47.6348,-122.06,7504030090,807262.51,147262.51,22.31
449228.0,47.5897,-122.179,424059100,840605.52,391377.52,87.12
335000.0,47.7355,-122.231,4189800050,381373.26,46373.26,13.84
530000.0,47.6323,-122.029,8078400010,475147.09,-54852.91,-10.35
1080000.0,47.5866,-122.116,7922900040,1211774.02,131774.02,12.2
847700.0,47.5503,-122.081,1778350160,1028657.65,180957.65,21.35
765000.0,47.6373,-122.042,1829300260,870536.61,105536.61,13.8
1380000.0,47.5503,-122.102,4139480200,1447623.27,67623.27,4.9
269000.0,47.3838,-122.026,6679000390,267575.85,-1424.15,-0.53
298900.0,47.3451,-122.209,301401620,263369.95,-35530.05,-11.89
2650000.0,47.6899,-122.217,3126059027,1853764.9,-796235.1,-30.05
325000.0,47.7263,-122.229,3755000310,366634.78,41634.78,12.81
535000.0,47.6815,-122.382,7518504291,445900.17,-89099.83,-16.65
455000.0,47.4369,-122.111,1310430400,644257.32,189257.32,41.6
525000.0,47.7709,-122.297,6042000090,618811.91,93811.91,17.87
1800000.0,47.5466,-122.197,3343302110,1981459.78,181459.78,10.08
380000.0,47.1991,-122.013,2620069113,403100.96,23100.96,6.08
1330000.0,47.7139,-122.106,9578050120,1484715.98,154715.98,11.63
453000.0,47.6293,-122.121,686300930,540418.95,87418.95,19.3
826000.0,47.5882,-122.295,272000945,1047222.57,221222.57,26.78
460000.0,47.5376,-122.292,7857003046,459869.45,-130.55,-0.03
282000.0,47.3112,-122.376,8731901610,251256.54,-30743.46,-10.9
621500.0,47.596,-122.08,624069098,618481.76,-3018.24,-0.49
225000.0,47.4342,-122.17,984000410,385058.6,160058.6,71.14
355000.0,47.5003,-122.156,7303100210,365904.33,10904.33,3.07
265000.0,47.4861,-122.251,1423049029,357280.96,92280.96,34.82
172000.0,47.5285,-122.354,2113700825,299727.4,127727.4,74.26
352500.0,47.7672,-122.348,7283900521,388883.49,36383.49,10.32
420000.0,47.7321,-122.353,2419600005,439793.36,19793.36,4.71
1300000.0,47.6585,-122.273,6613000140,1272134.18,-27865.82,-2.14
330000.0,47.3824,-122.207,2215450100,365708.64,35708.64,10.82
799900.0,47.68899999999999,-122.196,3982700250,881293.07,81393.07,10.18
440000.0,47.7077,-122.299,2826049023,503446.51,63446.51,14.42
394000.0,47.5169,-121.878,7853340610,301708.15,-92291.85,-23.42
1090000.0,47.7049,-122.224,3754501205,1285232.69,195232.69,17.91
589000.0,47.6496,-122.403,6822100030,408703.03,-180296.97,-30.61
1100000.0,47.5476,-122.219,7511000050,1030776.6,-69223.4,-6.29
370000.0,47.4787,-122.23,2143700830,362313.34,-7686.66,-2.08
825000.0,47.6704,-122.183,3897100640,900982.27,75982.27,9.21
861111.0,47.606,-122.052,6453550090,951218.71,90107.71,10.46
449000.0,47.5387,-122.266,2624049103,349268.34,-99731.66,-22.21
197500.0,47.5525,-122.277,3330500705,320272.23,122772.23,62.16
286300.0,47.4789,-121.779,1151100165,262497.22,-23802.78,-8.31
235000.0,47.5163,-122.268,7131300032,383858.64,148858.64,63.34
445830.0,47.7557,-122.22,3709500180,514048.42,68218.42,15.3
2230000.0,47.5285,-122.205,518500460,2390389.12,160389.12,7.19
989900.0,47.5749,-122.213,5460900120,1000028.35,10128.35,1.02
389950.0,47.5294,-122.386,3013300510,287688.41,-102261.59,-26.22
2190000.0,47.6193,-122.229,2525049259,1704121.37,-485878.63,-22.19
455000.0,47.7453,-122.129,1136100072,490366.81,35366.81,7.77
655000.0,47.6119,-122.011,1854900240,593065.89,-61934.11,-9.46
330000.0,47.5634,-122.298,6056100295,427464.41,97464.41,29.53
427000.0,47.4487,-121.981,8645900080,364789.13,-62210.87,-14.57
382500.0,47.4206,-122.183,3216900070,409538.02,27038.02,7.07
555000.0,47.6648,-122.363,1982200015,534656.5,-20343.5,-3.67
629000.0,47.6408,-122.403,1370803820,494095.44,-134904.56,-21.45
380000.0,47.3117,-122.083,9113600210,349196.69,-30803.31,-8.11
454000.0,47.5694,-122.395,5014000215,335647.33,-118352.67,-26.07
385000.0,47.4058,-121.994,1222069094,329152.73,-55847.27,-14.51
925000.0,47.6754,-122.307,8825900020,730819.36,-194180.64,-20.99
575000.0,47.5339,-121.854,7853220740,468304.77,-106695.23,-18.56
678500.0,47.5215,-122.383,2483200060,621613.03,-56886.97,-8.38
320000.0,47.4805,-122.178,4307350990,334480.31,14480.31,4.53
401000.0,47.5631,-122.091,9202650040,317884.55,-83115.45,-20.73
562500.0,47.5357,-122.179,4113800550,709081.34,146581.34,26.06
948000.0,47.5635,-122.032,3299610260,751390.68,-196609.32,-20.74
639000.0,47.7224,-122.101,3396200090,585255.54,-53744.46,-8.41
559900.0,47.7033,-122.322,5101408835,533992.79,-25907.21,-4.63
390000.0,47.7109,-122.311,8901000445,463291.1,73291.1,18.79
279000.0,47.3691,-122.074,7760400900,298124.68,19124.68,6.85
1060000.0,47.4543,-121.778,8835770330,620578.26,-439421.74,-41.45
355000.0,47.543,-122.299,7857004225,457762.01,102762.01,28.95
442500.0,47.6264,-122.058,7715800310,357767.24,-84732.76,-19.15
680000.0,47.5525,-121.99,3629980860,501589.69,-178410.31,-26.24
895000.0,47.6895,-122.052,9290850950,951818.42,56818.42,6.35
689000.0,47.5606,-122.184,4036100175,743722.79,54722.79,7.94
600000.0,47.6696,-122.149,1842300050,575136.18,-24863.82,-4.14
260000.0,47.3129,-122.39,8732020310,235916.97,-24083.03,-9.26
690000.0,47.6253,-122.027,1939130070,666839.65,-23160.35,-3.36
192500.0,47.3555,-122.175,3546000340,250922.73,58422.73,30.35
528000.0,47.5352,-122.38,2492200280,419299.51,-108700.49,-20.59
1070000.0,47.7246,-122.059,624110810,948194.26,-121805.74,-11.38
1350000.0,47.61600000000001,-122.239,3625049079,879697.19,-470302.81,-34.84
1530000.0,47.699,-122.206,3758900075,1537489.34,7489.34,0.49
470000.0,47.6939,-122.348,9266700256,488133.28,18133.28,3.86
315000.0,47.5275,-122.321,7883603965,376865.72,61865.72,19.64
245000.0,47.7308,-122.194,9477100620,395055.6,150055.6,61.25
700000.0,47.5742,-122.379,8701600510,597531.07,-102468.93,-14.64
646000.0,47.5615,-122.131,9346920260,658682.4,12682.4,1.96
600000.0,47.4827,-122.135,3304300380,723781.46,123781.46,20.63
445950.0,47.7321,-122.195,9477100060,441279.43,-4670.57,-1.05
215000.0,47.39,-122.166,8731730710,238006.79,23006.79,10.7
270000.0,47.3339,-122.055,3832050760,278824.53,8824.53,3.27
545000.0,47.4704,-122.076,4048400191,315827.75,-229172.25,-42.05
552100.0,47.6126,-122.313,7234600098,599664.43,47564.43,8.62
360000.0,47.7322,-122.207,6918730130,419630.71,59630.71,16.56
839000.0,47.5861,-122.112,627300190,777988.38,-61011.62,-7.27
185000.0,47.4887,-122.344,7796600085,300064.91,115064.91,62.2
1300000.0,47.5821,-122.247,2175100205,1161123.47,-138876.53,-10.68
429000.0,47.5293,-122.371,4363700365,385285.32,-43714.68,-10.19
430000.0,47.5059,-122.149,8079040320,483832.77,53832.77,12.52
535000.0,47.5323,-122.383,2490200620,349803.69,-185196.31,-34.62
615000.0,47.631,-122.052,7504020610,618717.79,3717.79,0.6
344000.0,47.6896,-122.307,2887700875,416250.5,72250.5,21.0
502000.0,47.5256,-122.392,9169100130,460871.13,-41128.87,-8.19
420000.0,47.7196,-122.197,3955800080,465058.8,45058.8,10.73
439995.0,47.76,-122.34,3705900238,433325.62,-6669.38,-1.52
407500.0,47.7223,-122.321,6414100721,357251.97,-50248.03,-12.33
268000.0,47.404,-122.191,6700400140,294404.59,26404.59,9.85
325000.0,47.3017,-122.349,9264960340,317336.77,-7663.23,-2.36
295000.0,47.497,-121.78,8570900328,233985.11,-61014.89,-20.68
335000.0,47.5299,-122.357,4302700445,359469.8,24469.8,7.3
179900.0,47.3238,-122.14,6600410480,209853.4,29953.4,16.65
1700000.0,47.6221,-122.29,6600000050,1528829.41,-171170.59,-10.07
510500.0,47.5874,-122.136,6751300130,418107.13,-92392.87,-18.1
1040000.0,47.6938,-122.213,1245500690,740898.55,-299101.45,-28.76
1050000.0,47.5319,-122.238,5451300105,1269796.34,219796.34,20.93
419000.0,47.6022,-122.134,2207200675,487241.18,68241.18,16.29
344950.0,47.4428,-122.134,1328330510,416893.28,71943.28,20.86
462500.0,47.5173,-122.286,603000555,452489.93,-10010.07,-2.16
185000.0,47.3027,-122.376,1099600220,256261.44,71261.44,38.52
667750.0,47.6696,-122.324,3856904655,494799.34,-172950.66,-25.9
606150.0,47.6208,-122.099,8563010540,511800.17,-94349.83,-15.57
730000.0,47.7368,-122.208,745500010,1015062.63,285062.63,39.05
289950.0,47.39100000000001,-122.316,1448800010,238761.27,-51188.73,-17.65
990000.0,47.692,-122.338,3047700105,1093620.85,103620.85,10.47
1570000.0,47.632,-122.289,1118001370,1105483.16,-464516.84,-29.59
602000.0,47.6626,-122.141,7922710690,838838.81,236838.81,39.34
360000.0,47.7347,-122.192,9477001350,395052.07,35052.07,9.74
506950.0,47.5342,-121.868,7852020720,342396.19,-164553.81,-32.46
218450.0,47.4749,-122.339,4330600301,235945.04,17495.04,8.01
625000.0,47.5171,-121.876,7853370250,540562.82,-84437.18,-13.51
317000.0,47.5532,-122.372,9284801100,303987.62,-13012.38,-4.1
824000.0,47.6375,-122.388,2771604190,912704.06,88704.06,10.77
700000.0,47.6922,-122.371,6638900461,617718.49,-82281.51,-11.75
742000.0,47.6177,-122.308,7234601198,669811.19,-72188.81,-9.73
297000.0,47.4663,-122.363,2966800010,298671.66,1671.66,0.56
235000.0,47.5365,-122.378,4319200620,335680.17,100680.17,42.84
1190000.0,47.637,-122.361,1794501390,816689.39,-373310.61,-31.37
555565.0,47.6602,-122.188,3041700090,688359.98,132794.98,23.9
236000.0,47.3357,-122.305,6603000030,238522.1,2522.1,1.07
286000.0,47.4006,-122.162,2517010230,324182.35,38182.35,13.35
810000.0,47.6136,-122.041,5411600210,914206.89,104206.89,12.87
389000.0,47.5426,-121.879,7853270940,278170.2,-110829.8,-28.49
235750.0,47.5036,-122.362,8151600610,244788.96,9038.96,3.83
375000.0,47.7216,-121.907,2126079124,361585.5,-13414.5,-3.58
718000.0,47.4843,-121.719,1223089077,370266.42,-347733.58,-48.43
780000.0,47.5861,-122.295,1498303700,810081.47,30081.47,3.86
235000.0,47.551,-122.289,2341300115,278574.88,43574.88,18.54
330000.0,47.5278,-122.063,3224069026,262757.49,-67242.51,-20.38
440000.0,47.451,-122.365,4335000030,357962.2,-82037.8,-18.64
1130000.0,47.6583,-122.273,6613000015,1163812.05,33812.05,2.99
295000.0,47.3317,-122.365,8937600080,271183.4,-23816.6,-8.07
925000.0,47.6351,-122.165,1089000190,991338.11,66338.11,7.17
140000.0,47.3217,-122.317,7875200005,249414.32,109414.32,78.15
729500.0,47.5818,-122.402,9385200045,561524.66,-167975.34,-23.03
875000.0,47.6835,-122.342,9482700475,741532.7,-133467.3,-15.25
368250.0,47.6191,-122.043,1954420170,501908.89,133658.89,36.3
1000000.0,47.6304,-122.309,1337800220,915489.99,-84510.01,-8.45
210000.0,47.4949,-122.338,723049219,237011.44,27011.44,12.86
236775.0,47.3116,-122.4,1898310100,275713.12,38938.12,16.45
633100.0,47.6303,-121.99,205000450,579071.1,-54028.9,-8.53
320000.0,47.7179,-121.403,774101755,449351.98,129351.98,40.42
801501.0,47.621,-122.151,2159800120,876346.28,74845.28,9.34
105500.0,47.4611,-122.324,2023049218,200958.17,95458.17,90.48
831000.0,47.5937,-122.172,9541600350,853413.62,22413.62,2.7
343500.0,47.4872,-122.144,5637200150,369718.51,26218.51,7.63
575000.0,47.6679,-122.165,1241500155,674815.65,99815.65,17.36
1840000.0,47.5707,-122.217,4457300005,1297284.78,-542715.22,-29.5
520000.0,47.4823,-122.031,2616800050,535391.99,15391.99,2.96
252000.0,47.3634,-122.046,1545805460,242465.79,-9534.21,-3.78
899000.0,47.6853,-122.21,3885802136,715655.6,-183344.4,-20.39
402000.0,47.5909,-122.297,1032000079,429574.54,27574.54,6.86
800000.0,47.5095,-122.247,4058801702,1313195.71,513195.71,64.15
245700.0,47.3733,-122.289,9835801000,299217.81,53517.81,21.78
349950.0,47.3485,-122.301,3260810590,288726.81,-61223.19,-17.49
390000.0,47.534,-122.376,9269200150,383936.22,-6063.78,-1.55
227064.0,47.54,-122.275,1105000745,450664.75,223600.75,98.47
650000.0,47.6952,-122.39,3526039074,552941.02,-97058.98,-14.93
383000.0,47.7688,-122.238,114101055,489527.81,106527.81,27.81
413800.0,47.7188,-122.024,8682302030,362627.4,-51172.6,-12.37
650000.0,47.6353,-122.124,6696800030,655970.17,5970.17,0.92
675000.0,47.677,-122.165,425059024,698598.7,23598.7,3.5
350000.0,47.3528,-122.057,2215901650,337472.72,-12527.28,-3.58
534000.0,47.6056,-122.305,9126100850,619413.85,85413.85,16.0
333500.0,47.7736,-122.214,3775300030,359600.29,26100.29,7.83
750000.0,47.5898,-121.989,629420260,673527.82,-76472.18,-10.2
368000.0,47.4535,-122.361,4335000145,349074.81,-18925.19,-5.14
570000.0,47.7692,-122.128,226059103,502725.01,-67274.99,-11.8
177000.0,47.3695,-122.081,8651430870,152292.37,-24707.63,-13.96
590000.0,47.2725,-121.929,2821079081,501365.37,-88634.63,-15.02
324500.0,47.5298,-122.268,3336500180,410714.1,86214.1,26.57
200000.0,47.2956,-122.285,4031000260,244892.96,44892.96,22.45
555700.0,47.5888,-122.127,6751500285,554240.39,-1459.61,-0.26
285000.0,47.504,-122.26,9368700341,374420.87,89420.87,31.38
670000.0,47.6362,-122.324,4086300065,576191.02,-93808.98,-14.0
1010000.0,47.6344,-122.205,2025059204,1063404.61,53404.61,5.29
815000.0,47.5611,-122.032,3299600040,725836.01,-89163.99,-10.94
364250.0,47.4213,-122.033,322069153,538750.22,174500.22,47.91
279950.0,47.398,-122.299,7138000260,269141.35,-10808.65,-3.86
1500000.0,47.6845,-122.209,3885804390,1198144.97,-301855.03,-20.12
465000.0,47.676,-122.288,7974200937,478288.72,13288.72,2.86
322000.0,47.5076,-122.173,3449500035,468723.65,146723.65,45.57
640000.0,47.6398,-122.393,8127700820,493223.47,-146776.53,-22.93
456500.0,47.3658,-122.04,1786200010,440051.35,-16448.65,-3.6
407193.0,47.6959,-121.921,4046601460,371348.11,-35844.89,-8.8
429900.0,47.7333,-121.975,1776460190,470220.35,40320.35,9.38
222000.0,47.4096,-122.172,2787320620,292895.58,70895.58,31.93
335000.0,47.5394,-122.368,8165501540,423413.02,88413.02,26.39
555000.0,47.4326,-122.208,3123059107,768818.03,213818.03,38.53
396500.0,47.5256,-122.379,3524039196,345316.98,-51183.02,-12.91
330000.0,47.4291,-122.292,7844200050,299643.7,-30356.3,-9.2
593777.0,47.684,-122.113,7200001005,435449.22,-158327.78,-26.66
460000.0,47.7668,-122.197,5255000110,523659.06,63659.06,13.84
279000.0,47.4914,-122.253,1123049232,458083.5,179083.5,64.19
216600.0,47.4119,-122.181,2893000280,311169.25,94569.25,43.66
755000.0,47.6897,-122.098,3275860270,813212.97,58212.97,7.71
490000.0,47.6051,-122.304,9126100813,575246.07,85246.07,17.4
290000.0,47.4045,-122.171,8078560140,319503.9,29503.9,10.17
255000.0,47.3663,-122.089,1796360350,237742.33,-17257.67,-6.77
242500.0,47.4516,-122.175,1432701430,209595.77,-32904.23,-13.57
759000.0,47.5825,-121.97,98020300,763744.37,4744.37,0.63
263000.0,47.4556,-122.209,8899000140,304213.82,41213.82,15.67
2150000.0,47.6465,-122.319,1959701800,2069754.74,-80245.26,-3.73
567500.0,47.5364,-122.073,8562770430,486247.92,-81252.08,-14.32
325000.0,47.7471,-121.979,1559900110,314029.52,-10970.48,-3.38
245000.0,47.3682,-122.179,7697920160,266772.88,21772.88,8.89
415000.0,47.2133,-122.007,2320069260,344273.14,-70726.86,-17.04
380000.0,47.3828,-122.026,705700240,314011.4,-65988.6,-17.37
335000.0,47.7746,-122.239,3949600090,347051.59,12051.59,3.6
620000.0,47.6539,-122.352,1972200725,593367.88,-26632.12,-4.3
480000.0,47.5203,-121.874,7853320250,314247.76,-165752.24,-34.53
218000.0,47.3146,-122.384,8731902680,285473.75,67473.75,30.95
122000.0,47.2109,-121.985,1917300025,345468.99,223468.99,183.17
700000.0,47.7294,-122.352,164000261,718722.09,18722.09,2.67
405000.0,47.7321,-122.185,3288200030,503445.31,98445.31,24.31
350000.0,47.1808,-122.023,3420069055,600463.56,250463.56,71.56
379750.0,47.3438,-122.322,5152960350,317934.36,-61815.64,-16.28
565000.0,47.7657,-122.284,4022905473,527268.53,-37731.47,-6.68
420250.0,47.7225,-122.029,8682290100,375257.68,-44992.32,-10.71
220000.0,47.5419,-122.271,2724049222,342588.64,122588.64,55.72
560000.0,47.6319,-122.007,6134500070,458813.7,-101186.3,-18.07
600000.0,47.6725,-122.293,1870400605,629104.66,29104.66,4.85
675000.0,47.6734,-122.38,2767602356,656924.04,-18075.96,-2.68
553000.0,47.6719,-122.392,476000017,439987.38,-113012.62,-20.44
415000.0,47.56100000000001,-122.275,5249802424,330577.92,-84422.08,-20.34
460000.0,47.5926,-122.047,424069096,403656.27,-56343.73,-12.25
270000.0,47.1943,-121.991,6802210330,352241.68,82241.68,30.46
215000.0,47.771,-122.353,2228900270,307836.16,92836.16,43.18
500000.0,47.7013,-122.369,5522600205,507836.15,7836.15,1.57
625000.0,47.6244,-122.326,6848200325,700986.44,75986.44,12.16
788000.0,47.5367,-122.067,8562740530,822625.46,34625.46,4.39
1120000.0,47.5842,-122.292,6738700205,728160.65,-391839.35,-34.99
605000.0,47.5743,-122.378,2824600290,566020.91,-38979.09,-6.44
780000.0,47.6598,-122.355,8129700644,953544.55,173544.55,22.25
180000.0,47.565,-122.291,1604601155,306206.34,126206.34,70.11
609000.0,47.6536,-122.354,1972200556,531193.23,-77806.77,-12.78
672500.0,47.5426,-121.879,7853270200,540241.25,-132258.75,-19.67
568000.0,47.6735,-122.041,925069111,506098.41,-61901.59,-10.9
750000.0,47.5714,-122.408,1818800144,688522.66,-61477.34,-8.2
361000.0,47.5072,-122.252,3878900815,522469.97,161469.97,44.73
318000.0,47.7235,-122.353,832700270,392310.35,74310.35,23.37
1690000.0,47.55,-122.103,4139480350,1801129.32,111129.32,6.58
1610000.0,47.5316,-122.263,9412400220,3054586.42,1444586.42,89.73
277000.0,47.1927,-122.011,3797310010,319625.95,42625.95,15.39
890000.0,47.669,-122.365,2768200090,694171.39,-195828.61,-22.0
619500.0,47.5719,-122.377,9285800055,630682.45,11182.45,1.81
340000.0,47.4052,-122.17,8078100260,418438.73,78438.73,23.07
570000.0,47.68600000000001,-122.304,3187600100,547050.75,-22949.25,-4.03
533000.0,47.7735,-122.227,8564950280,630308.14,97308.14,18.26
634950.0,47.6891,-122.375,7589200191,681790.67,46840.67,7.38
525000.0,47.6511,-122.368,7443000514,508819.62,-16180.38,-3.08
315000.0,47.3538,-122.025,538000450,268703.29,-46296.71,-14.7
729000.0,47.7057,-122.112,9526600340,658318.07,-70681.93,-9.7
378510.0,47.5459,-122.379,3874900205,307169.93,-71340.07,-18.85
627500.0,47.5609,-122.15,7856620910,744581.91,117081.91,18.66
846450.0,47.5596,-122.016,1150900080,728123.89,-118326.11,-13.98
2890000.0,47.6295,-122.285,5316101075,1947122.98,-942877.02,-32.63
260000.0,47.3505,-122.179,3830630310,272549.1,12549.1,4.83
1350000.0,47.6984,-122.206,2387600010,1384696.45,34696.45,2.57
495000.0,47.7719,-122.235,3818400060,581780.69,86780.69,17.53
90000.0,47.5335,-122.348,2114700500,183939.12,93939.12,104.38
448000.0,47.4799,-122.129,2407900550,392537.5,-55462.5,-12.38
334000.0,47.7347,-121.976,1326069191,346997.57,12997.57,3.89
290000.0,47.4659,-122.144,6806100340,380654.87,90654.87,31.26
315000.0,47.3503,-122.042,2310100240,356567.52,41567.52,13.2
346500.0,47.5338,-122.36,7831800495,436034.33,89534.33,25.84
718000.0,47.5702,-122.128,1777500160,843213.5,125213.5,17.44
562000.0,47.7361,-122.046,1626069220,667673.59,105673.59,18.8
391000.0,47.5455,-122.184,6067900640,544318.86,153318.86,39.21
815000.0,47.7687,-122.036,426069099,729553.08,-85446.92,-10.48
705000.0,47.7196,-122.02,8682301050,521222.71,-183777.29,-26.07
450000.0,47.7356,-122.335,217500135,542077.93,92077.93,20.46
775000.0,47.705,-122.118,6192400400,870667.33,95667.33,12.34
629000.0,47.3311,-122.375,121039083,409581.66,-219418.34,-34.88
213000.0,47.3071,-122.381,8732130940,199078.67,-13921.33,-6.54
268500.0,47.5439,-122.375,3277801431,301427.86,32927.86,12.26
1680000.0,47.6458,-122.32,1959701745,1749695.36,69695.36,4.15
438000.0,47.4893,-122.138,5214500690,466154.91,28154.91,6.43
296000.0,47.4351,-122.173,984100340,315364.09,19364.09,6.54
483500.0,47.5307,-122.047,9286100300,374002.06,-109497.94,-22.65
1060000.0,47.6852,-122.4,472000895,991924.35,-68075.65,-6.42
980000.0,47.6327,-122.395,2021201000,1279702.41,299702.41,30.58
387500.0,47.6982,-122.298,1566100400,372694.81,-14805.19,-3.82
432900.0,47.4849,-121.782,7787110060,329430.91,-103469.09,-23.9
415000.0,47.6774,-122.361,2877101310,429779.34,14779.34,3.56
330000.0,47.3355,-122.168,2111010080,316405.18,-13594.82,-4.12
337900.0,47.7034,-122.362,767000159,442336.87,104436.87,30.91
259000.0,47.7704,-122.264,4027701220,409152.63,150152.63,57.97
600000.0,47.6313,-122.368,6169901006,562382.62,-37617.38,-6.27
351000.0,47.7417,-122.172,3876800580,284570.64,-66429.36,-18.93
790000.0,47.3166,-122.046,7299810040,706562.06,-83437.94,-10.56
469995.0,47.4783,-122.123,1438000390,490122.62,20127.62,4.28
280000.0,47.2702,-122.29,3750607974,207524.18,-72475.82,-25.88
250000.0,47.4723,-122.19,2475200870,288413.66,38413.66,15.37
312000.0,47.5003,-122.306,923049440,564588.32,252588.32,80.96
460000.0,47.6368,-122.388,2771604370,428570.45,-31429.55,-6.83
315000.0,47.5486,-122.38,66000070,245915.11,-69084.89,-21.93
500000.0,47.6558,-122.348,1931300977,492033.48,-7966.52,-1.59
312500.0,47.7288,-122.331,6415100331,342135.81,29635.81,9.48
390000.0,47.6334,-122.371,1861400068,443910.29,53910.29,13.82
410500.0,47.6436,-122.352,5244801275,449709.43,39209.43,9.55
372500.0,47.7358,-122.342,1826049430,456490.53,83990.53,22.55
580000.0,47.6549,-122.394,6917700665,438088.56,-141911.44,-24.47
580000.0,47.768,-122.259,6891800500,724459.64,144459.64,24.91
805000.0,47.654,-122.088,2050100210,1101483.72,296483.72,36.83
1000000.0,47.655,-122.124,5196410260,1186999.76,186999.76,18.7
439990.0,47.5526,-121.999,8929000050,316383.75,-123606.25,-28.09
750000.0,47.6479,-122.367,7015200800,543534.52,-206465.48,-27.53
625000.0,47.6403,-122.105,7539900040,511643.99,-113356.01,-18.14
253905.0,47.5112,-122.167,7789000080,287642.55,33737.55,13.29
436000.0,47.691,-122.342,993002127,488603.48,52603.48,12.07
840000.0,47.401,-122.026,1560930070,918267.31,78267.31,9.32
564000.0,47.554,-122.385,7625700305,545482.49,-18517.51,-3.28
650000.0,47.74100000000001,-122.208,1088810160,1003601.7,353601.7,54.4
680000.0,47.5035,-122.384,287000110,552113.33,-127886.67,-18.81
288790.0,47.5401,-122.026,9268850140,241526.59,-47263.41,-16.37
440000.0,47.7307,-122.219,3574800860,543652.76,103652.76,23.56
1110000.0,47.5932,-122.172,9541600295,979402.01,-130597.99,-11.77
317000.0,47.5496,-122.311,8100900015,504739.2,187739.2,59.22
459900.0,47.5646,-122.181,4034900065,631853.53,171953.53,37.39
2200000.0,47.6264,-122.289,9185700285,1472231.15,-727768.85,-33.08
335000.0,47.3058,-122.348,9264950600,340982.82,5982.82,1.79
501000.0,47.6846,-122.317,2979800845,489274.42,-11725.58,-2.34
572000.0,47.5716,-122.227,5450300010,568046.95,-3953.05,-0.69
612995.0,47.4779,-122.122,1438000170,640364.62,27369.62,4.46
620000.0,47.6885,-122.38,546000910,598800.97,-21199.03,-3.42
638000.0,47.5741,-122.414,375000230,453091.12,-184908.88,-28.98
785000.0,47.6078,-122.202,666000143,805900.31,20900.31,2.66
825000.0,47.5169,-122.201,3342103282,436450.15,-388549.85,-47.1
350000.0,47.7466,-121.979,1559900140,346163.47,-3836.53,-1.1
395000.0,47.6915,-122.321,5100401315,402243.78,7243.78,1.83
429950.0,47.5132,-122.157,1094000030,457076.11,27126.11,6.31
323000.0,47.3343,-122.194,2212500430,217368.71,-105631.29,-32.7
325000.0,47.7017,-122.36,6170900190,331505.59,6505.59,2.0
410000.0,47.5938,-122.315,6401700010,457289.86,47289.86,11.53
652450.0,47.563,-122.178,6072760670,742934.93,90484.93,13.87
420000.0,47.6775,-122.168,7424100050,407932.73,-12067.27,-2.87
249000.0,47.3612,-122.284,9392500100,244088.68,-4911.32,-1.97
400000.0,47.5543,-122.29,9459200120,445581.02,45581.02,11.4
562000.0,47.7301,-121.972,2787250090,533939.55,-28060.45,-4.99
393000.0,47.3751,-122.044,4123810090,363162.93,-29837.07,-7.59
665000.0,47.6524,-122.404,871000155,498428.81,-166571.19,-25.05
825000.0,47.6813,-122.372,461003835,778894.31,-46105.69,-5.59
428000.0,47.5322,-121.851,7853210180,301036.47,-126963.53,-29.66
305000.0,47.3504,-122.035,2025701080,250750.76,-54249.24,-17.79
370000.0,47.3382,-122.196,2212600100,489262.22,119262.22,32.23
690700.0,47.5405,-122.187,5014600440,789888.16,99188.16,14.36
635000.0,47.68600000000001,-122.374,3491300180,472018.58,-162981.42,-25.67
660000.0,47.6635,-122.32,8812401450,644234.78,-15765.22,-2.39
360000.0,47.5304,-122.353,2113700235,405123.35,45123.35,12.53
415000.0,47.4494,-122.139,2473002700,519300.62,104300.62,25.13
620000.0,47.6415,-122.303,6788200295,547463.08,-72536.92,-11.7
342500.0,47.214,-121.993,1320069271,333025.75,-9474.25,-2.77
245000.0,47.3702,-122.185,7697870860,260328.4,15328.4,6.26
333000.0,47.4874,-122.152,100300500,335915.55,2915.55,0.88
306000.0,47.7311,-122.199,7955000210,393336.89,87336.89,28.54
994000.0,47.611,-121.992,1437580480,992082.8,-1917.2,-0.19
287000.0,47.3484,-122.033,2025700860,250676.94,-36323.06,-12.66
578888.0,47.6626,-122.337,4083802195,439104.37,-139783.63,-24.15
632500.0,47.6748,-122.386,2767601390,509984.28,-122515.72,-19.37
940000.0,47.5893,-122.177,9542100085,1029790.32,89790.32,9.55
1160000.0,47.5703,-122.165,1624059224,1396819.23,236819.23,20.42
335000.0,47.5327,-122.276,3904100106,426819.07,91819.07,27.41
428000.0,47.7094,-122.03,8682230400,370469.5,-57530.5,-13.44
530000.0,47.4954,-122.172,8011100047,687902.97,157902.97,29.79
405000.0,47.6943,-122.184,2591010240,450078.0,45078.0,11.13
165000.0,47.5169,-122.358,3004800175,314968.86,149968.86,90.89
267500.0,47.3991,-121.964,4396000180,222330.31,-45169.69,-16.89
487000.0,47.1879,-121.973,3020079078,606846.76,119846.76,24.61
529000.0,47.6571,-122.396,6917700305,329086.68,-199913.32,-37.79
550000.0,47.6859,-122.339,2886200070,544005.39,-5994.61,-1.09
1480000.0,47.6324,-122.289,1118001360,1446844.51,-33155.49,-2.24
840000.0,47.5624,-122.399,2391601445,1081276.61,241276.61,28.72
200000.0,47.4942,-122.235,7657000165,273444.42,73444.42,36.72
760000.0,47.6259,-122.142,2625059301,861380.46,101380.46,13.34
379900.0,47.5273,-122.345,7972601950,586851.62,206951.62,54.48
199950.0,47.3746,-122.056,1442800150,327587.62,127637.62,63.83
638000.0,47.6052,-122.3,6840701125,689593.91,51593.91,8.09
205000.0,47.3632,-122.11,1274500240,240532.51,35532.51,17.33
360000.0,47.572,-122.29,9834200885,570545.3,210545.3,58.48
325000.0,47.3922,-122.165,5437600140,397805.99,72805.99,22.4
515000.0,47.7723,-122.262,4027701055,363934.78,-151065.22,-29.33
435000.0,47.5929,-122.303,7658600150,552342.69,117342.69,26.98
320000.0,47.7364,-122.295,1568100087,356593.33,36593.33,11.44
169317.0,47.6248,-122.301,5016003230,565423.58,396106.58,233.94
531155.0,47.3559,-122.022,3744000150,455704.52,-75450.48,-14.2
522500.0,47.5334,-122.168,3987700115,458247.25,-64252.75,-12.3
785000.0,47.5373,-122.051,9545250010,698505.83,-86494.17,-11.02
286300.0,47.5066,-122.259,393000311,512879.73,226579.73,79.14
367000.0,47.701,-122.39,6132600221,373845.41,6845.41,1.87
412000.0,47.4377,-122.132,1402660150,473992.79,61992.79,15.05
437500.0,47.5322,-121.88,7852030960,308519.71,-128980.29,-29.48
1140000.0,47.4473,-122.086,3023069166,1805146.76,665146.76,58.35
225000.0,47.4906,-122.306,8148600055,247509.7,22509.7,10.0
275000.0,47.5393,-122.351,3438503120,409205.94,134205.94,48.8
690000.0,47.6834,-122.306,7173700518,707372.28,17372.28,2.52
199000.0,47.4225,-122.15,2618300350,257815.22,58815.22,29.56
735000.0,47.6079,-122.195,8146100370,728824.56,-6175.44,-0.84
619000.0,47.6883,-122.314,6884800210,514619.9,-104380.1,-16.86
390000.0,47.7142,-122.319,5272200035,350269.4,-39730.6,-10.19
315000.0,47.5104,-121.787,1593000690,209832.9,-105167.1,-33.39
265000.0,47.2578,-122.217,4137020360,311982.62,46982.62,17.73
295000.0,47.6185,-122.295,9828701295,353724.17,58724.17,19.91
818000.0,47.7095,-122.019,8682320090,589365.51,-228634.49,-27.95
436000.0,47.6684,-122.365,475000176,447481.46,11481.46,2.63
716000.0,47.5622,-122.022,1150001270,668432.79,-47567.21,-6.64
300000.0,47.3997,-122.215,1822059073,273535.1,-26464.9,-8.82
900000.0,47.715,-122.065,2926069083,1080273.96,180273.96,20.03
580000.0,47.6191,-122.043,1954420170,501908.89,-78091.11,-13.46
625000.0,47.6296,-122.308,1337800045,600009.51,-24990.49,-4.0
1130000.0,47.5894,-122.197,3860400060,962481.12,-167518.88,-14.82
838000.0,47.5535,-122.395,7936000463,640389.03,-197610.97,-23.58
570000.0,47.3509,-122.323,3222049087,197052.61,-372947.39,-65.43
680000.0,47.6658,-122.139,7922720040,776100.31,96100.31,14.13
570000.0,47.733,-121.968,1443550020,497176.14,-72823.86,-12.78
582000.0,47.6964,-122.4,4441300440,491520.52,-90479.48,-15.55
374000.0,47.5634,-122.391,3488300110,336601.99,-37398.01,-10.0
206000.0,47.2808,-122.225,7877400266,227971.53,21971.53,10.67
650000.0,47.6322,-122.212,8084400010,497083.33,-152916.67,-23.53
310000.0,47.5181,-122.257,7129303180,425643.17,115643.17,37.3
1270000.0,47.6272,-122.316,1336300445,1260603.54,-9396.46,-0.74
921000.0,47.5873,-122.193,644200090,818174.72,-102825.28,-11.16
310000.0,47.7263,-122.314,2026049125,344335.66,34335.66,11.08
375000.0,47.6076,-122.298,1211000185,501738.74,126738.74,33.8
252000.0,47.3609,-122.048,1545803390,284574.02,32574.02,12.93
250000.0,47.4959,-122.174,424500035,291795.62,41795.62,16.72
305000.0,47.3287,-122.169,2582500110,261323.05,-43676.95,-14.32
179950.0,47.3335,-122.305,7683800192,231613.76,51663.76,28.71
417400.0,47.4633,-122.196,7399200770,627698.65,210298.65,50.38
280000.0,47.7274,-122.357,2426039314,349241.26,69241.26,24.73
268000.0,47.3923,-122.311,2013200390,228297.0,-39703.0,-14.81
436000.0,47.7598,-122.359,1226039054,441158.67,5158.67,1.18
410000.0,47.5769,-122.397,9277200180,336097.32,-73902.68,-18.03
565000.0,47.6539,-122.396,582000135,445597.24,-119402.76,-21.13
180000.0,47.28,-122.257,3356407665,273539.56,93539.56,51.97
500000.0,47.5821,-122.401,3508100161,669487.69,169487.69,33.9
399000.0,47.7176,-122.284,3753000100,470172.1,71172.1,17.84
1670000.0,47.6134,-122.282,5350201180,1787471.47,117471.47,7.03
357500.0,47.35,-122.005,5104520550,376439.21,18939.21,5.3
180000.0,47.762,-122.321,6163900073,304889.31,124889.31,69.38
415000.0,47.6978,-122.13,7199330390,352787.08,-62212.92,-14.99
249950.0,47.4873,-122.099,1823069213,309421.25,59471.25,23.79
200000.0,47.3493,-122.025,2781250520,197976.14,-2023.86,-1.01
209000.0,47.3644,-122.082,8651410090,162145.77,-46854.23,-22.42
409124.0,47.3904,-122.154,1522059120,526640.79,117516.79,28.72
349000.0,47.4815,-122.152,6928000590,383787.67,34787.67,9.97
640000.0,47.45,-122.334,3023049143,601814.86,-38185.14,-5.97
400000.0,47.5124,-122.374,7454001125,397885.66,-2114.34,-0.53
700000.0,47.3402,-122.046,6151800070,324160.91,-375839.09,-53.69
336000.0,47.4504,-122.15,2473000470,541339.06,205339.06,61.11
438400.0,47.7218,-122.37,7640400106,428602.69,-9797.31,-2.23
635000.0,47.6806,-122.388,1254200045,564944.4,-70055.6,-11.03
476500.0,47.6929,-122.287,6844702690,454348.69,-22151.31,-4.65
450000.0,47.3487,-122.088,9485951510,525628.93,75628.93,16.81
820000.0,47.5419,-122.383,2716600273,744410.47,-75589.53,-9.22
280000.0,47.6946,-122.362,9268200658,315345.99,35345.99,12.62
575000.0,47.6733,-122.389,2767602720,434440.4,-140559.6,-24.45
400000.0,47.573,-122.312,3101500090,488189.51,88189.51,22.05
912000.0,47.5651,-122.034,3295610080,939737.17,27737.17,3.04
462600.0,47.5515,-122.262,2147300050,464611.99,2011.99,0.43
267000.0,47.4282,-122.331,6123000090,258431.55,-8568.45,-3.21
375000.0,47.5765,-122.155,2206500550,390433.33,15433.33,4.12
500000.0,47.7413,-122.354,9141100073,522574.22,22574.22,4.51
375000.0,47.64,-122.394,8127700845,321204.98,-53795.02,-14.35
292000.0,47.3842,-122.036,3303950080,355289.15,63289.15,21.67
316000.0,47.2588,-122.21,4136880460,292114.71,-23885.29,-7.56
421000.0,47.4326,-122.286,238000244,489934.61,68934.61,16.37
219900.0,47.4987,-122.341,3883800011,233493.58,13593.58,6.18
478000.0,47.6531,-122.401,6821101275,511955.74,33955.74,7.1
242000.0,47.3149,-122.386,8731960540,228332.89,-13667.11,-5.65
213675.0,47.2862,-122.352,5028600360,252437.06,38762.06,18.14
875000.0,47.731,-122.078,1853000300,1056092.98,181092.98,20.7
375000.0,47.7154,-122.341,7996700220,527725.44,152725.44,40.73
360000.0,47.7267,-122.226,3755000120,384794.69,24794.69,6.89
475000.0,47.5773,-122.409,2997800021,401842.15,-73157.85,-15.4
265000.0,47.3395,-122.28,1311200460,185632.39,-79367.61,-29.95
740500.0,47.6981,-122.368,3626039325,1023104.53,282604.53,38.16
390000.0,47.4417,-122.09,7937600830,402491.93,12491.93,3.2
678700.0,47.6669,-122.179,1088000050,731823.86,53123.86,7.83
458500.0,47.6937,-122.298,2545700020,429641.02,-28858.98,-6.29
290000.0,47.5765,-122.154,2206500105,394101.46,104101.46,35.9
336500.0,47.3853,-122.028,6679000960,319570.95,-16929.05,-5.03
600000.0,47.3109,-122.045,1621069045,583528.99,-16471.01,-2.75
625000.0,47.5184,-121.886,7853420110,496345.98,-128654.02,-20.58
979000.0,47.6797,-122.385,7518506715,823584.58,-155415.42,-15.87
257000.0,47.3363,-122.213,7338220280,296393.89,39393.89,15.33
500000.0,47.5349,-122.384,2490200165,339852.85,-160147.15,-32.03
259000.0,47.3665,-122.183,7697870350,270522.57,11522.57,4.45
630000.0,47.6317,-122.124,7752200100,699868.61,69868.61,11.09
235000.0,47.4529,-122.207,8899200110,356229.08,121229.08,51.59
415000.0,47.4379,-122.011,3523069060,327996.01,-87003.99,-20.96
2320000.0,47.6364,-122.209,8085400376,1864872.26,-455127.74,-19.62
865000.0,47.6391,-122.36,1794500360,571306.14,-293693.86,-33.95
259000.0,47.3786,-122.179,5412400170,260009.88,1009.88,0.39
340000.0,47.3583,-121.927,2822079012,284653.11,-55346.89,-16.28
437000.0,47.496,-122.151,1023059246,583534.16,146534.16,33.53
425000.0,47.739,-122.048,9492800020,433933.8,8933.8,2.1
225800.0,47.3858,-122.227,1612500090,247557.02,21757.02,9.64
464000.0,47.5231,-122.202,3342102880,587275.12,123275.12,26.57
510000.0,47.6887,-122.307,2887700826,654011.81,144011.81,28.24
1020000.0,47.6785,-122.396,3693900885,567392.6,-452607.4,-44.37
1710000.0,47.6176,-122.223,3738000070,1299794.02,-410205.98,-23.99
307500.0,47.3646,-122.037,9406520550,277068.36,-30431.64,-9.9
680000.0,47.4238,-122.098,7937900280,765982.75,85982.75,12.64
985000.0,47.5669,-121.956,1824079073,903528.28,-81471.72,-8.27
232900.0,47.5238,-122.356,7899800045,262530.4,29630.4,12.72
420000.0,47.7515,-122.174,6979970150,612272.93,192272.93,45.78
710000.0,47.5836,-122.046,924069176,554169.29,-155830.71,-21.95
1470000.0,47.6301,-122.369,6169900580,1351641.54,-118358.46,-8.05
522500.0,47.587,-122.134,6751300375,422070.85,-100429.15,-19.22
830000.0,47.5958,-122.175,9541800010,982432.73,152432.73,18.37
580000.0,47.6883,-122.113,7558750120,616202.8,36202.8,6.24
597000.0,47.7379,-122.052,5201000030,550668.89,-46331.11,-7.76
435000.0,47.4627,-122.152,5104450070,558410.97,123410.97,28.37
780000.0,47.4961,-122.063,3286800260,567451.84,-212548.16,-27.25
491500.0,47.7267,-122.232,251200240,583134.42,91634.42,18.64
595000.0,47.5842,-122.045,6795100563,463107.11,-131892.89,-22.17
759600.0,47.4163,-122.22,622059031,371863.57,-387736.43,-51.04
175000.0,47.4491,-122.176,1432400095,232561.23,57561.23,32.89
545000.0,47.5307,-122.054,5710500230,428768.22,-116231.78,-21.33
444000.0,47.3538,-122.013,5104511630,414517.18,-29482.82,-6.64
290000.0,47.5131,-122.313,133000135,488370.94,198370.94,68.4
564500.0,47.7302,-121.974,2787250240,584686.15,20186.15,3.58
267000.0,47.3731,-122.172,3814701090,355460.61,88460.61,33.13
725000.0,47.6804,-122.316,6716700240,540106.36,-184893.64,-25.5
375000.0,47.5893,-122.317,7660100236,478953.77,103953.77,27.72
630000.0,47.4714,-122.071,5095401070,566288.42,-63711.58,-10.11
600000.0,47.6095,-122.296,7960100120,643232.83,43232.83,7.21
385000.0,47.4598,-122.352,3990200125,328673.99,-56326.01,-14.63
464625.0,47.666,-122.185,1088030010,748167.61,283542.61,61.03
335000.0,47.4447,-122.137,1328340540,323083.26,-11916.74,-3.56
557500.0,47.5789,-122.118,3211700035,521564.13,-35935.87,-6.45
459000.0,47.6718,-122.386,2767603824,428103.36,-30896.64,-6.73
474950.0,47.542,-121.792,2824089053,402424.59,-72525.41,-15.27
323000.0,47.4424,-122.126,1328300180,387345.53,64345.53,19.92
339100.0,47.3284,-122.171,7137950720,322241.12,-16858.88,-4.97
353000.0,47.5501,-122.296,7857000900,402828.87,49828.87,14.12
238000.0,47.4927,-122.169,420000085,270726.31,32726.31,13.75
1550000.0,47.5323,-122.238,5451300117,1759903.71,209903.71,13.54
1250000.0,47.6569,-122.286,723000226,1249926.75,-73.25,-0.01
422000.0,47.7304,-122.308,6632300161,356687.96,-65312.04,-15.48
285000.0,47.4899,-122.133,9353300220,247020.13,-37979.87,-13.33
336000.0,47.5486,-122.278,8113101000,471286.31,135286.31,40.26
600000.0,47.5584,-122.089,5608030020,875584.07,275584.07,45.93
435000.0,47.5592,-122.385,7579200767,480769.35,45769.35,10.52
522500.0,47.6301,-121.911,2125079054,412833.97,-109666.03,-20.99
292500.0,47.3889,-122.316,3300790540,231189.34,-61310.66,-20.96
394500.0,47.4231,-122.186,7936800150,503938.55,109438.55,27.74
725000.0,47.6372,-122.352,809002435,678854.04,-46145.96,-6.36
255000.0,47.5693,-122.296,1624049092,436800.42,181800.42,71.29
185000.0,47.307,-122.372,9542802000,255701.03,70701.03,38.22
270000.0,47.3596,-122.082,1760650670,256134.81,-13865.19,-5.14
325088.0,47.5402,-122.298,4410600100,385053.7,59965.7,18.45
560000.0,47.5698,-121.999,3905081350,404659.91,-155340.09,-27.74
325000.0,47.3317,-121.927,421079105,396738.93,71738.93,22.07
851500.0,47.6034,-122.172,3260200110,970414.63,118914.63,13.97
530000.0,47.7605,-122.085,1630700361,570397.98,40397.98,7.62
535000.0,47.569,-122.007,3905100220,380828.12,-154171.88,-28.82
326000.0,47.6975,-122.34,4310702759,394618.45,68618.45,21.05
1000000.0,47.5849,-122.198,629000704,770631.14,-229368.86,-22.94
613200.0,47.6719,-122.301,9191200015,683208.34,70008.34,11.42
472000.0,47.3376,-122.324,5152100060,349078.49,-122921.51,-26.04
272450.0,47.3593,-122.051,1545802100,281913.06,9463.06,3.47
365650.0,47.4391,-122.194,5089700300,481051.9,115401.9,31.56
707900.0,47.6792,-122.31,9547202380,611172.96,-96727.04,-13.66
432500.0,47.4408,-122.161,9306500200,481085.04,48585.04,11.23
860000.0,47.637,-122.4,1370804295,544071.79,-315928.21,-36.74
1300000.0,47.659,-122.281,4217400305,1006895.8,-293104.2,-22.55
690500.0,47.7397,-122.316,6632900452,665909.91,-24590.09,-3.56
250000.0,47.3745,-122.275,3832200070,238181.07,-11818.93,-4.73
369950.0,47.6827,-122.097,339600090,361051.05,-8898.95,-2.41
350000.0,47.3357,-122.336,5137200140,320465.77,-29534.23,-8.44
538900.0,47.548,-122.356,3438500924,769215.91,230315.91,42.74
875000.0,47.6384,-122.404,1370802540,826066.53,-48933.47,-5.59
766500.0,47.6705,-122.277,3179100790,790380.05,23880.05,3.12
425000.0,47.7121,-122.333,2926049437,460796.05,35796.05,8.42
387000.0,47.535,-122.289,8685500020,424128.5,37128.5,9.59
585000.0,47.4815,-122.47,1823039205,444138.45,-140861.55,-24.08
232000.0,47.3743,-122.116,1865810290,162731.81,-69268.19,-29.86
361280.0,47.55,-122.379,1394300005,340713.02,-20566.98,-5.69
165000.0,47.3763,-122.148,5466310730,290849.72,125849.72,76.27
790000.0,47.6371,-122.279,4385700735,628981.17,-161018.83,-20.38
425000.0,47.5659,-121.863,1324079007,374144.7,-50855.3,-11.97
807500.0,47.6209,-122.052,1240100065,808907.05,1407.05,0.17
126500.0,47.4952,-122.34,723049530,255886.48,129386.48,102.28
1950000.0,47.6042,-122.21,5493110020,1849520.68,-100479.32,-5.15
389950.0,47.3091,-122.343,6837820030,331128.51,-58821.49,-15.08
565000.0,47.5539,-122.001,3630120050,431205.45,-133794.55,-23.68
795000.0,47.6481,-122.081,6352600350,868242.48,73242.48,9.21
535000.0,47.4916,-122.144,7708200180,599820.02,64820.02,12.12
739000.0,47.6586,-121.962,1825079005,715904.78,-23095.22,-3.13
460000.0,47.7713,-122.259,3824100246,518469.34,58469.34,12.71
557000.0,47.684,-122.381,1232001985,425405.26,-131594.74,-23.63
415000.0,47.7362,-122.172,3876313260,457262.2,42262.2,10.18
721000.0,47.56100000000001,-122.398,7936000562,619044.77,-101955.23,-14.14
590000.0,47.5782,-122.018,3904960700,460028.48,-129971.52,-22.03
665000.0,47.5847,-122.032,305010050,597600.25,-67399.75,-10.14
735000.0,47.6809,-122.305,7173700591,641382.66,-93617.34,-12.74
545000.0,47.3557,-122.29,5729000070,487396.73,-57603.27,-10.57
865000.0,47.63800000000001,-122.206,8861000210,598353.63,-266646.37,-30.83
660000.0,47.6108,-122.308,7234601544,772104.52,112104.52,16.99
600000.0,47.5498,-121.996,3630030290,412682.63,-187317.37,-31.22
424950.0,47.2975,-122.35,9578500820,277903.31,-147046.69,-34.6
544500.0,47.5816,-122.0,8099900260,415629.04,-128870.96,-23.67
550000.0,47.5071,-122.148,8029770470,693849.6,143849.6,26.15
790000.0,47.469,-122.063,2023069059,783686.72,-6313.28,-0.8
340000.0,47.3314,-122.202,1657300450,420927.7,80927.7,23.8
335500.0,47.7156,-122.291,8821900155,363809.8,28309.8,8.44
772500.0,47.6791,-122.402,7677300010,536069.54,-236430.46,-30.61
432100.0,47.6343,-122.106,7525100530,557339.28,125239.28,28.98
550000.0,47.5514,-121.998,8929000230,372451.75,-177548.25,-32.28
832600.0,47.6601,-122.332,510002995,524776.97,-307823.03,-36.97
579000.0,47.5658,-122.276,5249801785,589237.88,10237.88,1.77
1100000.0,47.6474,-122.389,9241900115,875100.01,-224899.99,-20.45
324500.0,47.3602,-122.082,1760650610,285220.51,-39279.49,-12.1
249000.0,47.3769,-122.234,3686900025,250293.45,1293.45,0.52
720000.0,47.62600000000001,-122.119,686300450,747160.93,27160.93,3.77
600000.0,47.7713,-122.129,9238430430,566091.33,-33908.67,-5.65
724950.0,47.6847,-122.37,9376301800,603255.01,-121694.99,-16.79
191000.0,47.5269,-122.314,7883608693,310291.87,119291.87,62.46
311000.0,47.4455,-122.169,2333230060,323166.86,12166.86,3.91
425000.0,47.7253,-122.309,1133000542,433885.0,8885.0,2.09
715000.0,47.6374,-122.042,1829300270,773282.71,58282.71,8.15
659000.0,47.5868,-122.033,305000170,608594.97,-50405.03,-7.65
649990.0,47.6408,-122.058,7504010750,594862.5,-55127.5,-8.48
445000.0,47.4802,-122.189,3955900910,492184.65,47184.65,10.6
255000.0,47.4293,-122.151,4406000390,252013.04,-2986.96,-1.17
390000.0,47.4507,-122.12,9558010300,388422.38,-1577.62,-0.4
409900.0,47.5389,-122.367,8165500830,459970.66,50070.66,12.22
239950.0,47.2975,-122.38,9211500520,231654.82,-8295.18,-3.46
288790.0,47.5401,-122.026,9268850130,238307.31,-50482.69,-17.48
428950.0,47.5311,-122.381,2695600410,436402.3,7452.3,1.74
502000.0,47.7728,-122.253,3824100082,517933.7,15933.7,3.17
610000.0,47.6322,-122.053,7504020810,624291.73,14291.73,2.34
262000.0,47.4697,-122.267,7661600206,389566.15,127566.15,48.69
432500.0,47.6687,-122.154,8562600260,531447.1,98947.1,22.88
325000.0,47.7317,-122.231,3768000030,370493.53,45493.53,14.0
540000.0,47.7189,-122.181,1036450360,579282.72,39282.72,7.27
181000.0,47.4444,-122.509,3523029059,335383.14,154383.14,85.29
661000.0,47.6791,-122.149,1471590060,808923.26,147923.26,22.38
826000.0,47.6312,-122.353,811000050,763839.11,-62160.89,-7.53
259000.0,47.2872,-122.283,1687000200,284192.77,25192.77,9.73
950000.0,47.5541,-122.106,4139450360,930013.09,-19986.91,-2.1
411100.0,47.5882,-122.155,514500235,430023.62,18923.62,4.6
510000.0,47.6609,-121.892,1025079074,505200.67,-4799.33,-0.94
565000.0,47.5257,-122.392,9169100185,456892.11,-108107.89,-19.13
338000.0,47.3438,-122.039,6699930550,367339.12,29339.12,8.68
260000.0,47.5038,-122.3,2843200085,374838.89,114838.89,44.17
317000.0,47.7383,-121.983,2131701020,306727.38,-10272.62,-3.24
720000.0,47.6319,-122.037,7504110110,853180.87,133180.87,18.5
597500.0,47.6849,-122.037,7202310010,505212.24,-92287.76,-15.45
349000.0,47.4451,-122.126,2473460060,376432.6,27432.6,7.86
410000.0,47.7329,-122.343,6450300605,444230.84,34230.84,8.35
310000.0,47.74100000000001,-122.095,1775800280,552493.57,242493.57,78.22
655000.0,47.7672,-122.292,8562970040,953168.26,298168.26,45.52
250800.0,47.5309,-122.354,2113700500,310291.72,59491.72,23.72
390000.0,47.7433,-122.229,5631500992,585088.16,195088.16,50.02
599950.0,47.6648,-122.324,8818900155,541090.56,-58859.44,-9.81
375000.0,47.4888,-122.184,3291800780,411366.78,36366.78,9.7
580000.0,47.6365,-122.108,1523550480,585764.56,5764.56,0.99
305000.0,47.6971,-122.026,7203102080,278716.5,-26283.5,-8.62
255000.0,47.2137,-121.989,2420069604,321925.23,66925.23,26.25
160000.0,47.4889,-122.259,2172000750,302298.71,142298.71,88.94
425000.0,47.6029,-122.307,1934800022,483637.71,58637.71,13.8
1250000.0,47.5815,-122.398,3505100126,1381835.21,131835.21,10.55
250000.0,47.3457,-122.217,301402140,235471.31,-14528.69,-5.81
610685.0,47.5137,-122.167,3448900210,653445.36,42760.36,7.0
670000.0,47.5533,-121.995,3629970930,624813.36,-45186.64,-6.74
340000.0,47.3817,-122.206,1332300110,380928.43,40928.43,12.04
499000.0,47.6513,-122.4,6821101762,451140.29,-47859.71,-9.59
315000.0,47.3812,-122.029,705700960,289065.21,-25934.79,-8.23
235000.0,47.7332,-122.305,6381500170,306503.27,71503.27,30.43
441000.0,47.5971,-122.295,1250201165,446648.64,5648.64,1.28
424000.0,47.7521,-122.279,1062100100,478037.14,54037.14,12.74
330000.0,47.5313,-122.351,2113700025,343025.91,13025.91,3.95
675000.0,47.62,-122.309,1806900499,637412.52,-37587.48,-5.57
345000.0,47.3347,-122.077,7215400280,448243.78,103243.78,29.93
255000.0,47.3161,-122.382,8731983200,272428.8,17428.8,6.83
319950.0,47.7293,-122.343,6149700194,412153.11,92203.11,28.82
275000.0,47.3662,-122.315,7522600110,235973.72,-39026.28,-14.19
510000.0,47.3938,-122.321,2011400401,340098.49,-169901.51,-33.31
501000.0,47.5695,-122.087,4353700200,475038.52,-25961.48,-5.18
319950.0,47.5257,-122.263,3336002215,331427.07,11477.07,3.59
349950.0,47.466,-122.147,6806100040,372659.74,22709.74,6.49
630000.0,47.7741,-122.203,3395050050,1117470.89,487470.89,77.38
549950.0,47.3526,-122.012,5104511730,467089.4,-82860.6,-15.07
550285.0,47.7132,-122.032,8682261190,409982.06,-140302.94,-25.5
700000.0,47.6575,-122.346,1931300110,643208.39,-56791.61,-8.11
425000.0,47.7244,-122.331,6414600051,390111.17,-34888.83,-8.21
422500.0,47.6868,-122.119,3378900020,457438.12,34938.12,8.27
1090000.0,47.5835,-122.227,1224049005,896188.61,-193811.39,-17.78
214000.0,47.4963,-122.35,7520000440,295187.45,81187.45,37.94
833000.0,47.5976,-122.178,9542300430,830436.44,-2563.56,-0.31
197000.0,47.288,-122.196,304000380,253087.12,56087.12,28.47
520000.0,47.6733,-122.37,123000110,370353.18,-149646.82,-28.78
463000.0,47.5219,-122.052,9414610320,478313.81,15313.81,3.31
213000.0,47.475,-122.199,7221400320,289514.0,76514.0,35.92
279900.0,47.4114,-122.334,7893802670,414354.01,134454.01,48.04
690000.0,47.6399,-122.311,6788203060,940230.17,250230.17,36.27
790000.0,47.5271,-122.386,3524039204,873048.92,83048.92,10.51
280000.0,47.3913,-122.191,3831200210,348018.89,68018.89,24.29
315000.0,47.4484,-122.158,2473101070,322619.15,7619.15,2.42
315000.0,47.4418,-122.136,1328340120,297178.88,-17821.12,-5.66
429000.0,47.557,-122.308,3732800495,573134.57,144134.57,33.6
1150000.0,47.6853,-122.204,1245003006,1029075.61,-120924.39,-10.52
285000.0,47.3204,-122.322,821049191,240920.91,-44079.09,-15.47
261590.0,47.4977,-122.259,3151600035,231931.8,-29658.2,-11.34
425000.0,47.7334,-121.97,3296900280,428171.57,3171.57,0.75
175000.0,47.3377,-122.291,3876500290,228423.41,53423.41,30.53
631625.0,47.6971,-122.371,1862400176,674606.18,42981.18,6.8
680000.0,47.7506,-122.372,3586501135,635804.35,-44195.65,-6.5
199500.0,47.2958,-122.284,4031000460,249468.95,49968.95,25.05
455000.0,47.5378,-122.043,8843900396,252906.04,-202093.96,-44.42
215000.0,47.518,-122.194,1332700270,443010.52,228010.52,106.05
640000.0,47.6768,-122.31,9547200460,606446.36,-33553.64,-5.24
525000.0,47.5631,-122.317,3959400855,645594.41,120594.41,22.97
450000.0,47.6319,-122.124,7752400075,530277.18,80277.18,17.84
760000.0,47.7288,-122.284,1455600015,756562.94,-3437.06,-0.45
386900.0,47.7204,-122.196,9206200110,392747.82,5847.82,1.51
350000.0,47.5112,-122.329,6433000050,442665.28,92665.28,26.48
439000.0,47.4874,-122.223,4204400175,689924.58,250924.58,57.16
545000.0,47.3329,-122.2,3303870050,538281.55,-6718.45,-1.23
879000.0,47.647,-122.369,7015201015,980404.7,101404.7,11.54
412450.0,47.7114,-122.23,7980900011,613571.22,201121.22,48.76
443500.0,47.5403,-121.889,7853301240,313290.77,-130209.23,-29.36
365000.0,47.5067,-122.16,2787700150,476223.39,111223.39,30.47
747000.0,47.6207,-122.295,9828701085,713754.37,-33245.63,-4.45
500000.0,47.4877,-122.143,2141500020,491682.97,-8317.03,-1.66
1150000.0,47.639,-122.216,1925059194,990997.64,-159002.36,-13.83
616000.0,47.5789,-122.396,9277200065,695097.95,79097.95,12.84
651000.0,47.5664,-122.389,194000505,554819.4,-96180.6,-14.77
271675.0,47.3099,-122.197,1721059218,253596.65,-18078.35,-6.65
510000.0,47.6301,-122.107,6811000220,602380.02,92380.02,18.11
305000.0,47.7553,-122.283,1154100205,255053.8,-49946.2,-16.38
546500.0,47.6786,-122.371,5309100450,410851.89,-135648.11,-24.82
522000.0,47.5616,-122.392,2391602650,350067.25,-171932.75,-32.94
320000.0,47.3619,-122.287,1310700390,303198.71,-16801.29,-5.25
220000.0,47.3829,-122.322,3530470190,260350.45,40350.45,18.34
491000.0,47.5996,-122.12,7375100070,437805.9,-53194.1,-10.83
672000.0,47.5744,-121.993,3905000340,595654.56,-76345.44,-11.36
481000.0,47.5343,-122.185,2824059043,635397.85,154397.85,32.1
525000.0,47.6886,-122.375,458000235,402817.9,-122182.1,-23.27
202000.0,47.5181,-122.267,7129304375,234964.45,32964.45,16.32
1190000.0,47.6406,-122.304,6788200800,967287.32,-222712.68,-18.72
559500.0,47.7179,-122.113,8123710070,590776.47,31276.47,5.59
488000.0,47.6772,-122.393,2856101105,405790.91,-82209.09,-16.85
269950.0,47.2606,-122.254,3094000210,251314.66,-18635.34,-6.9
460000.0,47.7226,-122.219,2896600020,408068.53,-51931.47,-11.29
245000.0,47.2981,-122.38,9211500560,241005.16,-3994.84,-1.63
810000.0,47.6375,-122.016,1118500030,874269.02,64269.02,7.93
629000.0,47.4911,-122.125,1656600310,657947.43,28947.43,4.6
950000.0,47.7154,-122.161,2726059100,906716.98,-43283.02,-4.56
539000.0,47.6942,-122.304,5101402435,524397.58,-14602.42,-2.71
525000.0,47.5319,-121.867,7852020300,358597.75,-166402.25,-31.7
570000.0,47.685,-122.359,1646501845,493624.14,-76375.86,-13.4
822500.0,47.63,-122.349,3025049052,807808.02,-14691.98,-1.79
215000.0,47.2706,-122.254,8856003839,271806.96,56806.96,26.42
235000.0,47.5611,-122.28,4154300296,382602.86,147602.86,62.81
430000.0,47.5662,-122.364,7891600245,442645.18,12645.18,2.94
320000.0,47.4429,-122.282,7147600225,321920.21,1920.21,0.6
512500.0,47.6094,-122.31,2254502070,661252.23,148752.23,29.02
491300.0,47.6099,-122.058,8562900180,460393.38,-30906.62,-6.29
266000.0,47.3521,-122.212,8669160310,263310.93,-2689.07,-1.01
234000.0,47.3885,-122.284,8075400530,207057.65,-26942.35,-11.51
1420000.0,47.6349,-122.204,7933250050,1385455.74,-34544.26,-2.43
1070000.0,47.5198,-122.156,3303960060,1205981.22,135981.22,12.71
315000.0,47.6172,-122.061,3575304017,287462.47,-27537.53,-8.74
590000.0,47.5382,-122.391,4315700275,498369.19,-91630.81,-15.53
315000.0,47.6931,-121.921,4046500140,291156.77,-23843.23,-7.57
404763.0,47.5521,-121.998,8929000330,340573.44,-64189.56,-15.86
515000.0,47.6699,-122.369,2768100040,449466.75,-65533.25,-12.72
349000.0,47.6004,-122.299,3796000400,435951.7,86951.7,24.91
371000.0,47.71,-122.286,4077800518,372074.17,1074.17,0.29
488000.0,47.6949,-122.37,2688100075,525077.71,37077.71,7.6
294010.0,47.5291,-122.351,2113701100,306006.37,11996.37,4.08
622500.0,47.7498,-122.146,2817260130,755492.08,132992.08,21.36
1200000.0,47.528,-122.132,7237501040,1322730.0,122730.0,10.23
238000.0,47.6946,-122.357,1172000150,275063.62,37063.62,15.57
215000.0,47.4787,-122.275,3229200040,358591.05,143591.05,66.79
592500.0,47.6384,-122.403,1370802620,523153.13,-69346.87,-11.7
271500.0,47.4129,-122.322,2868300115,293377.05,21877.05,8.06
547500.0,47.739,-122.203,1088800470,760282.38,212782.38,38.86
355000.0,47.6982,-122.347,263000359,465565.49,110565.49,31.15
247000.0,47.2843,-122.357,9269750460,252578.56,5578.56,2.26
266750.0,47.3862,-122.315,2013800095,228665.92,-38084.08,-14.28
299900.0,47.3203,-122.385,8731990440,261157.77,-38742.23,-12.92
465000.0,47.7311,-122.353,2419600075,415833.68,-49166.32,-10.57
350000.0,47.761,-122.307,4024101451,400952.66,50952.66,14.56
483000.0,47.6689,-122.326,3856905185,513562.07,30562.07,6.33
250000.0,47.3839,-122.225,1922059135,242747.2,-7252.8,-2.9
700000.0,47.646,-122.363,976000879,550981.28,-149018.72,-21.29
333000.0,47.4918,-122.141,2739200160,412517.73,79517.73,23.88
339950.0,47.432,-122.329,9320990140,286163.38,-53786.62,-15.82
810000.0,47.7391,-122.102,2195700050,1079440.6,269440.6,33.26
509000.0,47.6092,-122.146,8944600620,605428.69,96428.69,18.94
507000.0,47.6258,-122.038,2872900390,439588.38,-67411.62,-13.3
268000.0,47.3104,-122.394,8732190070,244912.63,-23087.37,-8.61
555000.0,47.6161,-122.302,7228500037,506540.9,-48459.1,-8.73
228950.0,47.2795,-122.353,7137800300,267003.23,38053.23,16.62
415000.0,47.5119,-122.255,7129300935,654381.99,239381.99,57.68
518380.0,47.3552,-122.023,3744000040,442929.75,-75450.25,-14.56
540000.0,47.5745,-122.311,3964400160,546165.11,6165.11,1.14
185000.0,47.494,-122.307,3826000070,268237.69,83237.69,44.99
403500.0,47.734,-122.353,1926049141,284061.34,-119438.66,-29.6
549000.0,47.6432,-122.057,8651540040,482981.36,-66018.64,-12.03
447055.0,47.3428,-122.179,1085623710,390043.04,-57011.96,-12.75
280000.0,47.4617,-122.327,1214700090,361775.93,81775.93,29.21
445000.0,47.7001,-122.309,8024202520,447888.66,2888.66,0.65
850000.0,47.5435,-121.966,3024079063,500313.35,-349686.65,-41.14
465000.0,47.6685,-122.365,475000190,488171.67,23171.67,4.98
571000.0,47.7168,-122.287,8820901275,691952.99,120952.99,21.18
635000.0,47.5897,-122.156,7811200310,661944.3,26944.3,4.24
445000.0,47.7092,-122.015,8682310470,445707.82,707.82,0.16
358000.0,47.5535,-121.997,3630080120,268300.88,-89699.12,-25.06
530000.0,47.6871,-122.307,2887700995,650421.59,120421.59,22.72
205000.0,47.2873,-122.367,5029450850,216118.06,11118.06,5.42
615000.0,47.5696,-122.386,7577700136,468923.63,-146076.37,-23.75
645000.0,47.6873,-122.332,2402100675,708575.98,63575.98,9.86
445000.0,47.5448,-122.288,3333001997,386073.4,-58926.6,-13.24
380000.0,47.5122,-122.186,3343900120,471497.6,91497.6,24.08
430000.0,47.7412,-122.088,1770000460,493938.94,63938.94,14.87
550000.0,47.7498,-122.181,3825500020,777372.07,227372.07,41.34
169000.0,47.4971,-122.261,3352402195,227678.66,58678.66,34.72
399000.0,47.7246,-122.3,2126049096,460894.14,61894.14,15.51
1550000.0,47.64100000000001,-122.357,2652501565,1053759.27,-496240.73,-32.02
415000.0,47.6471,-122.397,6821102340,412516.02,-2483.98,-0.6
756000.0,47.6608,-122.145,7732400360,780238.85,24238.85,3.21
400000.0,47.6256,-122.037,2872900050,403353.49,3353.49,0.84
448500.0,47.7466,-122.249,3579000370,519205.35,70705.35,15.76
425000.0,47.7281,-122.233,1112700170,437152.44,12152.44,2.86
310000.0,47.3836,-122.082,1922069089,253096.01,-56903.99,-18.36
291000.0,47.566,-121.894,2475901105,186038.59,-104961.41,-36.07
655000.0,47.6535,-122.397,582000185,491590.12,-163409.88,-24.95
1110000.0,47.6645,-122.291,2436200200,967198.52,-142801.48,-12.86
1360000.0,47.7142,-122.277,7352200100,1414184.5,54184.5,3.98
345000.0,47.6522,-121.97,7302000500,317789.35,-27210.65,-7.89
240000.0,47.3581,-122.288,2722049092,268477.54,28477.54,11.87
299999.0,47.5565,-122.363,1773100967,368580.52,68581.52,22.86
465000.0,47.4959,-122.367,1223039195,460995.12,-4004.88,-0.86
399000.0,47.5392,-122.39,9557200090,313168.99,-85831.01,-21.51
505000.0,47.6054,-122.314,7942600975,612712.29,107712.29,21.33
336000.0,47.7475,-122.342,414100280,320897.12,-15102.88,-4.49
209995.0,47.4934,-122.166,421000500,183350.12,-26644.88,-12.69
295000.0,47.3518,-122.057,2215900900,286639.26,-8360.74,-2.83
500000.0,47.709,-122.35,7189800095,695594.93,195594.93,39.12
585000.0,47.6674,-122.358,9530100555,558863.24,-26136.76,-4.47
295000.0,47.5704,-122.409,1024000109,312703.86,17703.86,6.0
483453.0,47.4827,-121.773,1442880160,340656.6,-142796.4,-29.54
715000.0,47.6038,-122.303,9826701765,467866.68,-247133.32,-34.56
554000.0,47.4426,-122.342,5072100095,475269.64,-78730.36,-14.21
329000.0,47.7538,-122.322,6163901061,388469.14,59469.14,18.08
465000.0,47.3714,-122.059,1442740010,401595.96,-63404.04,-13.64
495000.0,47.701,-122.306,5101405331,492823.09,-2176.91,-0.44
535000.0,47.6748,-122.352,9523102420,619863.3,84863.3,15.86
420000.0,47.6973,-122.295,5652600427,479942.63,59942.63,14.27
450000.0,47.5659,-122.141,2206700165,437522.39,-12477.61,-2.77
400000.0,47.5596,-122.315,5141000720,525400.75,125400.75,31.35
276000.0,47.2635,-122.284,3750603732,236183.26,-39816.74,-14.43
310000.0,47.5471,-121.996,3630070010,219512.07,-90487.93,-29.19
657500.0,47.3062,-122.15,2025760210,658768.99,1268.99,0.19
550000.0,47.5519,-121.803,2024089011,373528.09,-176471.91,-32.09
1250000.0,47.5814,-122.081,724069023,1064459.98,-185540.02,-14.84
205000.0,47.5211,-122.33,13002460,336543.04,131543.04,64.17
335000.0,47.5116,-122.157,2482410130,480005.57,145005.57,43.29
625000.0,47.681,-122.388,1254200015,536944.21,-88055.79,-14.09
780000.0,47.7016,-122.103,3204930510,755072.96,-24927.04,-3.2
530000.0,47.4695,-122.366,7635801370,493065.1,-36934.9,-6.97
498000.0,47.6036,-122.305,9826701345,552208.17,54208.17,10.89
670000.0,47.7139,-122.223,6619900120,1167766.2,497766.2,74.29
485000.0,47.687,-122.391,4443800940,391311.4,-93688.6,-19.32
1730000.0,47.5665,-122.21,46100350,1704012.48,-25987.52,-1.5
355000.0,47.5491,-122.386,7625702400,298736.0,-56264.0,-15.85
300000.0,47.5336,-122.278,3904100089,387318.53,87318.53,29.11
281000.0,47.4833,-122.237,2988800065,314767.03,33767.03,12.02
218000.0,47.4892,-122.306,923049468,295454.21,77454.21,35.53
1050000.0,47.5964,-122.077,524069020,1066933.99,16933.99,1.61
561000.0,47.5498,-121.997,3630030500,352776.39,-208223.61,-37.12
609850.0,47.6544,-122.373,2770604942,674921.7,65071.7,10.67
267500.0,47.3737,-122.115,1865810060,353045.43,85545.43,31.98
207000.0,47.293,-122.215,7140600055,224580.08,17580.08,8.49
580000.0,47.5915,-122.132,4157600120,581811.73,1811.73,0.31
620000.0,47.6435,-122.373,5113400168,574889.25,-45110.75,-7.28
544500.0,47.6746,-122.325,3359500755,489106.94,-55393.06,-10.17
610000.0,47.6075,-122.2,682000030,796847.63,186847.63,30.63
265000.0,47.5259,-121.815,7851200040,197395.92,-67604.08,-25.51
485000.0,47.6324,-122.028,8078400020,412145.26,-72854.74,-15.02
1450000.0,47.6385,-122.348,1689400375,1220439.42,-229560.58,-15.83
220000.0,47.7027,-122.346,6145601745,372639.76,152639.76,69.38
920000.0,47.6145,-122.001,3525069037,763750.32,-156249.68,-16.98
1090000.0,47.5764,-122.287,5700002510,967392.13,-122607.87,-11.25
757000.0,47.6632,-122.201,7732000045,761016.35,4016.35,0.53
696500.0,47.7632,-122.09,1774230180,689990.94,-6509.06,-0.93
669950.0,47.6327,-122.036,7504110050,638467.87,-31482.13,-4.7
502000.0,47.5736,-122.152,384000135,432169.5,-69830.5,-13.91
775000.0,47.6388,-122.218,1925059049,532530.56,-242469.44,-31.29
580000.0,47.6624,-122.348,9521101065,625223.68,45223.68,7.8
311000.0,47.4941,-122.151,1023059223,372475.68,61475.68,19.77
630000.0,47.7649,-122.049,4298100070,671838.41,41838.41,6.64
353000.0,47.3224,-122.122,1221059176,333062.76,-19937.24,-5.65
928950.0,47.554,-122.19,2024059130,966714.7,37764.7,4.07
2490000.0,47.5636,-122.231,1324049015,2465935.94,-24064.06,-0.97
535000.0,47.6415,-122.401,1370803925,453541.97,-81458.03,-15.23
515000.0,47.7242,-122.105,1795910420,571121.62,56121.62,10.9
700000.0,47.6374,-122.324,2902200015,851376.76,151376.76,21.63
465000.0,47.7671,-122.33,7767400060,546344.6,81344.6,17.49
450000.0,47.7136,-122.288,3992700070,462500.93,12500.93,2.78
500000.0,47.5336,-122.052,5710610250,559902.98,59902.98,11.98
252000.0,47.5832,-122.399,913000340,387991.07,135991.07,53.96
232500.0,47.3278,-122.337,5560000640,193514.31,-38985.69,-16.77
375000.0,47.6717,-122.184,3897100060,401417.94,26417.94,7.04
1050000.0,47.6906,-122.019,7203230010,892536.29,-157463.71,-15.0
1000000.0,47.5871,-122.192,644200040,1215452.91,215452.91,21.55
300000.0,47.3617,-122.061,252000300,278271.55,-21728.45,-7.24
265000.0,47.2961,-122.188,7749500250,310977.22,45977.22,17.35
443000.0,47.5399,-122.352,3438503021,599079.8,156079.8,35.23
339000.0,47.557,-122.306,1708400370,389612.98,50612.98,14.93
458450.0,47.6038,-122.122,4037200690,405816.07,-52633.93,-11.48
650000.0,47.6767,-122.365,2880100795,559342.66,-90657.34,-13.95
1820000.0,47.6395,-122.214,1051000040,1204469.88,-615530.12,-33.82
959750.0,47.6205,-122.096,7431500280,962504.62,2754.62,0.29
711000.0,47.5688,-122.012,3904921120,652983.12,-58016.88,-8.16
500000.0,47.7312,-122.334,2026049326,561068.14,61068.14,12.21
438800.0,47.4541,-122.117,9558040230,584522.01,145722.01,33.21
388000.0,47.3474,-122.025,2781260070,421056.35,33056.35,8.52
163800.0,47.5419,-122.271,2724049222,342588.64,178788.64,109.15
575000.0,47.6782,-122.314,525049085,597467.6,22467.6,3.91
240000.0,47.7532,-122.244,9406500310,315775.91,75775.91,31.57
1190000.0,47.5211,-122.151,3303980470,1226535.72,36535.72,3.07
358000.0,47.3473,-122.314,251300110,282535.54,-75464.46,-21.08
609000.0,47.7227,-122.098,5701800030,657618.9,48618.9,7.98
256000.0,47.5232,-122.284,603001045,314264.64,58264.64,22.76
424950.0,47.6823,-122.327,2883200083,478076.77,53126.77,12.5
640000.0,47.5241,-122.039,3324069058,527390.16,-112609.84,-17.6
405000.0,47.6922,-122.163,1246700136,450735.2,45735.2,11.29
1280000.0,47.6847,-122.2,1245003268,1193656.35,-86343.65,-6.75
236000.0,47.5053,-122.255,2976800796,317364.42,81364.42,34.48
615000.0,47.5742,-122.315,3678900450,583792.71,-31207.29,-5.07
469950.0,47.5432,-122.376,3277801580,516021.05,46071.05,9.8
485000.0,47.7074,-122.349,2291401425,407056.21,-77943.79,-16.07
325000.0,47.7364,-121.969,1518000080,323276.27,-1723.73,-0.53
394000.0,47.3655,-122.028,3793500730,344987.68,-49012.32,-12.44
550000.0,47.6283,-122.032,6600220490,447259.12,-102740.88,-18.68
385000.0,47.7466,-122.347,3293700105,410050.63,25050.63,6.51
173250.0,47.4849,-122.303,6404600006,339735.96,166485.96,96.1
474500.0,47.5971,-122.295,1250201165,446648.64,-27851.36,-5.87
436000.0,47.4778,-122.146,5104200470,554047.5,118047.5,27.08
845000.0,47.742,-122.035,7574910450,920095.88,75095.88,8.89
465000.0,47.5509,-122.377,1053000010,369671.4,-95328.6,-20.5
500000.0,47.6198,-122.299,9828702262,570896.15,70896.15,14.18
275000.0,47.4594,-122.346,2968800010,322985.47,47985.47,17.45
468000.0,47.539,-122.18,3205100080,525515.48,57515.48,12.29
275000.0,47.3361,-122.175,806800110,312300.88,37300.88,13.56
425000.0,47.5353,-121.879,7852130430,310909.3,-114090.7,-26.84
447000.0,47.5185,-122.392,2487200680,312317.14,-134682.86,-30.13
1140000.0,47.6624,-122.197,7882600326,1509084.39,369084.39,32.38
600000.0,47.6729,-122.363,2769600480,437979.41,-162020.59,-27.0
455000.0,47.6675,-122.368,1225039067,458084.67,3084.67,0.68
560000.0,47.54,-122.267,2624049035,617751.37,57751.37,10.31
474000.0,47.6385,-122.344,2041000025,427356.65,-46643.35,-9.84
455000.0,47.7171,-122.32,6413600123,508919.6,53919.6,11.85
545000.0,47.515,-121.869,7853361410,374989.77,-170010.23,-31.19
240000.0,47.5024,-122.169,1061400180,368898.52,128898.52,53.71
605000.0,47.6021,-122.202,5739601300,452197.49,-152802.51,-25.26
445000.0,47.6684,-122.368,3019300050,444952.77,-47.23,-0.01
900000.0,47.5836,-122.2,2344300122,867695.52,-32304.48,-3.59
289000.0,47.5155,-122.374,7454000585,227237.26,-61762.74,-21.37
698000.0,47.6886,-122.211,3885803465,457022.48,-240977.52,-34.52
307000.0,47.6499,-121.915,8658303065,254248.28,-52751.72,-17.18
720000.0,47.6434,-122.324,1959700225,595046.69,-124953.31,-17.35
520000.0,47.6096,-122.132,4038400040,528850.61,8850.61,1.7
432000.0,47.5803,-122.05,6791100410,416155.0,-15845.0,-3.67
695000.0,47.5435,-121.888,7853301520,640099.52,-54900.48,-7.9
360000.0,47.7748,-122.337,6648000050,379435.22,19435.22,5.4
324000.0,47.3654,-122.164,6705900070,348004.8,24004.8,7.41
295000.0,47.5124,-122.372,7454001060,240142.65,-54857.35,-18.6
599950.0,47.669,-122.402,1176001123,440479.54,-159470.46,-26.58
872500.0,47.6515,-122.397,582000644,579975.86,-292524.14,-33.53
685000.0,47.6981,-122.099,8732900300,632728.01,-52271.99,-7.63
666570.0,47.5558,-122.269,1231000458,670042.91,3472.91,0.52
730000.0,47.6437,-122.396,5042300095,528182.4,-201817.6,-27.65
340000.0,47.6965,-121.922,4046601420,341591.36,1591.36,0.47
1250000.0,47.5897,-122.229,5452301800,1732965.52,482965.52,38.64
300000.0,47.3719,-122.461,3022039069,237240.86,-62759.14,-20.92
330000.0,47.7278,-122.226,6675500112,377180.39,47180.39,14.3
230000.0,47.4213,-122.322,2946000751,252457.39,22457.39,9.76
579000.0,47.5827,-122.387,6379500227,472938.99,-106061.01,-18.32
333000.0,47.4551,-122.151,2473001210,419426.5,86426.5,25.95
199500.0,47.3643,-122.09,8651443190,237470.09,37970.09,19.03
310000.0,47.4275,-122.331,6123000070,270128.78,-39871.22,-12.86
2460000.0,47.6304,-122.236,3262300555,2590128.36,130128.36,5.29
260750.0,47.341,-122.309,4223000140,235366.38,-25383.62,-9.73
562500.0,47.6371,-122.327,2902200241,510215.24,-52284.76,-9.3
650000.0,47.5876,-122.292,161000120,790387.13,140387.13,21.6
675000.0,47.5603,-122.013,1424069110,557455.26,-117544.74,-17.41
315000.0,47.4756,-122.147,5127001620,340695.84,25695.84,8.16
357000.0,47.5274,-122.379,1782500035,293972.57,-63027.43,-17.65
389000.0,47.3547,-122.285,3422049088,235090.69,-153909.31,-39.57
925000.0,47.7211,-122.283,1454600266,1238819.1,313819.1,33.93
325000.0,47.76300000000001,-122.291,2678100005,302618.55,-22381.45,-6.89
515000.0,47.5543,-122.359,3438500250,707724.98,192724.98,37.42
541000.0,47.6695,-122.32,1928300640,554575.4,13575.4,2.51
473000.0,47.6488,-122.385,2770601365,313916.54,-159083.46,-33.63
265000.0,47.7411,-122.322,7568700135,416368.85,151368.85,57.12
575000.0,47.6296,-122.3,3204300705,547759.57,-27240.43,-4.74
312000.0,47.5567,-122.363,1773100972,387266.9,75266.9,24.12
380000.0,47.5066,-122.377,7100000250,338196.23,-41803.77,-11.0
653450.0,47.5936,-122.013,224069010,532874.73,-120575.27,-18.45
495000.0,47.7218,-122.306,2126049265,539388.79,44388.79,8.97
1250000.0,47.5686,-122.154,7856660130,1288043.3,38043.3,3.04
630000.0,47.6236,-122.318,6852700097,626372.07,-3627.93,-0.58
729000.0,47.5449,-121.995,3629920860,554042.59,-174957.41,-24.0
295000.0,47.5139,-122.187,2720000120,351537.32,56537.32,19.17
380600.0,47.7256,-121.97,3793400360,367600.94,-12999.06,-3.42
300000.0,47.5401,-122.292,3395041236,468973.21,168973.21,56.32
294000.0,47.7254,-122.175,2126059048,353320.74,59320.74,20.18
343566.0,47.5312,-122.392,34000005,309719.7,-33846.3,-9.85
698000.0,47.6845,-122.201,1245003160,710460.65,12460.65,1.79
825000.0,47.6835,-122.045,7202300540,921554.06,96554.06,11.7
291600.0,47.4514,-122.159,2473420070,322152.12,30552.12,10.48
639983.0,47.4969,-122.145,1604730150,596116.66,-43866.34,-6.85
665000.0,47.7228,-122.369,7640400070,706850.01,41850.01,6.29
225000.0,47.3054,-122.371,8945300040,226863.75,1863.75,0.83
465000.0,47.7294,-122.186,3288200710,520954.06,55954.06,12.03
830005.0,47.6992,-122.385,586000020,1168317.18,338312.18,40.76
550000.0,47.6648,-122.204,4151800265,376979.72,-173020.28,-31.46
1380000.0,47.5323,-122.237,2524049108,1307121.14,-72878.86,-5.28
774000.0,47.6607,-122.396,7010700810,641239.72,-132760.28,-17.15
259000.0,47.3684,-122.318,7524100280,201193.5,-57806.5,-22.32
442500.0,47.7522,-122.338,5253300437,511686.21,69186.21,15.64
411605.0,47.2603,-122.194,3845100640,332046.57,-79558.43,-19.33
417000.0,47.5297,-122.354,2113700620,517521.52,100521.52,24.11
392000.0,47.5553,-122.288,2660500365,411676.97,19676.97,5.02
697000.0,47.5883,-121.991,629410180,655896.18,-41103.82,-5.9
250000.0,47.6131,-122.123,4038000040,512715.27,262715.27,105.09
204555.0,47.2737,-122.153,2721059173,275456.74,70901.74,34.66
657500.0,47.6597,-122.29,9822700285,637499.18,-20000.82,-3.04
750000.0,47.537,-122.185,3204960200,1068005.17,318005.17,42.4
880000.0,47.6806,-122.167,1241900028,900744.96,20744.96,2.36
340000.0,47.3845,-122.154,5469501940,429397.83,89397.83,26.29
830000.0,47.6042,-122.193,8146200150,739924.12,-90075.88,-10.85
150000.0,47.2958,-122.285,4031000250,248204.15,98204.15,65.47
335000.0,47.4676,-122.296,6385800030,366502.37,31502.37,9.4
813000.0,47.6247,-122.016,2725069121,837132.9,24132.9,2.97
1090000.0,47.5814,-122.196,2450000295,849137.69,-240862.31,-22.1
950000.0,47.5959,-122.291,4473400195,986944.86,36944.86,3.89
3100000.0,47.5716,-122.204,4131900066,2832834.48,-267165.52,-8.62
270000.0,47.772,-122.323,3971700937,298261.76,28261.76,10.47
530000.0,47.7567,-122.333,2783100230,500884.58,-29115.42,-5.49
449000.0,47.3013,-122.109,1321059052,241775.34,-207224.66,-46.15
405000.0,47.473,-122.118,1081200070,530415.08,125415.08,30.97
680000.0,47.6313,-122.172,2825059256,1060273.19,380273.19,55.92
760000.0,47.5569,-122.151,7856560380,723104.61,-36895.39,-4.85
575000.0,47.5723,-122.376,4321200580,612392.1,37392.1,6.5
289200.0,47.7468,-121.98,1559900080,344187.27,54987.27,19.01
1260000.0,47.5991,-122.2,2213000030,1139101.03,-120898.97,-9.6
398950.0,47.3684,-122.073,50300090,447671.62,48721.62,12.21
690000.0,47.6363,-122.32,2207500880,651043.81,-38956.19,-5.65
542126.0,47.7661,-122.071,7214710300,580657.82,38531.82,7.11
579000.0,47.4127,-122.071,822069029,421274.79,-157725.21,-27.24
536000.0,47.7711,-122.168,9532000070,581549.03,45549.03,8.5
230000.0,47.497,-122.357,7642200095,305393.19,75393.19,32.78
589000.0,47.648,-122.358,9578080040,583885.57,-5114.43,-0.87
503000.0,47.4088,-122.055,922069169,478669.11,-24330.89,-4.84
390000.0,47.6029,-122.309,1934800138,471770.85,81770.85,20.97
269000.0,47.2729,-122.299,2019200220,273212.02,4212.02,1.57
925000.0,47.56100000000001,-122.153,7856610160,796375.78,-128624.22,-13.91
808250.0,47.6419,-122.368,2425039017,547341.32,-260908.68,-32.28
181100.0,47.4217,-122.333,7893206095,267236.96,86136.96,47.56
680000.0,47.6354,-122.346,6926700660,597292.01,-82707.99,-12.16
796000.0,47.6769,-122.328,9528104910,669368.59,-126631.41,-15.91
1050000.0,47.6265,-122.295,5332200515,908255.89,-141744.11,-13.5
585000.0,47.5675,-122.016,3904910650,443226.97,-141773.03,-24.23
503500.0,47.6513,-122.386,2770601462,469085.67,-34414.33,-6.84
925000.0,47.6142,-122.284,5350200870,1139468.76,214468.76,23.19
301000.0,47.3663,-122.122,2799800710,390254.9,89254.9,29.65
2450000.0,47.5722,-122.236,3623500205,1898049.91,-551950.09,-22.53
975000.0,47.643,-122.37,7871500280,811722.58,-163277.42,-16.75
782500.0,47.6325,-122.064,8651611640,888281.17,105781.17,13.52
423500.0,47.5644,-122.29,1604601225,610469.53,186969.53,44.15
405000.0,47.3996,-122.32,2011400710,327898.98,-77101.02,-19.04
700000.0,47.7061,-122.307,8901500178,601865.52,-98134.48,-14.02
370000.0,47.6996,-122.308,3265300410,610627.55,240627.55,65.03
825000.0,47.7003,-122.285,5418500800,740535.36,-84464.64,-10.24
1900000.0,47.5395,-122.21,3024059014,2091364.2,191364.2,10.07
580000.0,47.5748,-122.031,7525410090,485587.74,-94412.26,-16.28
277000.0,47.5162,-122.261,223049087,349827.24,72827.24,26.29
643002.0,47.6807,-122.364,4172100240,505797.0,-137205.0,-21.34
269950.0,47.3754,-122.277,1440700190,320070.13,50120.13,18.57
438900.0,47.3535,-122.026,2781100080,441518.82,2618.82,0.6
270000.0,47.4968,-122.302,3092000030,398059.59,128059.59,47.43
290000.0,47.7202,-122.339,3034200885,417275.04,127275.04,43.89
550000.0,47.537,-122.375,8122100355,429215.52,-120784.48,-21.96
110000.0,47.4997,-122.317,3361401011,197123.24,87123.24,79.2
650000.0,47.565,-122.274,4154303125,709273.41,59273.41,9.12
156000.0,47.3012,-122.218,7116500705,232512.51,76512.51,49.05
324000.0,47.7373,-121.966,7326200110,311333.28,-12666.72,-3.91
435000.0,47.592,-122.307,7132300695,434718.56,-281.44,-0.06
641000.0,47.6786,-122.368,2028700360,495606.1,-145393.9,-22.68
190000.0,47.3231,-122.215,6131600240,208596.13,18596.13,9.79
710000.0,47.5879,-121.973,8691300500,696652.87,-13347.13,-1.88
1110000.0,47.6467,-122.118,5556300116,1025833.43,-84166.57,-7.58
780000.0,47.6835,-122.308,7266200085,596866.74,-183133.26,-23.48
544000.0,47.5451,-121.882,7853270630,376491.81,-167508.19,-30.79
875000.0,47.6838,-122.332,2883201055,651552.2,-223447.8,-25.54
658500.0,47.6456,-122.387,6681500205,491091.22,-167408.78,-25.42
400000.0,47.2953,-122.097,1921069068,324129.87,-75870.13,-18.97
359000.0,47.7052,-122.343,8730000270,481221.67,122221.67,34.05
250000.0,47.381,-122.299,3601800580,301866.47,51866.47,20.75
545000.0,47.5643,-122.38,952005000,587468.42,42468.42,7.79
200000.0,47.3101,-122.212,1821059067,223478.82,23478.82,11.74
463000.0,47.732,-122.197,3764650050,574053.6,111053.6,23.99
2200000.0,47.5463,-122.397,7935000280,1768656.58,-431343.42,-19.61
635000.0,47.6343,-121.969,6979910120,499834.87,-135165.13,-21.29
430000.0,47.7709,-122.294,1155620190,425976.37,-4023.63,-0.94
520000.0,47.5476,-122.012,3629800100,495755.48,-24244.52,-4.66
269900.0,47.4556,-122.157,2473251090,306750.73,36850.73,13.65
631500.0,47.5778,-122.382,513000585,658273.28,26773.28,4.24
355000.0,47.5309,-121.876,7852060370,259332.68,-95667.32,-26.95
410000.0,47.7345,-121.967,3782760080,446794.3,36794.3,8.97
753888.0,47.5439,-121.996,3629921160,687728.29,-66159.71,-8.78
629000.0,47.56100000000001,-122.126,1687910200,526336.14,-102663.86,-16.32
500000.0,47.6526,-122.349,1972201305,459011.62,-40988.38,-8.2
688500.0,47.6748,-122.352,9523102447,729365.03,40865.03,5.94
475000.0,47.6869,-122.317,8604900017,570563.05,95563.05,20.12
369000.0,47.6904,-122.393,4442800008,416700.89,47700.89,12.93
348000.0,47.3564,-122.198,3022900070,332084.64,-15915.36,-4.57
642860.0,47.7685,-122.159,9520900230,595310.77,-47549.23,-7.4
200500.0,47.3713,-122.186,8133300050,271485.41,70985.41,35.4
1050000.0,47.5396,-121.995,3630200780,859231.92,-190768.08,-18.17
240000.0,47.4741,-122.015,1523069095,285003.59,45003.59,18.75
426000.0,47.7,-122.129,7202000220,387986.13,-38013.87,-8.92
289000.0,47.5324,-122.387,9238901020,289299.98,299.98,0.1
1130000.0,47.6651,-122.19,1692900110,1228703.62,98703.62,8.73
1460000.0,47.5885,-121.939,98300230,1074113.47,-385886.53,-26.43
700000.0,47.68600000000001,-122.391,4443800765,501420.62,-198579.38,-28.37
570000.0,47.7,-122.172,2423020090,410701.26,-159298.74,-27.95
303210.0,47.2577,-122.198,7299600180,282362.78,-20847.22,-6.88
330000.0,47.184,-121.959,2468800040,369571.37,39571.37,11.99
365500.0,47.4511,-122.119,9558010190,402793.25,37293.25,10.2
280000.0,47.4469,-121.775,9407001620,273636.9,-6363.1,-2.27
178000.0,47.3632,-122.174,1330280100,247136.88,69136.88,38.84
313000.0,47.6967,-122.342,3126049439,415298.93,102298.93,32.68
229050.0,47.5375,-122.391,4322200105,197015.35,-32034.65,-13.99
302000.0,47.3774,-122.225,9183701085,303370.89,1370.89,0.45
290300.0,47.4836,-122.204,1723059050,258140.87,-32159.13,-11.08
325000.0,47.3701,-122.107,2621760350,334242.45,9242.45,2.84
1090000.0,47.5694,-122.283,8121100715,1116321.44,26321.44,2.41
150000.0,47.422,-122.066,522069097,283295.06,133295.06,88.86
1010000.0,47.658,-122.396,7010700308,904638.67,-105361.33,-10.43
449000.0,47.5182,-122.207,3342100995,492271.21,43271.21,9.64
465000.0,47.6839,-122.361,7519000225,428634.01,-36365.99,-7.82
935000.0,47.69300000000001,-121.868,4045500625,751931.98,-183068.02,-19.58
394950.0,47.6912,-122.313,5100400241,360283.19,-34666.81,-8.78
291000.0,47.4906,-122.309,985001321,269373.81,-21626.19,-7.43
189000.0,47.3025,-122.224,7116500125,177262.33,-11737.67,-6.21
414999.0,47.7166,-122.201,2570300130,497529.41,82530.41,19.89
509900.0,47.56399999999999,-122.093,8648900060,452137.37,-57762.63,-11.33
545000.0,47.567,-122.012,3904920390,440455.98,-104544.02,-19.18
950000.0,47.5172,-122.208,3342100569,892614.61,-57385.39,-6.04
440000.0,47.7079,-122.358,1139000135,419082.8,-20917.2,-4.75
863000.0,47.6803,-122.313,6814600150,754989.73,-108010.27,-12.52
405000.0,47.5537,-121.998,3630080190,277580.59,-127419.41,-31.46
420000.0,47.7135,-122.315,2044500142,485244.92,65244.92,15.53
318500.0,47.4562,-122.158,2473250850,309514.15,-8985.85,-2.82
699000.0,47.6735,-122.401,6908200006,618643.85,-80356.15,-11.5
360000.0,47.367,-122.115,9478500770,321453.74,-38546.26,-10.71
425000.0,47.5406,-121.889,7853301220,316248.07,-108751.93,-25.59
270000.0,47.2994,-122.37,2557000540,280062.57,10062.57,3.73
558000.0,47.7196,-122.022,8682291680,428154.91,-129845.09,-23.27
441000.0,47.6726,-122.32,825049073,472526.67,31526.67,7.15
740000.0,47.6869,-122.126,8860310120,753660.05,13660.05,1.85
415000.0,47.7695,-122.35,7283900185,463498.75,48498.75,11.69
449500.0,47.4116,-122.029,1022069058,399702.74,-49797.26,-11.08
225000.0,47.6374,-122.007,2325069054,369630.67,144630.67,64.28
247000.0,47.5097,-122.181,7227800055,308989.71,61989.71,25.1
725000.0,47.4872,-122.066,7880020030,790363.96,65363.96,9.02
604000.0,47.5208,-122.393,2487200875,381529.69,-222470.31,-36.83
544000.0,47.6781,-122.375,3052700460,473350.08,-70649.92,-12.99
152900.0,47.2107,-121.99,2420069017,280140.16,127240.16,83.22
700000.0,47.7425,-122.289,8026700105,743759.65,43759.65,6.25
360000.0,47.4779,-122.161,3211100730,350352.55,-9647.45,-2.68
207000.0,47.5298,-122.271,2658000215,295190.97,88190.97,42.6
218000.0,47.2974,-122.366,3306200240,205668.67,-12331.33,-5.66
700000.0,47.6663,-122.332,9550200370,526877.16,-173122.84,-24.73
445000.0,47.535,-122.348,2115200160,561867.15,116867.15,26.26
389000.0,47.3733,-122.432,2817100430,220439.17,-168560.83,-43.33
330000.0,47.7607,-122.329,6139100076,386017.36,56017.36,16.97
995000.0,47.5377,-122.221,8565900160,771203.27,-223796.73,-22.49
255000.0,47.5272,-122.322,7883604095,401351.25,146351.25,57.39
235000.0,47.4333,-122.212,8083350070,321453.79,86453.79,36.79
585000.0,47.6589,-122.397,7010700580,471476.13,-113523.87,-19.41
290000.0,47.4619,-122.187,7399300850,335297.02,45297.02,15.62
280000.0,47.7657,-122.321,3235100110,261317.46,-18682.54,-6.67
480000.0,47.6544,-122.134,8087800480,542221.51,62221.51,12.96
174950.0,47.3832,-122.3,3603000410,210758.96,35808.96,20.47
730000.0,47.7075,-122.102,2568200120,792548.06,62548.06,8.57
427000.0,47.6075,-122.134,4039300810,410825.38,-16174.62,-3.79
535365.0,47.4836,-121.769,1442870050,341621.32,-193743.68,-36.19
385000.0,47.4745,-122.141,1072000400,514267.02,129267.02,33.58
900000.0,47.6318,-122.369,6169901095,861807.14,-38192.86,-4.24
185000.0,47.4969,-122.3,923049400,345553.29,160553.29,86.79
450500.0,47.6866,-122.372,4305700086,436463.54,-14036.46,-3.12
861990.0,47.6848,-122.016,7203220400,789982.3,-72007.7,-8.35
532000.0,47.566,-122.29,1604601804,758572.37,226572.37,42.59
329932.0,47.7112,-122.357,8910500150,458294.34,128362.34,38.91
921000.0,47.6044,-122.284,9829200495,1180056.29,259056.29,28.13
3300000.0,47.6083,-122.11,3625059152,2705993.02,-594006.98,-18.0
429950.0,47.7041,-122.355,6145601000,426111.73,-3838.27,-0.89
507250.0,47.5389,-121.881,7852140040,368610.02,-138639.98,-27.33
530000.0,47.5976,-122.118,7375300160,579019.75,49019.75,9.25
249000.0,47.367,-122.181,7697920450,269131.36,20131.36,8.08
736000.0,47.6569,-122.123,1425059180,794288.86,58288.86,7.92
285000.0,47.4973,-122.347,723049333,308871.81,23871.81,8.38
568500.0,47.5212,-122.192,7954300460,780910.74,212410.74,37.36
1210000.0,47.6834,-122.2,1245003220,976305.88,-233694.12,-19.31
304000.0,47.7314,-122.237,3211200290,388015.46,84015.46,27.64
739000.0,47.5135,-122.2,2296500131,1175699.62,436699.62,59.09
585000.0,47.4919,-122.365,7784400070,563298.95,-21701.05,-3.71
510000.0,47.725,-122.172,8663310050,587992.18,77992.18,15.29
572000.0,47.5539,-122.267,1231001130,533676.31,-38323.69,-6.7
569000.0,47.6695,-122.05,2621700010,541667.19,-27332.81,-4.8
360000.0,47.3505,-122.027,2781250110,319043.4,-40956.6,-11.38
845000.0,47.6911,-122.054,9290850760,850258.79,5258.79,0.62
235000.0,47.3871,-122.224,3831000010,274875.87,39875.87,16.97
278500.0,47.3163,-122.188,8078520310,240777.1,-37722.9,-13.55
540000.0,47.7219,-122.102,3396200300,519223.03,-20776.97,-3.85
210490.0,47.3066,-122.371,8945200830,236075.85,25585.85,12.16
1110000.0,47.6482,-122.409,1070000180,976584.44,-133415.56,-12.02
398000.0,47.7663,-122.201,526059199,482747.22,84747.22,21.29
395000.0,47.762,-122.362,9265700005,366705.94,-28294.06,-7.16
245000.0,47.3009,-122.375,9542800610,218685.82,-26314.18,-10.74
677790.0,47.6892,-122.389,4449800480,619407.08,-58382.92,-8.61
267000.0,47.2988,-122.374,9542801310,254266.08,-12733.92,-4.77
415000.0,47.694,-122.346,9266700175,371606.21,-43393.79,-10.46
432000.0,47.7633,-122.243,2780700050,497294.66,65294.66,15.11
229000.0,47.5558,-122.363,1773100765,298971.09,69971.09,30.56
267500.0,47.5506,-122.29,3445400120,375702.65,108202.65,40.45
930000.0,47.6702,-122.142,2869200110,1117437.04,187437.04,20.15
269000.0,47.7547,-122.323,6163901033,274839.55,5839.55,2.17
285000.0,47.4043,-122.185,5412200180,324395.91,39395.91,13.82
425000.0,47.5513,-122.264,3723800415,474005.45,49005.45,11.53
425000.0,47.515,-122.162,323059103,419813.9,-5186.1,-1.22
1250000.0,47.559,-122.162,2600010220,1486363.61,236363.61,18.91
360000.0,47.758,-122.325,1115100119,407451.38,47451.38,13.18
132500.0,47.32,-122.278,4014400237,239991.04,107491.04,81.13
420000.0,47.7566,-122.363,6190700284,501690.67,81690.67,19.45
317000.0,47.7257,-122.329,6414600321,362846.92,45846.92,14.46
379950.0,47.3756,-122.044,4123810210,332993.29,-46956.71,-12.36
227000.0,47.3112,-122.378,8731950910,277500.57,50500.57,22.25
247500.0,47.2974,-122.372,5360200054,243112.84,-4387.16,-1.77
425000.0,47.7342,-122.202,6204200560,427700.99,2700.99,0.64
622500.0,47.5714,-122.376,9285800020,572197.96,-50302.04,-8.08
148226.0,47.3123,-122.186,1682000350,232473.44,84247.44,56.84
850000.0,47.6044,-122.168,3260000300,788206.35,-61793.65,-7.27
760000.0,47.6797,-122.357,2877104196,645928.44,-114071.56,-15.01
370000.0,47.3515,-122.164,1152700020,424911.96,54911.96,14.84
238000.0,47.5445,-122.376,3277801646,296308.87,58308.87,24.5
417000.0,47.5893,-122.299,272000220,494262.2,77262.2,18.53
1010000.0,47.5457,-122.153,2600140370,831425.67,-178574.33,-17.68
3650000.0,47.6515,-122.277,4217402115,3928365.89,278365.89,7.63
261490.0,47.4894,-122.188,9476200485,324199.72,62709.72,23.98
275000.0,47.4058,-122.177,2796100680,280612.12,5612.12,2.04
395000.0,47.6508,-122.383,2771102158,489368.64,94368.64,23.89
844000.0,47.5602,-122.39,8149600065,805168.26,-38831.74,-4.6
451000.0,47.5267,-122.032,2354300910,249401.44,-201598.56,-44.7
524000.0,47.6682,-122.361,1383800015,480631.6,-43368.4,-8.28
421500.0,47.3682,-122.178,5714200140,480186.69,58686.69,13.92
300000.0,47.2741,-122.337,1139600270,289193.53,-10806.47,-3.6
260000.0,47.462,-122.193,7399300120,349968.87,89968.87,34.6
450000.0,47.5659,-122.117,2211700160,517110.42,67110.42,14.91
287500.0,47.4891,-122.263,182000350,413900.74,126400.74,43.97
292000.0,47.2842,-122.198,7349650120,203942.08,-88057.92,-30.16
430000.0,47.6819,-122.287,5430300171,529208.66,99208.66,23.07
268500.0,47.4025,-122.176,5419800510,260106.05,-8393.95,-3.13
435000.0,47.4341,-122.16,1473120230,586833.6,151833.6,34.9
505000.0,47.6884,-122.128,8860310240,682666.96,177666.96,35.18
405000.0,47.721,-122.182,3876100310,446581.74,41581.74,10.27
465000.0,47.6256,-122.059,7715801040,366426.49,-98573.51,-21.2
269950.0,47.3599,-122.188,3876760430,267066.33,-2883.67,-1.07
545000.0,47.5754,-122.15,2205700180,512663.56,-32336.44,-5.93
300000.0,47.4883,-122.191,9476700135,349129.86,49129.86,16.38
725000.0,47.5544,-121.99,3629980080,578351.12,-146648.88,-20.23
580000.0,47.5893,-122.019,4221250100,466577.1,-113422.9,-19.56
310000.0,47.5015,-122.124,5231000060,319403.71,9403.71,3.03
246500.0,47.2118,-121.983,1565900070,319149.71,72649.71,29.47
239950.0,47.487,-122.282,7340600827,262196.49,22246.49,9.27
256500.0,47.3735,-122.43,2817100900,208641.43,-47858.57,-18.66
408474.0,47.5342,-121.841,3862710180,306164.44,-102309.56,-25.05
501000.0,47.6831,-122.373,461002025,434059.1,-66940.9,-13.36
715000.0,47.6134,-122.042,5411600180,739271.41,24271.41,3.39
287450.0,47.5123,-122.358,7211400576,332022.15,44572.15,15.51
417500.0,47.7767,-122.365,126039323,395493.81,-22006.19,-5.27
351000.0,47.3982,-122.171,6752600130,346064.15,-4935.85,-1.41
440000.0,47.7285,-122.24,3580900200,436313.68,-3686.32,-0.84
368000.0,47.3708,-122.049,2822069078,296137.32,-71862.68,-19.53
735000.0,47.6239,-122.144,1277000240,964960.27,229960.27,31.29
670000.0,47.6265,-122.323,9831200221,629162.05,-40837.95,-6.1
577000.0,47.6551,-122.394,6917700650,507033.76,-69966.24,-12.13
1330000.0,47.6308,-122.369,6169900545,801171.95,-528828.05,-39.76
1700000.0,47.5749,-122.214,2655500241,1822306.43,122306.43,7.19
850000.0,47.5418,-122.136,2597530070,914617.29,64617.29,7.6
460000.0,47.5429,-122.188,6705120100,503651.07,43651.07,9.49
819000.0,47.4376,-122.456,3223039109,585696.13,-233303.87,-28.49
458000.0,47.7709,-122.212,626059276,689574.28,231574.28,50.56
235000.0,47.5662,-121.886,6730700260,199968.29,-35031.71,-14.91
500000.0,47.5116,-122.144,5230000020,660820.11,160820.11,32.16
410000.0,47.5719,-122.39,7905200205,376487.86,-33512.14,-8.17
500000.0,47.5773,-122.409,2997800015,385585.66,-114414.34,-22.88
430000.0,47.5317,-121.853,7852180340,310469.49,-119530.51,-27.8
950000.0,47.6213,-122.2,8725950170,879799.17,-70200.83,-7.39
815000.0,47.6829,-122.4,8082400136,697124.31,-117875.69,-14.46
859950.0,47.6236,-122.023,2862500070,735771.47,-124178.53,-14.44
868500.0,47.53100000000001,-122.204,518500210,877370.85,8870.85,1.02
810000.0,47.6398,-122.05,6817850050,1207889.15,397889.15,49.12
352000.0,47.5364,-122.365,9206950200,402350.14,50350.14,14.3
180000.0,47.1955,-121.999,7575500040,293830.2,113830.2,63.24
896000.0,47.7268,-122.05,4054530210,1037882.08,141882.08,15.84
339900.0,47.5234,-122.177,3268000040,353065.55,13165.55,3.87
430000.0,47.5478,-121.999,3630000130,316577.05,-113422.95,-26.38
650000.0,47.3608,-121.97,3022079080,642629.13,-7370.87,-1.13
243000.0,47.4135,-122.18,1355000220,265452.03,22452.03,9.24
1050000.0,47.6394,-122.321,6742700210,1208832.68,158832.68,15.13
450000.0,47.5934,-122.308,7132300550,438820.36,-11179.64,-2.48
1740000.0,47.6565,-122.278,4219400520,1337960.43,-402039.57,-23.11
114975.0,47.506,-122.335,892000025,239402.15,124427.15,108.22
930000.0,47.6636,-122.326,8818400450,885937.77,-44062.23,-4.74
1210000.0,47.6836,-122.208,1489300215,1041123.62,-168876.38,-13.96
225000.0,47.4565,-122.181,1423400225,222239.3,-2760.7,-1.23
685000.0,47.5833,-122.219,647100096,723015.92,38015.92,5.55
294950.0,47.7277,-122.308,6855700080,321869.87,26919.87,9.13
357000.0,47.419,-122.206,5252000200,447482.24,90482.24,25.35
751000.0,47.701,-122.111,2871000400,868559.72,117559.72,15.65
309000.0,47.5569,-122.363,1773100980,387104.46,78104.46,25.28
439000.0,47.4508,-122.352,6116500366,372381.5,-66618.5,-15.18
603000.0,47.4283,-122.102,7702600949,667128.17,64128.17,10.63
562000.0,47.6698,-122.325,3856904560,544429.62,-17570.38,-3.13
265000.0,47.5466,-122.304,2861100030,328851.06,63851.06,24.09
401000.0,47.7495,-122.327,5727500301,442222.74,41222.74,10.28
325000.0,47.7431,-122.073,1771000540,306483.52,-18516.48,-5.7
298000.0,47.3687,-122.126,7569450090,364954.44,66954.44,22.47
620000.0,47.6773,-122.372,5200100105,508625.8,-111374.2,-17.96
423000.0,47.5233,-122.378,2491200050,398730.92,-24269.08,-5.74
436110.0,47.6965,-122.342,9267200226,552662.58,116552.58,26.73
379950.0,47.7279,-122.192,9477201470,375240.58,-4709.42,-1.24
163000.0,47.4051,-122.296,2724201202,259136.32,96136.32,58.98
1190000.0,47.6227,-122.207,5536100020,840181.1,-349818.9,-29.4
219950.0,47.3146,-122.351,104510440,237707.19,17757.19,8.07
950000.0,47.5617,-122.134,3224500240,1033638.94,83638.94,8.8
345000.0,47.6968,-122.34,4310702918,439816.61,94816.61,27.48
289950.0,47.3357,-122.172,806800420,272483.0,-17467.0,-6.02
445000.0,47.5245,-121.926,6893300295,316259.35,-128740.65,-28.93
180000.0,47.5177,-122.353,3298701070,324578.42,144578.42,80.32
445800.0,47.7765,-122.276,4017110020,494150.92,48350.92,10.85
410000.0,47.7574,-122.343,726049213,443124.54,33124.54,8.08
270000.0,47.6928,-122.337,1997200060,398942.01,128942.01,47.76
422250.0,47.7733,-122.324,3971700903,480817.51,58567.51,13.87
435000.0,47.5668,-122.005,8665050450,376854.92,-58145.08,-13.37
205000.0,47.2891,-122.221,1450100420,203844.19,-1155.81,-0.56
195000.0,47.1958,-122.003,5437820020,325495.79,130495.79,66.92
315000.0,47.4068,-122.18,1862900360,335872.08,20872.08,6.63
140000.0,47.4659,-122.189,7399100210,321303.02,181303.02,129.5
705000.0,47.3844,-122.438,2122039094,750541.85,45541.85,6.46
460000.0,47.5234,-122.38,2491200330,344600.48,-115399.52,-25.09
415000.0,47.7538,-122.312,5589300145,422342.06,7342.06,1.77
320600.0,47.4564,-122.352,2968801075,235116.98,-85483.02,-26.66
751000.0,47.6006,-121.978,8691370500,617740.8,-133259.2,-17.74
735000.0,47.3443,-122.327,7203600560,423910.25,-311089.75,-42.33
756100.0,47.5394,-122.379,2489200230,533527.49,-222572.51,-29.44
375900.0,47.3222,-122.362,1789800020,219176.25,-156723.75,-41.69
1170000.0,47.6805,-122.346,3362401611,1026060.78,-143939.22,-12.3
356999.0,47.5998,-122.311,3319500628,417997.9,60998.9,17.09
475000.0,47.5099,-122.26,9218400050,616557.97,141557.97,29.8
268643.0,47.4362,-122.187,9117000170,329720.41,61077.41,22.74
315000.0,47.5096,-122.178,7227800110,297024.78,-17975.22,-5.71
785000.0,47.6954,-122.022,7203120020,794290.77,9290.77,1.18
270000.0,47.7276,-122.312,4427100025,461713.81,191713.81,71.01
170000.0,47.4502,-122.277,5379804470,315550.5,145550.5,85.62
723000.0,47.5509,-122.16,2600100370,709835.73,-13164.27,-1.82
685000.0,47.7039,-122.36,3442000127,655884.16,-29115.84,-4.25
290000.0,47.33600000000001,-122.319,5151600340,288933.71,-1066.29,-0.37
5110000.0,47.6767,-122.211,1247600105,5110606.62,606.62,0.01
357186.0,47.5519,-121.999,8929000170,283455.88,-73730.12,-20.64
220000.0,47.4965,-122.176,7809200055,302747.22,82747.22,37.61
539000.0,47.6543,-122.347,1931300425,644885.65,105885.65,19.64
302000.0,47.5526,-122.287,2341800195,323196.5,21196.5,7.02
240000.0,47.4431,-121.765,9407000230,219540.6,-20459.4,-8.52
185000.0,47.4217,-122.317,7686202635,204989.72,19989.72,10.81
330000.0,47.7419,-122.181,7016310030,481999.14,151999.14,46.06
988000.0,47.7205,-122.127,2944010240,1312831.74,324831.74,32.88
390000.0,47.4422,-122.151,1402000210,498695.22,108695.22,27.87
199000.0,47.352,-122.058,2215901840,277009.0,78009.0,39.2
363750.0,47.3484,-122.505,3522029031,360845.81,-2904.19,-0.8
500000.0,47.7109,-122.323,2926049400,483512.77,-16487.23,-3.3
550000.0,47.5683,-122.285,8121100015,387660.67,-162339.33,-29.52
630000.0,47.6666,-122.367,2768300655,573920.56,-56079.44,-8.9
311500.0,47.3877,-122.171,9485300010,354310.19,42810.19,13.74
800000.0,47.4626,-121.739,2323089065,602649.4,-197350.6,-24.67
535000.0,47.4688,-122.124,7806500290,636895.36,101895.36,19.05
368000.0,47.3941,-122.307,6790600790,242482.8,-125517.2,-34.11
126000.0,47.4865,-122.197,1352300990,200658.35,74658.35,59.25
1800000.0,47.5016,-121.905,323079101,1446761.28,-353238.72,-19.62
835000.0,47.5938,-122.048,424069206,813184.64,-21815.36,-2.61
184500.0,47.5056,-122.27,3352400004,255005.47,70505.47,38.21
436800.0,47.7056,-122.162,8126300610,634770.82,197970.82,45.32
2070000.0,47.6289,-122.205,9533100285,1567682.51,-502317.49,-24.27
299000.0,47.5151,-122.372,7454000875,224826.17,-74173.83,-24.81
599950.0,47.2498,-122.003,220069106,555704.97,-44245.03,-7.37
215000.0,47.3632,-122.087,8651401720,210669.38,-4330.62,-2.01
729000.0,47.6192,-122.319,6003500995,619495.34,-109504.66,-15.02
375000.0,47.7162,-122.36,7308900445,554969.67,179969.67,47.99
620000.0,47.6856,-122.168,7424600020,638413.68,18413.68,2.97
151000.0,47.5323,-122.347,2114700090,197446.96,46446.96,30.76
394000.0,47.5212,-122.371,4365200620,304355.97,-89644.03,-22.75
305000.0,47.4441,-122.125,1328320800,391688.47,86688.47,28.42
562000.0,47.6536,-122.356,1972200326,485649.22,-76350.78,-13.59
190000.0,47.2649,-122.242,3354400545,263968.73,73968.73,38.93
455000.0,47.6827,-122.298,9214400120,435036.25,-19963.75,-4.39
235000.0,47.5158,-122.267,7131300047,443698.04,208698.04,88.81
389000.0,47.7677,-122.163,9238450160,333510.38,-55489.62,-14.26
520000.0,47.4911,-122.224,7961500010,433582.46,-86417.54,-16.62
299000.0,47.4936,-122.102,5230300210,255935.22,-43064.78,-14.4
390000.0,47.4678,-122.363,2731600045,387311.49,-2688.51,-0.69
530000.0,47.6694,-122.279,3179100480,506484.65,-23515.35,-4.44
265000.0,47.5677,-122.29,1604602195,412600.06,147600.06,55.7
625000.0,47.6821,-122.196,3885805640,574644.45,-50355.55,-8.06
782900.0,47.5311,-122.073,8562790150,781299.69,-1600.31,-0.2
203700.0,47.3187,-122.171,7137900490,245528.1,41828.1,20.53
670000.0,47.6706,-122.265,714000155,552521.68,-117478.32,-17.53
265000.0,47.6968,-122.025,7203101610,278037.73,13037.73,4.92
899100.0,47.5416,-122.231,5452800495,662034.27,-237065.73,-26.37
307500.0,47.7133,-122.213,1138000410,349693.62,42193.62,13.72
780000.0,47.6302,-122.069,7525900050,388848.29,-391151.71,-50.15
467000.0,47.7564,-122.144,7214810350,506490.43,39490.43,8.46
835000.0,47.6056,-122.311,7942601435,1217427.02,382427.02,45.8
620000.0,47.7238,-122.165,2126059139,775968.55,155968.55,25.16
226950.0,47.4868,-122.33,1446401220,239049.94,12099.94,5.33
345000.0,47.6886,-121.911,4046700210,310545.04,-34454.96,-9.99
485000.0,47.6924,-122.321,5100401411,411244.23,-73755.77,-15.21
450000.0,47.53100000000001,-121.854,7852180430,276988.76,-173011.24,-38.45
580000.0,47.5399,-122.181,6073240060,756624.35,176624.35,30.45
400000.0,47.5345,-122.069,291310100,368615.66,-31384.34,-7.85
267500.0,47.4198,-122.158,3705000070,334193.27,66693.27,24.93
279950.0,47.3109,-122.229,492000532,298219.03,18269.03,6.53
338000.0,47.3473,-122.302,3260810110,277329.35,-60670.65,-17.95
701000.0,47.5223,-122.156,3260350090,784755.48,83755.48,11.95
370000.0,47.7471,-122.324,7301300215,402675.62,32675.62,8.83
275000.0,47.3363,-122.215,7338220200,297974.37,22974.37,8.35
310000.0,47.7155,-122.315,2044500213,480633.91,170633.91,55.04
485000.0,47.6683,-122.355,9523100712,519790.81,34790.81,7.17
618000.0,47.6644,-122.324,8818900300,483810.19,-134189.81,-21.71
245000.0,47.31100000000001,-122.227,492000475,258221.78,13221.78,5.4
550000.0,47.5728,-122.304,1596600024,679025.57,129025.57,23.46
472000.0,47.6104,-122.113,8857320130,642650.83,170650.83,36.15
285950.0,47.5033,-122.331,795000405,269905.27,-16044.73,-5.61
259000.0,47.473,-122.3,216500040,512618.16,253618.16,97.92
915000.0,47.6226,-122.205,5078400090,833445.94,-81554.06,-8.91
935000.0,47.6133,-122.306,7228501745,485740.85,-449259.15,-48.05
180000.0,47.3043,-122.216,3915500045,236771.47,56771.47,31.54
247200.0,47.2782,-122.212,3021059197,256255.17,9055.17,3.66
365000.0,47.7443,-122.327,6159400060,413557.4,48557.4,13.3
1240000.0,47.6579,-122.277,7613700950,1050554.05,-189445.95,-15.28
795000.0,47.6422,-122.361,7012200215,691401.74,-103598.26,-13.03
750000.0,47.6154,-122.115,4038700680,535352.46,-214647.54,-28.62
216000.0,47.3298,-122.297,421049116,228691.69,12691.69,5.88
186000.0,47.299,-122.228,3141600210,185023.07,-976.93,-0.53
850000.0,47.5133,-122.031,8163300320,631009.26,-218990.74,-25.76
505000.0,47.5659,-122.389,194000565,466299.92,-38700.08,-7.66
655000.0,47.3554,-121.986,3622069114,564855.34,-90144.66,-13.76
577000.0,47.5671,-122.391,3010300240,468487.17,-108512.83,-18.81
649000.0,47.6359,-121.94,2025079045,684663.33,35663.33,5.5
570000.0,47.574,-122.385,4229400015,360646.29,-209353.71,-36.73
282500.0,47.4991,-122.164,268500020,367304.02,84804.02,30.02
1680000.0,47.7265,-122.281,1455100355,1962503.21,282503.21,16.82
294000.0,47.731,-122.342,6450304260,358030.45,64030.45,21.78
866800.0,47.6772,-122.399,486000085,843297.17,-23502.83,-2.71
310000.0,47.6846,-122.346,3797001920,361120.18,51120.18,16.49
320000.0,47.4456,-121.773,9407001340,213286.93,-106713.07,-33.35
457000.0,47.7038,-122.317,5101408678,561595.58,104595.58,22.89
375000.0,47.3515,-122.134,3166900200,419500.52,44500.52,11.87
762000.0,47.6629,-122.329,510000050,724275.39,-37724.61,-4.95
1900000.0,47.593,-122.291,357000135,1282878.72,-617121.28,-32.48
383000.0,47.6788,-122.162,7436900045,430031.24,47031.24,12.28
640000.0,47.6045,-122.307,7942601895,729106.3,89106.3,13.92
1160000.0,47.6439,-122.302,8805900065,1521202.34,361202.34,31.14
500000.0,47.6809,-122.119,7105600085,558111.45,58111.45,11.62
520000.0,47.7717,-122.236,3818400110,627958.45,107958.45,20.76
360000.0,47.5338,-122.381,2492200956,304429.13,-55570.87,-15.44
835000.0,47.6893,-122.348,6431000206,645078.84,-189921.16,-22.75
150000.0,47.4771,-122.322,1723049567,286699.91,136699.91,91.13
804000.0,47.5628,-122.114,8965500030,755466.43,-48533.57,-6.04
380000.0,47.7205,-121.93,2026079055,314178.8,-65821.2,-17.32
210000.0,47.2987,-122.366,3306200010,214166.91,4166.91,1.98
298000.0,47.3455,-122.21,301401410,259840.69,-38159.31,-12.81
580000.0,47.5778,-122.389,8010100135,524759.32,-55240.68,-9.52
915000.0,47.6186,-122.288,9103000365,1037281.98,122281.98,13.36
660000.0,47.6594,-122.355,8129700728,570577.35,-89422.65,-13.55
405000.0,47.7012,-122.166,6608500290,455146.44,50146.44,12.38
245000.0,47.3815,-122.228,1922059102,300458.95,55458.95,22.64
587000.0,47.523,-121.877,7853310380,519402.44,-67597.56,-11.52
515000.0,47.3559,-122.0,5104532030,548011.01,33011.01,6.41
300000.0,47.5296,-122.351,2113701080,316169.86,16169.86,5.39
438000.0,47.5446,-122.385,5637500070,403220.28,-34779.72,-7.94
610000.0,47.2909,-122.342,1321720170,493969.86,-116030.14,-19.02
455000.0,47.6909,-122.381,3300701575,323978.57,-131021.43,-28.8
230000.0,47.4947,-122.185,7227501645,269792.73,39792.73,17.3
329900.0,47.3452,-122.209,301401610,276771.27,-53128.73,-16.1
699000.0,47.5153,-122.256,7129302685,650932.35,-48067.65,-6.88
275000.0,47.2866,-122.217,1921059303,263958.55,-11041.45,-4.02
960000.0,47.5531,-122.119,4139440830,879809.19,-80190.81,-8.35
465000.0,47.7694,-122.367,1837010010,457367.5,-7632.5,-1.64
680000.0,47.6241,-122.305,8141200080,653852.94,-26147.06,-3.85
179950.0,47.4362,-122.286,1003400245,258986.95,79036.95,43.92
219000.0,47.2887,-122.299,2191600780,251978.72,32978.72,15.06
299950.0,47.3384,-122.164,321059091,291607.9,-8342.1,-2.78
201700.0,47.2956,-122.272,7585000110,248127.1,46427.1,23.02
588000.0,47.7004,-122.368,3626039299,554329.36,-33670.64,-5.73
359000.0,47.3207,-122.266,302000545,241548.94,-117451.06,-32.72
279000.0,47.7222,-122.305,4426600125,420972.68,141972.68,50.89
665000.0,47.6651,-122.144,7955040080,612568.04,-52431.96,-7.88
385000.0,47.6361,-122.368,7011201087,401155.16,16155.16,4.2
400000.0,47.2592,-122.228,3121059036,372870.01,-27129.99,-6.78
1450000.0,47.7183,-122.258,4055700030,1396974.05,-53025.95,-3.66
510000.0,47.6168,-122.303,7228500610,435637.78,-74362.22,-14.58
437000.0,47.6799,-122.375,461003251,416086.67,-20913.33,-4.79
242000.0,47.4451,-121.768,9407000600,229579.8,-12420.2,-5.13
265000.0,47.2906,-122.349,1321730470,268865.14,3865.14,1.46
1240000.0,47.5634,-122.156,7855300200,1128530.94,-111469.06,-8.99
994000.0,47.6496,-122.391,1193000280,840755.43,-153244.57,-15.42
800000.0,47.5865,-122.397,139000185,769061.92,-30938.08,-3.87
450000.0,47.7663,-122.228,126049169,506904.16,56904.16,12.65
485000.0,47.7282,-122.186,3288200470,563888.54,78888.54,16.27
499000.0,47.6457,-122.374,2770604346,522740.41,23740.41,4.76
300000.0,47.7608,-122.353,6713700025,359898.63,59898.63,19.97
328000.0,47.5303,-122.346,7972600450,413804.22,85804.22,26.16
675000.0,47.6417,-122.325,2902200915,637684.64,-37315.36,-5.53
585000.0,47.6854,-122.373,5075400150,540452.84,-44547.16,-7.61
560000.0,47.666,-122.178,7922750020,662919.62,102919.62,18.38
252500.0,47.49800000000001,-122.263,3352402236,393640.98,141140.98,55.9
400000.0,47.5709,-122.401,7007700030,349732.79,-50267.21,-12.57
307999.0,47.2091,-122.009,9432900180,335579.11,27580.11,8.95
1180000.0,47.5508,-122.192,3864000120,1273903.61,93903.61,7.96
645000.0,47.5559,-122.379,5166700055,509771.52,-135228.48,-20.97
418000.0,47.6994,-122.347,263000155,482940.86,64940.86,15.54
330000.0,47.5155,-122.189,3343901340,357205.7,27205.7,8.24
833000.0,47.7054,-122.107,9348700450,1280411.59,447411.59,53.71
815000.0,47.5434,-122.229,6669200370,820790.3,5790.3,0.71
272000.0,47.2642,-122.213,4137070030,304989.34,32989.34,12.13
430000.0,47.5654,-121.929,1624079057,311755.71,-118244.29,-27.5
775000.0,47.445,-122.347,7766200013,498712.12,-276287.88,-35.65
285000.0,47.3025,-122.067,8594400060,297607.97,12607.97,4.42
938000.0,47.5492,-122.119,4139430310,1072341.77,134341.77,14.32
712500.0,47.5892,-122.202,1561600025,633423.59,-79076.41,-11.1
845800.0,47.6524,-122.184,7501000080,1186217.54,340417.54,40.25
249500.0,47.2933,-122.195,7806210070,203817.41,-45682.59,-18.31
277000.0,47.4768,-122.206,7231501665,266999.72,-10000.28,-3.61
695000.0,47.6554,-122.333,9178600055,480549.67,-214450.33,-30.86
317000.0,47.3337,-122.26,6649250410,347452.55,30452.55,9.61
454280.0,47.5464,-121.999,3630020090,322787.08,-131492.92,-28.95
369950.0,47.7053,-122.342,8730000260,481266.57,111316.57,30.09
505000.0,47.6261,-122.296,5332200550,554855.49,49855.49,9.87
700000.0,47.6911,-122.103,3275850190,843604.83,143604.83,20.51
235000.0,47.285,-122.206,7889000125,233433.98,-1566.02,-0.67
318000.0,47.7601,-122.307,4024101434,322108.21,4108.21,1.29
435000.0,47.5305,-121.847,7853230590,281075.52,-153924.48,-35.38
375000.0,47.3737,-122.164,321030070,362629.37,-12370.63,-3.3
490000.0,47.5304,-122.055,5710500010,526706.13,36706.13,7.49
344000.0,47.1951,-122.01,2571910100,297600.17,-46399.83,-13.49
255000.0,47.386,-122.184,1608000120,421901.61,166901.61,65.45
415000.0,47.6575,-122.402,6821100246,356300.12,-58699.88,-14.14
500000.0,47.5929,-122.308,7132300525,524657.64,24657.64,4.93
450000.0,47.5529,-122.268,3731800055,433864.79,-16135.21,-3.59
1440000.0,47.6452,-122.317,2025049111,1462414.14,22414.14,1.56
406000.0,47.6805,-122.301,9215400075,388429.77,-17570.23,-4.33
218000.0,47.3021,-122.388,1421039067,228572.78,10572.78,4.85
432000.0,47.6606,-122.059,8807810110,333419.2,-98580.8,-22.82
599900.0,47.7725,-121.899,4047200300,350950.57,-248949.43,-41.5
457500.0,47.6803,-122.371,461004195,390259.47,-67240.53,-14.7
350000.0,47.3954,-122.184,3528400180,437010.66,87010.66,24.86
352750.0,47.5999,-122.3,1250200415,400970.65,48220.65,13.67
230000.0,47.3675,-122.11,8092500720,249133.27,19133.27,8.32
284200.0,47.3386,-122.272,8159620160,243477.89,-40722.11,-14.33
243500.0,47.2897,-122.372,2791500270,227652.92,-15847.08,-6.51
700000.0,47.6209,-122.302,9828702895,703413.56,3413.56,0.49
696000.0,47.6827,-122.31,9547205180,666454.95,-29545.05,-4.24
350000.0,47.2739,-122.293,5205000160,303366.96,-46633.04,-13.32
926300.0,47.6352,-122.358,4232900940,606966.11,-319333.89,-34.47
249500.0,47.4249,-122.178,8960200280,248630.48,-869.52,-0.35
326989.0,47.3706,-122.017,255450400,343369.75,16380.75,5.01
558000.0,47.5153,-122.178,3449800010,812708.76,254708.76,45.65
898000.0,47.5539,-122.103,4139460290,971593.66,73593.66,8.2
247200.0,47.3664,-122.087,1796360470,247761.57,561.57,0.23
419000.0,47.6525,-121.985,1427300120,354355.39,-64644.61,-15.43
495000.0,47.6764,-122.301,7169500130,547807.64,52807.64,10.67
770000.0,47.5593,-122.016,1150900060,711137.97,-58862.03,-7.64
367500.0,47.736,-122.231,4189800020,465009.05,97509.05,26.53
325000.0,47.3444,-122.327,7203600550,245607.53,-79392.47,-24.43
760000.0,47.688,-122.163,2619920030,979789.16,219789.16,28.92
320000.0,47.4457,-122.123,2473480780,395173.21,75173.21,23.49
825000.0,47.6939,-122.391,3526039193,784933.93,-40066.07,-4.86
288000.0,47.3669,-122.02,9542840730,245056.58,-42943.42,-14.91
695000.0,47.5405,-121.882,7852140170,405781.1,-289218.9,-41.61
810000.0,47.6498,-122.32,1962200145,825067.18,15067.18,1.86
750000.0,47.5855,-122.383,9151600106,653827.97,-96172.03,-12.82
225000.0,47.3516,-122.057,2215900930,307379.95,82379.95,36.61
464000.0,47.6049,-122.288,1947300115,527844.92,63844.92,13.76
730000.0,47.6813,-122.048,425069102,1025072.66,295072.66,40.42
286800.0,47.4222,-122.193,8943600720,343892.48,57092.48,19.91
495000.0,47.2935,-122.108,2421059036,456034.88,-38965.12,-7.87
346000.0,47.4828,-122.344,1148000005,264572.33,-81427.67,-23.53
1000000.0,47.5488,-122.197,3343301910,1607423.91,607423.91,60.74
285000.0,47.459,-122.355,2968800660,212896.22,-72103.78,-25.3
325000.0,47.4999,-122.327,798000337,385900.62,60900.62,18.74
765000.0,47.6874,-122.214,856000255,523713.59,-241286.41,-31.54
435000.0,47.7247,-122.181,1839920050,430899.81,-4100.19,-0.94
795000.0,47.7429,-122.285,6744700900,896925.34,101925.34,12.82
490000.0,47.3384,-122.34,1196002948,434176.82,-55823.18,-11.39
572115.0,47.3559,-122.023,3744000100,520248.03,-51866.97,-9.07
825000.0,47.6188,-122.285,1954700615,923951.21,98951.21,11.99
490000.0,47.5931,-122.158,7811220070,644900.64,154900.64,31.61
441000.0,47.6927,-121.92,4046500160,408651.43,-32348.57,-7.34
276900.0,47.4967,-121.778,7795400046,248464.43,-28435.57,-10.27
523000.0,47.7176,-122.241,4055700778,798598.96,275598.96,52.7
712000.0,47.6627,-122.086,9510910050,661615.03,-50384.97,-7.08
470000.0,47.6088,-122.293,5366200330,536064.16,66064.16,14.06
258750.0,47.3282,-122.332,3391900130,114195.55,-144554.45,-55.87
915000.0,47.6735,-122.058,2413910120,1094017.01,179017.01,19.56
300000.0,47.3605,-122.04,5416500520,279444.55,-20555.45,-6.85
417000.0,47.6591,-122.392,2770606822,368900.34,-48099.66,-11.53
745000.0,47.5968,-122.174,9542400010,905888.79,160888.79,21.6
310000.0,47.5419,-122.288,6064800470,484134.55,174134.55,56.17
510000.0,47.4005,-122.312,8159300040,509352.76,-647.24,-0.13
1240000.0,47.5886,-122.287,1250204835,1419574.87,179574.87,14.48
469775.0,47.6465,-122.395,2325039057,476752.11,6977.11,1.49
729999.0,47.6113,-122.314,2254501095,745578.88,15579.88,2.13
195500.0,47.3231,-122.219,6131600285,195721.77,221.77,0.11
845000.0,47.7054,-122.129,3825310970,856501.11,11501.11,1.36
576250.0,47.6755,-122.37,452001570,464650.25,-111599.75,-19.37
744000.0,47.6927,-122.206,3754010040,719485.4,-24514.6,-3.29
235000.0,47.2046,-121.996,5595900280,283943.16,48943.16,20.83
195000.0,47.3608,-122.083,8651400580,180304.28,-14695.72,-7.54
999999.0,47.5983,-122.2,524059322,789915.94,-210083.06,-21.01
1050000.0,47.6482,-122.408,1070000390,933512.24,-116487.76,-11.09
1350000.0,47.4097,-122.063,822069112,1258371.71,-91628.29,-6.79
735000.0,47.5977,-121.981,8691410100,684972.81,-50027.19,-6.81
550000.0,47.6569,-122.348,1931300815,465790.96,-84209.04,-15.31
440000.0,47.6756,-122.348,9523102040,577800.6,137800.6,31.32
187000.0,47.3811,-122.317,3530430100,253492.59,66492.59,35.56
668000.0,47.46100000000001,-122.0,5561400260,663724.93,-4275.07,-0.64
275000.0,47.3534,-122.057,2215902010,321149.11,46149.11,16.78
194900.0,47.3057,-122.216,7335400500,246834.23,51934.23,26.65
880000.0,47.6344,-122.305,3592500985,914900.74,34900.74,3.97
215000.0,47.2864,-122.357,9202000080,242102.14,27102.14,12.61
365000.0,47.6988,-122.351,1529300410,368976.06,3976.06,1.09
693000.0,47.7048,-122.109,1873100060,659382.81,-33617.19,-4.85
375000.0,47.6011,-122.124,4036800770,453148.48,78148.48,20.84
521000.0,47.7627,-122.076,7214700350,531268.4,10268.4,1.97
224000.0,47.4756,-122.301,3598600049,250759.24,26759.24,11.95
565000.0,47.2673,-122.027,3421069049,564350.49,-649.51,-0.11
392000.0,47.5574,-122.315,5141000510,539970.8,147970.8,37.75
424000.0,47.7281,-122.311,4427100145,383950.97,-40049.03,-9.45
324950.0,47.7402,-122.323,7568700175,349118.36,24168.36,7.44
235000.0,47.5493,-122.372,3278600680,386510.72,151510.72,64.47
374900.0,47.4389,-122.116,8691510310,396680.49,21780.49,5.81
130000.0,47.4007,-122.294,2500600289,239520.11,109520.11,84.25
430000.0,47.7176,-122.033,8682262400,360956.27,-69043.73,-16.06
265000.0,47.4973,-122.256,399000025,273569.02,8569.02,3.23
272000.0,47.5031,-122.242,4058801065,353705.76,81705.76,30.04
445000.0,47.5663,-122.408,1563100557,371120.83,-73879.17,-16.6
625000.0,47.706,-122.29,2726049169,556820.66,-68179.34,-10.91
215000.0,47.1963,-121.997,2620069077,301033.67,86033.67,40.02
660000.0,47.755,-122.216,726059483,790374.69,130374.69,19.75
369950.0,47.371,-122.108,2621750280,358996.44,-10953.56,-2.96
485000.0,47.6648,-122.343,6865200140,537877.72,52877.72,10.9
345000.0,47.5116,-122.379,9357000635,258594.63,-86405.37,-25.05
423000.0,47.48,-122.137,3295900490,485407.98,62407.98,14.75
255000.0,47.4811,-122.162,3211000040,279455.15,24455.15,9.59
403500.0,47.7259,-122.297,9421500150,512839.11,109339.11,27.1
324950.0,47.5081,-122.33,795001930,333727.86,8777.86,2.7
558000.0,47.5668,-122.384,952001765,417154.34,-140845.66,-25.24
472000.0,47.6381,-122.375,2771602420,435413.86,-36586.14,-7.75
425000.0,47.7609,-122.297,4023500352,495822.13,70822.13,16.66
255000.0,47.3144,-122.278,1521049156,285059.56,30059.56,11.79
279950.0,47.3563,-122.039,2310000440,254798.52,-25151.48,-8.98
565000.0,47.7757,-122.295,4022900652,521418.68,-43581.32,-7.71
190000.0,47.4862,-122.264,2172000035,243982.95,53982.95,28.41
264950.0,47.7606,-122.32,6163900032,265104.87,154.87,0.06
400000.0,47.7438,-122.247,3582700130,502019.07,102019.07,25.5
345000.0,47.302,-122.123,3410600100,265582.31,-79417.69,-23.02
270000.0,47.4905,-122.347,3744600704,353480.47,83480.47,30.92
183000.0,47.3205,-122.33,7943000020,240826.71,57826.71,31.6
530000.0,47.6681,-122.305,2218000335,499724.84,-30275.16,-5.71
715000.0,47.6496,-122.407,6662000070,635256.18,-79743.82,-11.15
269500.0,47.3385,-122.262,304100010,221371.54,-48128.46,-17.86
702000.0,47.614,-122.041,5411600020,671272.95,-30727.05,-4.38
906000.0,47.6653,-122.272,5606000120,963007.8,57007.8,6.29
304000.0,47.2635,-122.312,7212650850,304877.94,877.94,0.29
267500.0,47.3737,-122.216,273900030,276085.76,8585.76,3.21
245560.0,47.7775,-122.365,8165100035,351595.8,106035.8,43.18
475000.0,47.715,-122.354,6140100095,451136.95,-23863.05,-5.02
305000.0,47.3801,-122.166,3826500470,339954.99,34954.99,11.46
505000.0,47.5635,-122.394,2391600330,259918.76,-245081.24,-48.53
439950.0,47.4873,-122.144,5637200200,443374.02,3424.02,0.78
320000.0,47.3586,-122.157,2722059322,330445.12,10445.12,3.26
390000.0,47.4038,-122.036,1022069071,345293.06,-44706.94,-11.46
335000.0,47.5114,-122.361,123039346,321310.25,-13689.75,-4.09
235000.0,47.5342,-122.36,7831800460,299017.64,64017.64,27.24
533300.0,47.4815,-121.768,3956100050,407933.82,-125366.18,-23.51
225000.0,47.3473,-122.314,251300110,282535.54,57535.54,25.57
808000.0,47.549,-122.096,5608010420,811758.4,3758.4,0.47
412000.0,47.6899,-122.391,4449800315,330681.43,-81318.57,-19.74
530000.0,47.6867,-122.354,6690500060,441833.95,-88166.05,-16.64
502000.0,47.7041,-122.353,6145600855,461813.43,-40186.57,-8.01
715000.0,47.6558,-122.331,9178601000,625942.21,-89057.79,-12.46
365000.0,47.7712,-122.339,1077100020,377316.65,12316.65,3.37
356250.0,47.3261,-122.163,3814900380,363927.89,7677.89,2.16
445838.0,47.5133,-122.379,1909600046,468260.31,22422.31,5.03
530000.0,47.5158,-121.874,7853361120,291352.14,-238647.86,-45.03
420000.0,47.574,-122.372,7192800145,571495.03,151495.03,36.07
1500000.0,47.6157,-122.287,4141800215,1497986.63,-2013.37,-0.13
444500.0,47.5359,-121.878,7852130080,337186.17,-107313.83,-24.14
465000.0,47.7358,-122.076,1726069084,483977.1,18977.1,4.08
340000.0,47.5648,-122.294,6056111370,454057.0,114057.0,33.55
545000.0,47.6561,-122.13,1828001130,580673.14,35673.14,6.55
549000.0,47.6857,-122.349,3797000680,495844.8,-53155.2,-9.68
245000.0,47.3702,-122.182,7697860130,262758.1,17758.1,7.25
485000.0,47.3064,-122.108,3211270160,405506.12,-79493.88,-16.39
1070000.0,47.5257,-122.382,3524039202,615052.63,-454947.37,-42.52
445000.0,47.4797,-122.179,4307350520,611288.74,166288.74,37.37
355000.0,47.7107,-122.291,751000190,351516.58,-3483.42,-0.98
327500.0,47.4084,-122.213,722059233,405174.18,77674.18,23.72
910000.0,47.5682,-122.274,5250300035,1082936.89,172936.89,19.0
925000.0,47.6036,-122.059,2895730070,978606.09,53606.09,5.8
379950.0,47.3607,-122.038,5416510530,374023.93,-5926.07,-1.56
299000.0,47.3095,-122.283,6143000020,297392.63,-1607.37,-0.54
330000.0,47.7301,-122.2,3764800250,362819.87,32819.87,9.95
675000.0,47.7175,-122.364,930000470,854632.78,179632.78,26.61
342000.0,47.3718,-122.168,586470350,345736.76,3736.76,1.09
350500.0,47.3497,-122.025,2781250400,283138.23,-67361.77,-19.22
790100.0,47.6496,-122.114,7525570020,682414.6,-107685.4,-13.63
380000.0,47.4378,-122.16,2591820070,502523.32,122523.32,32.24
329950.0,47.4575,-122.204,8898700960,360496.52,30546.52,9.26
436000.0,47.7293,-122.223,3578110020,535578.31,99578.31,22.84
334950.0,47.4491,-122.12,9558020890,367910.0,32960.0,9.84
274900.0,47.3491,-122.168,8091411040,275508.72,608.72,0.22
925000.0,47.633,-122.37,1860600840,934261.54,9261.54,1.0
239000.0,47.3645,-122.183,4345000090,257793.18,18793.18,7.86
395000.0,47.3782,-122.127,8562890700,435075.25,40075.25,10.15
240000.0,47.2056,-121.994,2420069042,380302.42,140302.42,58.46
110000.0,47.4784,-122.335,4337000160,223988.66,113988.66,103.63
460000.0,47.7655,-122.3,8665900070,527294.34,67294.34,14.63
674600.0,47.6951,-122.346,5541300135,662470.58,-12129.42,-1.8
380000.0,47.6902,-122.306,3188100007,452491.15,72491.15,19.08
905000.0,47.5526,-122.102,4139460200,921944.71,16944.71,1.87
375000.0,47.5337,-121.867,7852020580,339815.22,-35184.78,-9.38
590000.0,47.5666,-122.132,3459410230,733850.03,143850.03,24.38
1450000.0,47.6258,-122.005,2625069038,1219454.33,-230545.67,-15.9
122000.0,47.4275,-122.324,4438000165,205133.1,83133.1,68.14
280000.0,47.3673,-122.017,9407150250,277535.44,-2464.56,-0.88
406500.0,47.4703,-122.276,42000127,398877.54,-7622.46,-1.88
252350.0,47.4612,-122.169,2460700700,323349.99,70999.99,28.14
550000.0,47.5877,-122.157,514500090,595434.06,45434.06,8.26
285000.0,47.3199,-122.392,2115510470,231421.65,-53578.35,-18.8
449950.0,47.6031,-122.303,9826701735,661337.69,211387.69,46.98
815000.0,47.648,-122.395,6821600390,791253.22,-23746.78,-2.91
395000.0,47.4997,-122.364,3919000030,357268.77,-37731.23,-9.55
856000.0,47.5442,-121.996,3629921140,822109.57,-33890.43,-3.96
270000.0,47.4881,-122.237,2144800117,422037.19,152037.19,56.31
625000.0,47.5133,-122.11,123059127,628483.3,3483.3,0.56
229800.0,47.5647,-122.293,6056110780,443655.05,213855.05,93.06
890776.0,47.5933,-122.06,1853080150,751575.82,-139200.18,-15.63
265000.0,47.5223,-122.286,7896300070,278774.57,13774.57,5.2
320000.0,47.7321,-122.34,6450303785,339344.06,19344.06,6.05
364000.0,47.77,-122.265,4027700799,376808.14,12808.14,3.52
650000.0,47.7045,-122.379,868001295,567109.5,-82890.5,-12.75
412000.0,47.5752,-122.388,5708500208,360015.68,-51984.32,-12.62
760000.0,47.5923,-122.169,9542850580,996870.58,236870.58,31.17
326000.0,47.4375,-122.176,3323059027,398274.34,72274.34,22.17
395000.0,47.512,-122.16,2787720170,481342.23,86342.23,21.86
1000000.0,47.6791,-122.209,3885808210,824454.05,-175545.95,-17.55
499950.0,47.475,-122.093,1823069279,553066.79,53116.79,10.62
475000.0,47.7497,-122.284,7740500070,491298.28,16298.28,3.43
551000.0,47.6964,-122.336,3126049052,493908.56,-57091.44,-10.36
244000.0,47.4816,-122.233,2988800011,280744.17,36744.17,15.06
455000.0,47.7675,-122.226,8096600100,418028.09,-36971.91,-8.13
350000.0,47.7263,-122.289,1454100005,346398.0,-3602.0,-1.03
684000.0,47.6915,-122.101,2193330090,660930.27,-23069.73,-3.37
1160000.0,47.6109,-122.226,6447300345,1278335.75,118335.75,10.2
580000.0,47.6163,-122.138,1560800110,644901.18,64901.18,11.19
665000.0,47.6338,-122.358,4232901525,426995.01,-238004.99,-35.79
605000.0,47.6958,-122.29,6844700415,474871.96,-130128.04,-21.51
500000.0,47.6937,-122.213,1245500691,394431.18,-105568.82,-21.11
272000.0,47.4243,-122.202,5672000020,302558.1,30558.1,11.23
350000.0,47.7307,-122.239,3211200140,391473.46,41473.46,11.85
272925.0,47.7477,-122.232,5631500905,445680.26,172755.26,63.3
460000.0,47.701,-122.305,5101405340,541772.78,81772.78,17.78
263850.0,47.313,-122.388,8732020770,264269.21,419.21,0.16
361000.0,47.7567,-122.071,1771100240,381585.14,20585.14,5.7
440000.0,47.717,-122.163,9329300040,448442.89,8442.89,1.92
314950.0,47.3575,-122.016,5104510210,274703.96,-40246.04,-12.78
485000.0,47.7306,-122.227,3574801780,605339.31,120339.31,24.81
566000.0,47.68600000000001,-122.095,339350070,652099.97,86099.97,15.21
470000.0,47.679,-122.373,3052700855,472528.45,2528.45,0.54
1130000.0,47.4389,-122.351,6117500320,586618.74,-543381.26,-48.09
809950.0,47.5979,-122.173,9542400075,939619.42,129669.42,16.01
370000.0,47.4716,-121.756,1471610060,260478.47,-109521.53,-29.6
455000.0,47.3828,-122.071,2022069200,402098.34,-52901.66,-11.63
870000.0,47.5641,-122.032,3299610240,878823.91,8823.91,1.01
653500.0,47.6372,-122.324,2902200016,634547.62,-18952.38,-2.9
316000.0,47.5387,-122.374,8122100650,251682.54,-64317.46,-20.35
265000.0,47.3156,-122.188,8078520090,241226.82,-23773.18,-8.97
150000.0,47.2959,-122.377,3089000005,294586.49,144586.49,96.39
645000.0,47.6546,-122.344,3975400185,548263.92,-96736.08,-15.0
463000.0,47.6359,-121.974,3211290370,335524.02,-127475.98,-27.53
2010000.0,47.7612,-122.381,3585901085,1476446.95,-533553.05,-26.54
290000.0,47.7343,-122.347,2827100070,361161.6,71161.6,24.54
147200.0,47.4232,-122.292,422049178,230190.9,82990.9,56.38
424000.0,47.3139,-122.116,3211230080,411957.56,-12042.44,-2.84
580000.0,47.7386,-122.235,6190500340,789117.48,209117.48,36.05
910000.0,47.7285,-122.112,2426059097,1030209.67,120209.67,13.21
307000.0,47.4963,-121.787,7846700850,245491.92,-61508.08,-20.04
245000.0,47.3594,-122.175,807800190,260968.12,15968.12,6.52
517000.0,47.7165,-122.308,2826049165,386142.4,-130857.6,-25.31
385000.0,47.6959,-122.376,1862400518,378006.63,-6993.37,-1.82
828000.0,47.556,-122.156,9323610260,698671.37,-129328.63,-15.62
360000.0,47.3385,-122.264,6648770240,357824.31,-2175.69,-0.6
515000.0,47.5498,-122.188,2024059094,580719.79,65719.79,12.76
650000.0,47.7261,-122.17,2126059234,1343822.37,693822.37,106.74
185000.0,47.2874,-122.192,304000530,255649.72,70649.72,38.19
550000.0,47.6981,-122.349,263000324,743947.98,193947.98,35.26
413500.0,47.6959,-122.364,9268200600,315141.1,-98358.9,-23.79
249950.0,47.3659,-122.113,8092700230,251024.22,1074.22,0.43
440000.0,47.7757,-122.139,9238500190,594140.42,154140.42,35.03
946000.0,47.5462,-122.154,2600140120,862581.79,-83418.21,-8.82
266000.0,47.3491,-122.177,5420800010,278652.86,12652.86,4.76
385000.0,47.7335,-122.16,1530900560,520893.15,135893.15,35.3
390000.0,47.5112,-122.186,2253200010,453389.48,63389.48,16.25
220000.0,47.4331,-122.291,236500010,299647.46,79647.46,36.2
440000.0,47.4327,-122.283,238000201,388944.02,-51055.98,-11.6
1640000.0,47.6886,-122.276,7533800170,1122158.44,-517841.56,-31.58
385000.0,47.6625,-122.059,8807810890,267065.59,-117934.41,-30.63
312000.0,47.5281,-122.348,7972602080,286371.1,-25628.9,-8.21
315000.0,47.3774,-122.027,9406540190,375626.93,60626.93,19.25
725000.0,47.5322,-122.076,8562790710,708303.43,-16696.57,-2.3
335000.0,47.6787,-122.391,2856101845,377701.85,42701.85,12.75
390000.0,47.6911,-122.313,5100400251,344377.37,-45622.63,-11.7
1640000.0,47.7243,-122.052,4054550010,1425363.31,-214636.69,-13.09
238950.0,47.4909,-122.203,7224000950,189041.46,-49908.54,-20.89
367000.0,47.7147,-122.356,3918400028,534208.0,167208.0,45.56
590000.0,47.705,-122.201,3127200036,658883.17,68883.17,11.68
1180000.0,47.6746,-122.018,1025069255,1154501.75,-25498.25,-2.16
275000.0,47.4908,-122.181,7236300065,332441.94,57441.94,20.89
235000.0,47.2751,-122.252,8856004400,227987.96,-7012.04,-2.98
439950.0,47.722,-122.194,6647400250,533483.83,93533.83,21.26
420000.0,47.4617,-122.346,1218000195,268138.93,-151861.07,-36.16
475000.0,47.6698,-122.361,455000841,439733.1,-35266.9,-7.42
355000.0,47.7372,-122.294,1568100060,355667.64,667.64,0.19
328500.0,47.7227,-122.296,1453600681,376347.47,47847.47,14.57
375000.0,47.3438,-122.323,5152960080,408455.16,33455.16,8.92
220000.0,47.4758,-122.288,1523049207,322095.12,102095.12,46.41
275000.0,47.3834,-122.027,6679000130,269887.79,-5112.21,-1.86
535000.0,47.512,-122.175,3449820100,750412.76,215412.76,40.26
1040000.0,47.4695,-121.775,8835800010,930934.65,-109065.35,-10.49
279900.0,47.7421,-121.982,2130701535,261430.33,-18469.67,-6.6
450000.0,47.5951,-122.144,7923600250,508776.29,58776.29,13.06
565000.0,47.5895,-122.019,4221250120,467997.76,-97002.24,-17.17
225000.0,47.4671,-122.212,7231600098,225527.07,527.07,0.23
490000.0,47.6478,-122.061,8651511220,492815.79,2815.79,0.57
275000.0,47.7406,-122.302,3995700325,264743.7,-10256.3,-3.73
550000.0,47.5645,-122.397,2391600735,398413.26,-151586.74,-27.56
429000.0,47.3477,-122.271,9510930350,373396.15,-55603.85,-12.96
685000.0,47.7033,-122.321,5101408889,745154.16,60154.16,8.78
460000.0,47.7375,-122.194,1387301430,444283.23,-15716.77,-3.42
321500.0,47.5939,-122.299,1523300180,337289.07,15789.07,4.91
615000.0,47.5898,-122.291,1250202115,721049.11,106049.11,17.24
435000.0,47.7617,-122.215,2138000120,463584.78,28584.78,6.57
243000.0,47.2142,-121.987,1320069163,308922.63,65922.63,27.13
460000.0,47.5674,-122.29,1604602050,706934.97,246934.97,53.68
775000.0,47.6559,-122.339,4083302370,552059.74,-222940.26,-28.77
249950.0,47.4205,-122.316,7686203195,261525.04,11575.04,4.63
302000.0,47.7617,-122.335,3705900124,549876.25,247876.25,82.08
204995.0,47.4025,-122.201,8802400896,255520.2,50525.2,24.65
404500.0,47.6978,-122.314,8024201055,386231.95,-18268.05,-4.52
495000.0,47.6929,-122.321,5100401441,477810.9,-17189.1,-3.47
383000.0,47.5672,-122.39,3010300415,525444.7,142444.7,37.19
469000.0,47.7643,-122.273,4022906222,471162.81,2162.81,0.46
660000.0,47.6942,-122.016,7203110240,527347.12,-132652.88,-20.1
828200.0,47.5661,-122.123,4140930110,903318.35,75118.35,9.07
220000.0,47.3845,-122.039,6661200260,223080.92,3080.92,1.4
681000.0,47.5677,-122.281,7950300005,555401.94,-125598.06,-18.44
244950.0,47.3617,-122.172,5468000180,300308.12,55358.12,22.6
640000.0,47.6006,-122.194,3210700380,818737.92,178737.92,27.93
289950.0,47.3521,-122.211,8669160460,273697.96,-16252.04,-5.61
442000.0,47.7433,-122.196,1036100130,604097.52,162097.52,36.67
1450000.0,47.5654,-122.158,7855000460,1489043.64,39043.64,2.69
306000.0,47.5478,-122.377,2324039077,400480.96,94480.96,30.88
251000.0,47.3617,-122.05,1545803520,262126.96,11126.96,4.43
480000.0,47.4665,-122.122,7806450050,587034.3,107034.3,22.3
595000.0,47.6955,-122.301,5652601425,511106.66,-83893.34,-14.1
665000.0,47.5379,-122.16,6385260160,769240.99,104240.99,15.68
425000.0,47.543,-122.368,3278613060,489328.42,64328.42,15.14
265000.0,47.4061,-122.33,2009001600,252774.11,-12225.89,-4.61
600000.0,47.4395,-122.111,4008400035,703723.93,103723.93,17.29
890000.0,47.5396,-122.073,8562710520,1089866.41,199866.41,22.46
1780000.0,47.5877,-122.196,644000040,1359926.06,-420073.94,-23.6
575000.0,47.7707,-122.369,6453900040,710795.74,135795.74,23.62
447500.0,47.6032,-122.31,3037200010,454834.95,7334.95,1.64
115000.0,47.511,-122.348,623049232,203787.35,88787.35,77.21
1610000.0,47.5862,-122.246,5093300325,1868394.85,258394.85,16.05
352500.0,47.5488,-122.364,3438501327,406538.43,54038.43,15.33
555000.0,47.5214,-122.191,7954300620,675680.92,120680.92,21.74
440000.0,47.6579,-122.394,7010700110,422869.28,-17130.72,-3.89
469000.0,47.6762,-122.378,7518501822,423559.47,-45440.53,-9.69
222200.0,47.4402,-122.333,3223049158,272477.85,50277.85,22.63
910000.0,47.6213,-122.2,8725950220,824745.07,-85254.93,-9.37
1210000.0,47.6009,-122.011,629800520,1209372.89,-627.11,-0.05
840000.0,47.6359,-122.3,8712100605,749746.83,-90253.17,-10.74
464500.0,47.7632,-122.29,326049058,488281.12,23781.12,5.12
485000.0,47.7767,-122.378,2759800110,479343.09,-5656.91,-1.17
276000.0,47.2802,-122.303,3861500330,259099.89,-16900.11,-6.12
390000.0,47.5686,-122.286,8121100147,425119.11,35119.11,9.0
1440000.0,47.5736,-122.212,5456000025,1109296.16,-330703.84,-22.97
1650000.0,47.6322,-122.216,8084900195,1184043.06,-465956.94,-28.24
708000.0,47.6354,-122.103,1313000240,684973.27,-23026.73,-3.25
589999.0,47.537,-122.074,8562770720,472981.99,-117017.01,-19.83
600000.0,47.6878,-122.286,2215500205,567315.91,-32684.09,-5.45
299950.0,47.473,-122.328,4171200025,359533.27,59583.27,19.86
1230000.0,47.5647,-122.128,1854750090,1421353.68,191353.68,15.56
400950.0,47.5468,-122.386,7625703260,450944.9,49994.9,12.47
550000.0,47.7591,-122.28,4021100045,611868.97,61868.97,11.25
305000.0,47.4794,-122.078,1088400190,209928.19,-95071.81,-31.17
380000.0,47.4952,-122.178,8948500025,415627.95,35627.95,9.38
533250.0,47.5265,-122.05,5706201140,334976.32,-198273.68,-37.18
203000.0,47.3187,-122.179,1685200190,239190.61,36190.61,17.83
425000.0,47.4722,-122.131,1081800070,557169.39,132169.39,31.1
1150000.0,47.5663,-122.125,1424059022,1221888.08,71888.08,6.25
370000.0,47.4948,-122.134,9353300600,345475.06,-24524.94,-6.63
445000.0,47.7177,-122.224,2297400250,540850.81,95850.81,21.54
630000.0,47.6632,-122.153,8044700010,653458.71,23458.71,3.72
315000.0,47.4753,-122.342,4331000130,254412.41,-60587.59,-19.23
880000.0,47.5771,-122.38,7645900235,705124.12,-174875.88,-19.87
600000.0,47.6756,-122.299,1868901690,617205.06,17205.06,2.87
630000.0,47.7731,-122.086,7214720400,731017.36,101017.36,16.03
360000.0,47.4537,-122.211,8899210090,372624.25,12624.25,3.51
140000.0,47.467,-122.215,3340401535,212396.53,72396.53,51.71
481000.0,47.4561,-122.361,2523039315,496382.87,15382.87,3.2
995000.0,47.6999,-122.391,6133100120,806654.98,-188345.02,-18.93
395000.0,47.7344,-122.173,3876312620,453665.0,58665.0,14.85
1320000.0,47.6468,-122.151,6137500310,1607349.51,287349.51,21.77
700000.0,47.5121,-122.248,8073000491,908072.48,208072.48,29.72
193000.0,47.2925,-122.219,1921059310,263302.38,70302.38,36.43
542000.0,47.7148,-122.101,3396820010,594384.8,52384.8,9.67
525000.0,47.6847,-122.387,6021503570,353712.74,-171287.26,-32.63
425000.0,47.6365,-121.972,3211290050,319542.31,-105457.69,-24.81
750000.0,47.5982,-121.98,8691410060,636213.38,-113786.62,-15.17
695000.0,47.54,-121.876,7852120140,689497.48,-5502.52,-0.79
780000.0,47.5943,-122.018,9510920120,791082.34,11082.34,1.42
345000.0,47.455,-122.198,3378100100,294617.28,-50382.72,-14.6
480000.0,47.3444,-122.269,3304030220,381729.44,-98270.56,-20.47
350000.0,47.3203,-122.185,8097000190,330037.04,-19962.96,-5.7
491500.0,47.5413,-122.174,1951820070,629258.41,137758.41,28.03
470000.0,47.5085,-122.15,8079040490,539290.44,69290.44,14.74
935100.0,47.5841,-122.172,1693600080,892701.49,-42398.51,-4.53
270000.0,47.3511,-122.169,8091410530,277468.98,7468.98,2.77
565000.0,47.5571,-122.385,7624700050,414091.73,-150908.27,-26.71
555000.0,47.5751,-122.014,3904940160,456735.65,-98264.35,-17.71
200000.0,47.5025,-122.142,7206900075,372404.86,172404.86,86.2
652600.0,47.6956,-122.36,1015000050,595129.67,-57470.33,-8.81
422500.0,47.3979,-122.212,7429000240,489568.86,67068.86,15.87
275000.0,47.4469,-122.155,2473100510,295520.44,20520.44,7.46
407000.0,47.5655,-122.386,952002250,422757.23,15757.23,3.87
1860000.0,47.5605,-121.905,1524079188,1334422.09,-525577.91,-28.26
1750000.0,47.538,-122.114,715010140,1820046.36,70046.36,4.0
355000.0,47.6914,-122.343,993001563,448563.78,93563.78,26.36
165000.0,47.4897,-122.24,3969300030,220313.08,55313.08,33.52
1070000.0,47.6906,-122.202,1245000685,1078631.66,8631.66,0.81
249950.0,47.3808,-122.211,3821000100,269028.17,19078.17,7.63
800000.0,47.5955,-122.294,567000020,825084.47,25084.47,3.14
585000.0,47.5265,-122.202,3342700405,665745.33,80745.33,13.8
800000.0,47.68899999999999,-122.352,6430500186,570159.2,-229840.8,-28.73
435000.0,47.7188,-122.177,8663370020,439602.5,4602.5,1.06
427550.0,47.6848,-122.386,6021503885,346729.16,-80820.84,-18.9
227500.0,47.3626,-122.111,1274500170,230043.55,2543.55,1.12
308950.0,47.3675,-122.02,9407150350,276264.03,-32685.97,-10.58
765000.0,47.5438,-122.139,2597520790,718172.04,-46827.96,-6.12
430000.0,47.6236,-122.04,3578400270,375475.53,-54524.47,-12.68
339950.0,47.3655,-122.018,9542830540,279322.58,-60627.42,-17.83
269500.0,47.2093,-121.962,1920079039,338608.03,69108.03,25.64
399950.0,47.3666,-122.03,3793501050,369887.61,-30062.39,-7.52
255000.0,47.4405,-122.28,4325000125,292430.94,37430.94,14.68
225000.0,47.4973,-122.328,3509600070,331881.1,106881.1,47.5
199000.0,47.3816,-122.087,7942100290,231913.98,32913.98,16.54
310000.0,47.429,-122.154,2221000100,317797.91,7797.91,2.52
525000.0,47.6828,-122.388,225039175,501122.23,-23877.77,-4.55
505000.0,47.71100000000001,-122.306,8901001185,519083.62,14083.62,2.79
325000.0,47.5077,-122.357,6303400395,167548.4,-157451.6,-48.45
420000.0,47.6936,-122.294,5363200266,388591.58,-31408.42,-7.48
511555.0,47.58600000000001,-122.12,7922800160,432935.68,-78619.32,-15.37
1540000.0,47.6712,-122.272,3179100180,1012368.83,-527631.17,-34.26
675000.0,47.6495,-122.194,7555220140,820188.72,145188.72,21.51
599900.0,47.4694,-122.006,5561300340,521583.53,-78316.47,-13.05
400000.0,47.6325,-122.121,259600280,450799.37,50799.37,12.7
380000.0,47.5568,-122.382,7435500085,430987.12,50987.12,13.42
290000.0,47.4627,-122.213,7222000393,325388.68,35388.68,12.2
480000.0,47.7666,-122.265,4027701265,569883.93,89883.93,18.73
455000.0,47.434,-122.109,1310440950,548564.46,93564.46,20.56
2500000.0,47.6227,-122.216,4107100190,1695382.66,-804617.34,-32.18
242550.0,47.2956,-122.374,2944510080,261294.52,18744.52,7.73
219950.0,47.3115,-122.209,16000015,216784.72,-3165.28,-1.44
220000.0,47.2159,-121.964,1163400070,277474.42,57474.42,26.12
465000.0,47.6524,-122.353,1972200660,454678.88,-10321.12,-2.22
485000.0,47.5421,-122.388,2810100040,387282.65,-97717.35,-20.15
352500.0,47.765,-122.335,7772000010,488859.26,136359.26,38.68
300000.0,47.5871,-122.317,7660100336,386375.44,86375.44,28.79
565000.0,47.5276,-122.161,5525400420,695304.69,130304.69,23.06
160000.0,47.3793,-122.146,5466300130,306304.11,146304.11,91.44
303000.0,47.7325,-122.343,1473200130,413787.98,110787.98,36.56
255000.0,47.2098,-122.004,1645000710,262895.52,7895.52,3.1
980000.0,47.5201,-122.204,3342101937,932366.62,-47633.38,-4.86
196000.0,47.3056,-122.37,8945300110,219088.01,23088.01,11.78
459800.0,47.6359,-122.035,6817800910,347460.93,-112339.07,-24.43
858000.0,47.5512,-122.191,3864000090,1033537.65,175537.65,20.46
870000.0,47.5581,-122.213,1924059248,1356331.12,486331.12,55.9
625000.0,47.5595,-122.129,2141330360,600342.6,-24657.4,-3.95
362500.0,47.7162,-122.324,6412100092,421574.07,59074.07,16.3
250000.0,47.53,-122.351,2113701200,244506.5,-5493.5,-2.2
699000.0,47.6768,-122.269,8924100111,626999.54,-72000.46,-10.3
711000.0,47.5768,-122.222,5021900160,571287.79,-139712.21,-19.65
525000.0,47.6806,-122.166,4191400090,496782.73,-28217.27,-5.37
610000.0,47.6607,-122.352,5693501028,487570.18,-122429.82,-20.07
550000.0,47.7669,-122.268,4027701291,612511.44,62511.44,11.37
585000.0,47.6947,-122.177,6402700110,651444.79,66444.79,11.36
225000.0,47.2051,-122.006,8091600080,246136.98,21136.98,9.39
476000.0,47.7604,-122.356,6713100031,456456.42,-19543.58,-4.11
695000.0,47.6708,-122.14,6421100502,678024.72,-16975.28,-2.44
560000.0,47.6516,-122.375,2770604575,582438.45,22438.45,4.01
291000.0,47.3275,-122.329,2413300810,260473.53,-30526.47,-10.49
385195.0,47.5756,-122.316,3076500830,287579.65,-97615.35,-25.34
440000.0,47.495,-122.155,6649500060,640479.16,200479.16,45.56
655000.0,47.4497,-122.375,8096000060,607690.78,-47309.22,-7.22
1300000.0,47.669,-122.275,3179100055,1030760.58,-269239.42,-20.71
727500.0,47.5829,-122.382,6324000115,878311.85,150811.85,20.73
250000.0,47.524,-122.2,3342700465,598606.31,348606.31,139.44
295000.0,47.3146,-122.379,8731983340,316803.37,21803.37,7.39
299950.0,47.3213,-122.385,8731990700,404559.21,104609.21,34.88
355000.0,47.5026,-122.465,8887001192,318284.12,-36715.88,-10.34
1010000.0,47.6232,-122.299,5016002240,905616.32,-104383.68,-10.34
355000.0,47.5401,-122.3,1795700030,566112.4,211112.4,59.47
265000.0,47.3716,-122.31,7888200240,213735.22,-51264.78,-19.35
229999.0,47.2761,-122.153,1313500090,257049.55,27050.55,11.76
510000.0,47.5385,-121.88,7853250080,486038.3,-23961.7,-4.7
733000.0,47.6751,-122.38,2767601085,648141.2,-84858.8,-11.58
246500.0,47.4075,-122.196,8732000390,273245.21,26745.21,10.85
560000.0,47.7061,-122.368,2874600335,573578.81,13578.81,2.42
500000.0,47.6288,-122.109,2525059134,533341.99,33341.99,6.67
650000.0,47.3554,-122.324,3222049055,794544.47,144544.47,22.24
259900.0,47.3686,-122.09,1796370730,260261.64,361.64,0.14
435000.0,47.7258,-121.959,808300090,432080.3,-2919.7,-0.67
375000.0,47.7463,-122.336,5469000100,455485.46,80485.46,21.46
239950.0,47.4473,-122.284,5381000411,294939.76,54989.76,22.92
995000.0,47.45399999999999,-122.373,2927600630,976430.13,-18569.87,-1.87
371500.0,47.7458,-122.331,1755700060,447857.26,76357.26,20.55
425000.0,47.5138,-122.173,9292000380,558401.99,133401.99,31.39
550000.0,47.6814,-122.269,8928100125,557679.31,7679.31,1.4
315000.0,47.5123,-122.19,345700040,297479.35,-17520.65,-5.56
442500.0,47.6875,-122.043,7202290240,371880.95,-70619.05,-15.96
385000.0,47.746,-122.296,7979900145,446502.19,61502.19,15.97
915000.0,47.5441,-122.117,2524059269,986508.73,71508.73,7.82
852500.0,47.5837,-121.971,98030630,872254.68,19754.68,2.32
369300.0,47.5234,-122.043,9412200730,334848.62,-34451.38,-9.33
665000.0,47.6532,-122.34,8032700010,608043.25,-56956.75,-8.56
264950.0,47.4433,-122.194,5438000080,312911.33,47961.33,18.1
594491.0,47.4766,-121.735,8564860110,381723.76,-212767.24,-35.79
657500.0,47.6272,-122.026,1939120450,647963.63,-9536.37,-1.45
261000.0,47.4727,-122.198,3294700310,236445.61,-24554.39,-9.41
1700000.0,47.6542,-122.331,9178601660,1027828.58,-672171.42,-39.54
425000.0,47.7655,-122.336,8563300085,489850.72,64850.72,15.26
355000.0,47.3875,-122.153,8944320420,407281.68,52281.68,14.73
885000.0,47.6308,-122.312,1337800855,811151.46,-73848.54,-8.34
325000.0,47.2377,-122.016,1120069036,396072.37,71072.37,21.87
782500.0,47.6219,-122.024,4379400220,661122.89,-121377.11,-15.51
459000.0,47.7283,-122.238,2426049113,522756.51,63756.51,13.89
525000.0,47.4619,-121.991,5561000330,388284.38,-136715.62,-26.04
335000.0,47.6606,-122.06,8807810090,298527.42,-36472.58,-10.89
1500000.0,47.582,-122.199,2344300170,1541969.95,41969.95,2.8
452000.0,47.7689,-122.266,4027700812,518694.18,66694.18,14.76
259950.0,47.7159,-122.305,2826049091,312049.89,52099.89,20.04
370000.0,47.5924,-122.295,567000382,338187.41,-31812.59,-8.6
530000.0,47.7251,-122.11,8121200460,559405.6,29405.6,5.55
350000.0,47.5525,-122.274,3331500485,319521.36,-30478.64,-8.71
515000.0,47.5447,-121.883,7853290090,356822.44,-158177.56,-30.71
598500.0,47.6381,-122.062,7504010900,752713.55,154213.55,25.77
353500.0,47.3523,-122.275,7967000150,288386.06,-65113.94,-18.42
224000.0,47.3095,-122.002,844000965,211327.56,-12672.44,-5.66
375000.0,47.7641,-122.364,2596400050,403806.23,28806.23,7.68
550000.0,47.6109,-122.302,7217400895,486334.39,-63665.61,-11.58
322000.0,47.3565,-121.94,3222079162,275124.67,-46875.33,-14.56
364000.0,47.5455,-122.371,3278604510,475254.84,111254.84,30.56
655000.0,47.528,-122.171,6388920410,689544.02,34544.02,5.27
627250.0,47.742,-122.208,1088810040,803174.7,175924.7,28.05
395000.0,47.7333,-121.976,1776460110,454162.41,59162.41,14.98
900000.0,47.6908,-122.397,2267000160,363065.35,-536934.65,-59.66
550000.0,47.6486,-122.035,1330900050,487376.23,-62623.77,-11.39
355000.0,47.4689,-122.277,42000065,332864.67,-22135.33,-6.24
415000.0,47.7399,-122.099,1775801340,415759.2,759.2,0.18
208000.0,47.4957,-122.168,421000215,182247.07,-25752.93,-12.38
565000.0,47.4009,-122.059,1722069052,444441.12,-120558.88,-21.34
565000.0,47.6853,-122.362,7519000665,458246.21,-106753.79,-18.89
302000.0,47.6028,-122.312,2572400100,491380.29,189380.29,62.71
685000.0,47.6124,-122.153,9346700030,813116.88,128116.88,18.7
650000.0,47.6314,-121.968,6979900330,517077.47,-132922.53,-20.45
665900.0,47.5129,-122.388,254000100,624090.41,-41809.59,-6.28
510000.0,47.5718,-122.127,3447000030,563114.08,53114.08,10.41
1100000.0,47.5809,-122.191,7000100711,737827.19,-362172.81,-32.92
455000.0,47.6079,-122.123,4037500335,503825.07,48825.07,10.73
408000.0,47.72,-122.024,8682291840,347971.84,-60028.16,-14.71
335000.0,47.4383,-122.193,5089700720,452032.36,117032.36,34.94
400000.0,47.7548,-122.317,6163901382,432757.54,32757.54,8.19
915000.0,47.6383,-122.097,1925069099,819254.9,-95745.1,-10.46
391000.0,47.5345,-122.069,291310150,290982.38,-100017.62,-25.58
346000.0,47.3469,-122.195,1841400150,256490.88,-89509.12,-25.87
500000.0,47.6225,-122.038,1939050110,383274.32,-116725.68,-23.35
404000.0,47.3515,-121.999,5104530220,356189.36,-47810.64,-11.83
327000.0,47.4763,-122.206,7231501610,369160.47,42160.47,12.89
589950.0,47.4088,-122.089,7701800050,414955.75,-174994.25,-29.66
820000.0,47.5535,-122.191,2024059111,1264029.19,444029.19,54.15
382000.0,47.5467,-122.365,3438501450,336350.64,-45649.36,-11.95
433200.0,47.4848,-121.698,723099044,329477.54,-103722.46,-23.94
305000.0,47.65600000000001,-121.913,8656300385,235512.41,-69487.59,-22.78
286950.0,47.3338,-122.268,3329510850,212116.14,-74833.86,-26.08
499950.0,47.596,-122.298,6362900171,628503.77,128553.77,25.71
179900.0,47.5136,-122.316,133000070,255078.5,75178.5,41.79
295000.0,47.6214,-122.14,1562100340,690991.59,395991.59,134.23
660000.0,47.6102,-122.314,1710400007,631213.44,-28786.56,-4.36
594866.0,47.5184,-121.886,7853420110,496345.98,-98520.02,-16.56
1050000.0,47.5765,-122.072,7768800160,1204443.37,154443.37,14.71
581000.0,47.6784,-122.386,7518507580,435616.13,-145383.87,-25.02
255000.0,47.3804,-122.32,3530400080,256198.06,1198.06,0.47
372500.0,47.7332,-122.352,1926049210,365211.51,-7288.49,-1.96
1480000.0,47.574,-122.18,2911700020,1376497.7,-103502.3,-6.99
351000.0,47.7127,-122.296,3448001975,349930.83,-1069.17,-0.3
207500.0,47.3059,-122.368,8945300200,210510.54,3010.54,1.45
614905.0,47.7211,-122.31,1133000144,640657.63,25752.63,4.19
315000.0,47.5609,-122.279,4154300505,326143.97,11143.97,3.54
843500.0,47.7126,-122.104,2355010090,1142635.36,299135.36,35.46
350000.0,47.7517,-122.326,7305900082,377493.67,27493.67,7.86
789500.0,47.695,-122.022,7203120050,771721.19,-17778.81,-2.25
588000.0,47.6939,-122.126,7199320600,539594.37,-48405.63,-8.23
662700.0,47.5568,-122.271,5583200810,620422.6,-42277.4,-6.38
1200000.0,47.555,-122.114,4139420070,1323246.32,123246.32,10.27
413000.0,47.7753,-122.375,5096300130,391869.44,-21130.56,-5.12
322000.0,47.7035,-122.351,6145601312,423428.19,101428.19,31.5
555000.0,47.381,-122.056,9406510040,507941.72,-47058.28,-8.48
281000.0,47.4378,-122.279,8732800090,290761.21,9761.21,3.47
373000.0,47.5237,-122.353,3298700110,495760.24,122760.24,32.91
550000.0,47.3459,-122.326,7203600745,316899.05,-233100.95,-42.38
285000.0,47.3417,-122.277,1311600020,221295.79,-63704.21,-22.35
250000.0,47.4102,-122.195,2154550020,373138.32,123138.32,49.26
245000.0,47.2977,-122.367,109200390,241594.81,-3405.19,-1.39
133000.0,47.5192,-122.266,7129304540,321543.66,188543.66,141.76
280000.0,47.4905,-122.18,7236100025,312190.32,32190.32,11.5
409000.0,47.3835,-122.148,4397000020,513758.78,104758.78,25.61
775000.0,47.5522,-122.001,3630220220,652796.32,-122203.68,-15.77
475000.0,47.6966,-122.375,1862400087,364011.31,-110988.69,-23.37
535000.0,47.6897,-122.374,2921700060,484540.27,-50459.73,-9.43
1140000.0,47.7506,-122.012,1126069045,1274697.79,134697.79,11.82
400000.0,47.7583,-122.343,9561100080,491861.86,91861.86,22.97
457000.0,47.7711,-122.288,4022902050,520170.94,63170.94,13.82
425000.0,47.6729,-122.383,2767603026,268595.31,-156404.69,-36.8
540000.0,47.738,-121.965,8567450140,539469.08,-530.92,-0.1
331000.0,47.6601,-122.4,4235400186,325263.41,-5736.59,-1.73
398000.0,47.7754,-122.233,126049100,435814.93,37814.93,9.5
370000.0,47.6546,-122.356,1324300091,372806.82,2806.82,0.76
429000.0,47.42,-122.205,5104650020,468676.86,39676.86,9.25
440000.0,47.4669,-121.765,2223089053,345963.18,-94036.82,-21.37
601000.0,47.5978,-122.017,7215730200,446766.99,-154233.01,-25.66
599000.0,47.551,-122.272,3332000530,537831.3,-61168.7,-10.21
515000.0,47.6426,-122.403,1370804115,476003.58,-38996.42,-7.57
672500.0,47.5965,-122.038,2782100280,636525.58,-35974.42,-5.35
899000.0,47.6731,-122.199,4070700290,743764.7,-155235.3,-17.27
550000.0,47.5723,-122.021,8078350520,451525.15,-98474.85,-17.9
445000.0,47.5572,-122.281,1702901557,626523.1,181523.1,40.79
405000.0,47.7573,-122.22,2988000070,361189.96,-43810.04,-10.82
230000.0,47.4499,-122.176,1432400060,216731.18,-13268.82,-5.77
330000.0,47.7688,-122.337,1075100050,367412.47,37412.47,11.34
770000.0,47.6675,-122.276,6012500100,759735.89,-10264.11,-1.33
215500.0,47.2613,-122.248,3599600276,317027.7,101527.7,47.11
472000.0,47.3747,-122.156,1786700240,554452.1,82452.1,17.47
810000.0,47.5595,-122.04,7525530470,782119.04,-27880.96,-3.44
255000.0,47.3697,-122.075,7760400210,243518.93,-11481.07,-4.5
430000.0,47.7179,-122.316,9259900025,470334.53,40334.53,9.38
412000.0,47.7049,-122.34,6300500475,492313.83,80313.83,19.49
1210000.0,47.6644,-122.293,2436200436,1001503.42,-208496.58,-17.23
350000.0,47.4012,-122.11,1322059002,286259.35,-63740.65,-18.21
320000.0,47.5059,-122.193,1839500115,425059.78,105059.78,32.83
717500.0,47.6393,-122.392,2771603050,706655.34,-10844.66,-1.51
4490000.0,47.6208,-122.219,3835500195,2584077.67,-1905922.33,-42.45
357500.0,47.7027,-122.289,9455200596,384838.78,27338.78,7.65
257500.0,47.3097,-122.327,1321400060,235701.56,-21798.44,-8.47
405000.0,47.438,-122.152,2472920140,554766.45,149766.45,36.98
760000.0,47.7036,-122.127,1522600100,824445.92,64445.92,8.48
462000.0,47.674,-122.319,9221400600,499071.98,37071.98,8.02
1250000.0,47.669,-122.282,7974700150,1149042.55,-100957.45,-8.08
290000.0,47.5539,-122.365,1773101050,317592.2,27592.2,9.51
290000.0,47.7757,-122.35,5306100255,384401.49,94401.49,32.55
420000.0,47.4722,-122.001,2323069053,363685.14,-56314.86,-13.41
580000.0,47.4988,-122.148,9211010900,680839.63,100839.63,17.39
400000.0,47.5515,-122.324,1722800860,526299.79,126299.79,31.57
560000.0,47.6916,-122.158,4359700080,554268.78,-5731.22,-1.02
745000.0,47.4536,-122.009,2623069010,1042011.74,297011.74,39.87
299000.0,47.4214,-122.191,8943600360,326531.03,27531.03,9.21
663500.0,47.6784,-122.304,7214400005,456122.56,-207377.44,-31.26
179500.0,47.2866,-122.221,1450000210,229750.68,50250.68,27.99
810000.0,47.7233,-122.117,3395350210,739827.66,-70172.34,-8.66
728000.0,47.5999,-121.976,8691390980,674672.19,-53327.81,-7.33
658000.0,47.521,-121.877,7853310590,527581.36,-130418.64,-19.82
325000.0,47.5398,-122.369,8165501700,445920.35,120920.35,37.21
1170000.0,47.5344,-122.224,5451200370,894214.11,-275785.89,-23.57
361500.0,47.6842,-122.365,7519001990,357575.0,-3925.0,-1.09
450000.0,47.7222,-122.177,1839910470,462757.75,12757.75,2.84
825000.0,47.6359,-122.351,809002030,641565.27,-183434.73,-22.23
468000.0,47.7153,-122.361,6380500151,414777.96,-53222.04,-11.37
246000.0,47.4912,-122.312,985001082,371635.73,125635.73,51.07
695500.0,47.6389,-122.098,7526800100,704474.64,8974.64,1.29
780000.0,47.6452,-122.352,5244800915,622182.15,-157817.85,-20.23
446450.0,47.5144,-122.379,37000335,358210.37,-88239.63,-19.76
1520000.0,47.5533,-122.098,5608000630,1475258.6,-44741.4,-2.94
417500.0,47.7024,-122.359,3626039028,399886.61,-17613.39,-4.22
601000.0,47.644,-122.385,2770600930,594292.3,-6707.7,-1.12
460000.0,47.6112,-122.133,4040400340,503999.66,43999.66,9.57
852600.0,47.554,-122.16,2600000210,1043195.63,190595.63,22.35
459000.0,47.7684,-122.304,8665900328,410273.62,-48726.38,-10.62
395000.0,47.5629,-122.297,6056100312,475071.96,80071.96,20.27
710000.0,47.5529,-121.99,3629980780,580026.33,-129973.67,-18.31
345000.0,47.3593,-122.037,5422950020,304751.4,-40248.6,-11.67
970000.0,47.6286,-122.064,8001470480,1157938.74,187938.74,19.38
805000.0,47.7478,-122.036,7574910650,915784.03,110784.03,13.76
675000.0,47.5062,-122.385,290000095,535178.72,-139821.28,-20.71
206000.0,47.4336,-122.195,646910480,283673.87,77673.87,37.71
258000.0,47.4792,-122.277,7347600210,299164.7,41164.7,15.96
993500.0,47.5563,-122.219,5450900010,1311195.33,317695.33,31.98
296000.0,47.7224,-122.291,1453602284,379868.46,83868.46,28.33
511100.0,47.5287,-122.053,5706202070,355552.72,-155547.28,-30.43
625000.0,47.5828,-122.396,585000095,600799.01,-24200.99,-3.87
1080000.0,47.5347,-122.227,5451200110,717860.45,-362139.55,-33.53
394000.0,47.3504,-122.026,2781250100,326717.44,-67282.56,-17.08
655000.0,47.6514,-122.407,871001365,448475.75,-206524.25,-31.53
335000.0,47.5506,-122.281,3331001765,547607.95,212607.95,63.47
426000.0,47.7207,-122.165,2558650130,538282.75,112282.75,26.36
405000.0,47.6892,-122.306,3188100065,379754.86,-25245.14,-6.23
2000000.0,47.5355,-122.24,2524049318,1514159.17,-485840.83,-24.29
283450.0,47.4847,-122.291,1386800054,421909.12,138459.12,48.85
221000.0,47.4356,-122.29,1003000175,238572.32,17572.32,7.95
670000.0,47.7241,-122.363,923000414,531276.72,-138723.28,-20.7
178500.0,47.3864,-122.287,8857600220,227505.93,49005.93,27.45
269950.0,47.3484,-122.036,2025700130,250301.98,-19648.02,-7.28
345000.0,47.6462,-122.384,2770602265,474912.42,129912.42,37.66
387500.0,47.4445,-122.126,1328320350,550862.71,163362.71,42.16
264950.0,47.3646,-122.076,2916620240,233090.32,-31859.68,-12.02
550000.0,47.6646,-122.339,4083800555,416432.71,-133567.29,-24.28
567500.0,47.4335,-122.338,9290800050,554195.31,-13304.69,-2.34
260000.0,47.45399999999999,-122.19,9415950020,380285.85,120285.85,46.26
260000.0,47.3108,-122.346,9264921020,256646.38,-3353.62,-1.29
379400.0,47.7172,-122.361,930000305,476854.09,97454.09,25.69
525000.0,47.4899,-122.138,5214500660,611521.22,86521.22,16.48
433000.0,47.4531,-122.352,4415600030,266211.23,-166788.77,-38.52
429900.0,47.2752,-122.349,1112630130,271852.96,-158047.04,-36.76
385000.0,47.572,-122.289,9834200950,465695.89,80695.89,20.96
852500.0,47.6841,-122.161,9113200180,1044761.97,192261.97,22.55
640000.0,47.651,-122.369,2749600245,469282.47,-170717.53,-26.67
572500.0,47.6517,-122.124,3066200460,734346.98,161846.98,28.27
620000.0,47.4575,-121.707,1923099058,494625.03,-125374.97,-20.22
750000.0,47.6368,-122.097,4376700570,650803.63,-99196.37,-13.23
833000.0,47.589,-121.983,8691310840,856496.32,23496.32,2.82
341000.0,47.5753,-122.303,3083000940,397184.0,56184.0,16.48
210000.0,47.5188,-122.376,5347200162,256761.84,46761.84,22.27
405000.0,47.6828,-122.345,3362400125,377774.58,-27225.42,-6.72
585000.0,47.733,-122.225,3574900030,608016.77,23016.77,3.93
575000.0,47.3351,-122.044,9283800050,325822.41,-249177.59,-43.34
290000.0,47.7069,-122.299,8058500005,403522.18,113522.18,39.15
588000.0,47.7266,-122.363,923000115,592111.78,4111.78,0.7
1440000.0,47.6369,-122.355,809002680,711226.64,-728773.36,-50.61
95000.0,47.3864,-122.307,6929602721,178711.55,83711.55,88.12
649000.0,47.69300000000001,-122.168,9170500060,667607.55,18607.55,2.87
405000.0,47.6913,-122.369,6638900405,320142.89,-84857.11,-20.95
326000.0,47.5029,-122.188,823059185,399761.86,73761.86,22.63
269000.0,47.3606,-122.039,5416500090,263500.21,-5499.79,-2.04
299950.0,47.4303,-122.067,3223069019,310783.48,10833.48,3.61
475000.0,47.5727,-122.138,2201500240,358393.09,-116606.91,-24.55
306000.0,47.6974,-122.349,6749700006,406038.82,100038.82,32.69
172500.0,47.4206,-122.316,7686203180,201459.17,28959.17,16.79
134000.0,47.4961,-122.322,3361402041,260233.27,126233.27,94.2
430000.0,47.695,-121.918,4046501300,378536.37,-51463.63,-11.97
919950.0,47.5937,-122.061,1853080120,752660.13,-167289.87,-18.18
230000.0,47.5271,-122.316,7883607520,299335.63,69335.63,30.15
826000.0,47.6739,-122.329,1257201095,465906.04,-360093.96,-43.59
233000.0,47.7474,-122.327,7301300150,357675.51,124675.51,53.51
375000.0,47.4323,-122.327,8091800140,307065.31,-67934.69,-18.12
439000.0,47.7596,-122.269,8832900155,615158.99,176158.99,40.13
625000.0,47.6887,-122.312,2887700091,732164.85,107164.85,17.15
710000.0,47.6373,-122.358,1794500870,490942.17,-219057.83,-30.85
338000.0,47.5348,-122.269,2624049050,419556.73,81556.73,24.13
812500.0,47.5426,-122.135,2597531110,867229.55,54729.55,6.74
375000.0,47.7628,-122.244,2780700020,492116.89,117116.89,31.23
550000.0,47.6033,-122.303,9826701665,686154.81,136154.81,24.76
931088.0,47.5963,-122.171,9541600490,1115178.87,184090.87,19.77
706000.0,47.426,-122.285,240000130,549096.24,-156903.76,-22.22
519500.0,47.5326,-122.032,2724069070,249369.26,-270130.74,-52.0
631000.0,47.6814,-122.288,8077100031,634092.03,3092.03,0.49
361810.0,47.4576,-122.348,2968801315,241824.11,-119985.89,-33.16
914500.0,47.5818,-121.996,9544700730,852168.05,-62331.95,-6.82
375000.0,47.356,-122.057,3023000210,342194.62,-32805.38,-8.75
255000.0,47.2968,-122.372,8581200240,225815.22,-29184.78,-11.45
415000.0,47.6157,-122.05,2561330040,381170.73,-33829.27,-8.15
338500.0,47.4489,-122.456,2617370090,320853.99,-17646.01,-5.21
502000.0,47.5934,-122.298,3274800505,535624.98,33624.98,6.7
400000.0,47.6736,-122.167,1236900090,428085.73,28085.73,7.02
581000.0,47.6183,-122.3,9828702120,538609.61,-42390.39,-7.3
950000.0,47.6256,-122.299,5015001452,818007.45,-131992.55,-13.89
1600000.0,47.724,-122.373,3616600250,1406755.57,-193244.43,-12.08
317000.0,47.3072,-122.391,8029500100,317391.74,391.74,0.12
1340000.0,47.5489,-122.398,7936500190,1465743.31,125743.31,9.38
1730000.0,47.6149,-122.287,4141800285,1278368.4,-451631.6,-26.11
460500.0,47.5057,-122.149,8079040300,508925.85,48425.85,10.52
525000.0,47.6384,-122.373,2771602174,476893.12,-48106.88,-9.16
653000.0,47.5551,-122.001,3630120480,509617.93,-143382.07,-21.96
313500.0,47.7257,-122.162,8835220090,423589.72,110089.72,35.12
328000.0,47.7078,-121.915,782700150,325657.03,-2342.97,-0.71
1040000.0,47.5646,-122.129,7701450110,1377089.34,337089.34,32.41
405000.0,47.6934,-122.184,2591010150,427887.65,22887.65,5.65
249950.0,47.5421,-122.321,2734100736,449476.36,199526.36,79.83
387000.0,47.5942,-122.298,3274800460,482428.62,95428.62,24.66
280000.0,47.4477,-121.77,9407110680,247775.78,-32224.22,-11.51
185000.0,47.3141,-122.192,3327000070,252258.97,67258.97,36.36
538250.0,47.3948,-122.325,1722049154,478817.27,-59432.73,-11.04
515000.0,47.5632,-122.182,4035900060,594406.44,79406.44,15.42
591975.0,47.5196,-121.878,7853370020,532776.47,-59198.53,-10.0
274000.0,47.4918,-122.178,8074200175,339133.13,65133.13,23.77
345000.0,47.5707,-122.394,5505700055,403804.14,58804.14,17.04
340000.0,47.5092,-122.362,8151600941,339152.34,-847.66,-0.25
725000.0,47.6531,-122.196,9413600380,686132.06,-38867.94,-5.36
435000.0,47.5282,-122.269,3336000050,672585.16,237585.16,54.62
550000.0,47.7385,-121.965,8567450220,531640.92,-18359.08,-3.34
717000.0,47.7073,-122.112,9526600210,674749.29,-42250.71,-5.89
410000.0,47.678,-122.322,9528103443,401546.98,-8453.02,-2.06
174500.0,47.3236,-122.323,818500100,252738.65,78238.65,44.84
303100.0,47.50899999999999,-122.251,3878900185,440583.1,137483.1,45.36
255000.0,47.4644,-121.745,7334501130,255416.21,416.21,0.16
303000.0,47.5073,-122.372,123039424,329179.82,26179.82,8.64
230000.0,47.3196,-122.351,4168100130,213361.35,-16638.65,-7.23
515000.0,47.5484,-122.172,6071700020,578570.71,63570.71,12.34
472800.0,47.5497,-122.172,6071600340,564517.2,91717.2,19.4
416000.0,47.6914,-122.372,2356800020,354714.37,-61285.63,-14.73
389900.0,47.3304,-122.13,7861500150,343413.03,-46486.97,-11.92
403000.0,47.5305,-121.854,7852180560,266326.52,-136673.48,-33.91
690000.0,47.5468,-121.994,3630090050,660820.65,-29179.35,-4.23
700000.0,47.6356,-122.346,6926700654,604484.1,-95515.9,-13.65
522500.0,47.7258,-122.306,2126049290,526598.36,4098.36,0.78
335000.0,47.4789,-122.296,1623049241,433725.72,98725.72,29.47
285000.0,47.3679,-122.179,7697920060,283963.5,-1036.5,-0.36
560000.0,47.6038,-122.314,4226900211,385711.38,-174288.62,-31.12
445000.0,47.776,-122.169,9527310110,547035.29,102035.29,22.93
380000.0,47.4769,-122.141,1072010350,663264.52,283264.52,74.54
562200.0,47.6991,-122.392,6132600380,504939.82,-57260.18,-10.19
468000.0,47.6936,-122.186,2591010040,466325.2,-1674.8,-0.36
570000.0,47.6493,-122.384,2770601912,572157.83,2157.83,0.38
290000.0,47.398,-121.964,4396000530,260656.73,-29343.27,-10.12
399950.0,47.6738,-122.063,8807300570,294728.84,-105221.16,-26.31
315000.0,47.4842,-122.117,1323059098,281193.7,-33806.3,-10.73
415000.0,47.7027,-122.349,6145601890,430417.5,15417.5,3.72
273500.0,47.4117,-122.209,9320600090,299112.42,25612.42,9.36
625250.0,47.685,-122.039,7202280390,513346.24,-111903.76,-17.9
1310000.0,47.6664,-122.276,4221900305,1343820.35,33820.35,2.58
315000.0,47.5412,-122.288,6064800710,426433.57,111433.57,35.38
214950.0,47.3621,-122.094,8651442060,255790.74,40840.74,19.0
810000.0,47.6158,-122.213,4389201064,760908.0,-49092.0,-6.06
242000.0,47.495,-122.342,3275800050,371236.84,129236.84,53.4
1050000.0,47.5637,-122.123,6154500070,1042908.54,-7091.46,-0.68
725000.0,47.6567,-122.358,7445000115,654282.65,-70717.35,-9.75
275000.0,47.4805,-122.158,3211000930,313838.94,38838.94,14.12
1300000.0,47.6198,-122.289,1778500620,940156.65,-359843.35,-27.68
598200.0,47.5508,-122.268,3333500151,726121.72,127921.72,21.38
430000.0,47.5725,-122.133,2201501015,451315.97,21315.97,4.96
488500.0,47.697,-122.199,8099600160,508938.23,20438.23,4.18
497000.0,47.6909,-122.395,2267000458,401346.72,-95653.28,-19.25
490000.0,47.5582,-122.388,3902100150,505289.25,15289.25,3.12
310000.0,47.5517,-122.385,2461900845,241403.44,-68596.56,-22.13
1340000.0,47.6696,-122.416,1025039292,952209.6,-387790.4,-28.94
207950.0,47.5158,-122.264,1895000260,323183.66,115233.66,55.41
1290000.0,47.56,-122.225,1924059319,1353142.23,63142.23,4.89
569500.0,47.6005,-122.296,3416601021,606868.27,37368.27,6.56
366000.0,47.3814,-122.024,705700580,306283.1,-59716.9,-16.32
370000.0,47.6962,-122.349,3126049498,448363.82,78363.82,21.18
199950.0,47.4759,-122.212,7841300285,292239.69,92289.69,46.16
350000.0,47.5346,-122.286,8685500145,455278.15,105278.15,30.08
800000.0,47.7418,-122.039,7574910860,756833.73,-43166.27,-5.4
429500.0,47.7232,-122.174,2558600060,496522.69,67022.69,15.6
424950.0,47.5336,-121.841,3862710010,298181.34,-126768.66,-29.83
760000.0,47.5353,-122.066,8562740440,655281.77,-104718.23,-13.78
490000.0,47.6734,-122.176,925059113,656941.06,166941.06,34.07
289000.0,47.3604,-122.089,4178500150,282115.93,-6884.07,-2.38
755000.0,47.7587,-122.274,4019301160,737258.03,-17741.97,-2.35
641000.0,47.5286,-122.187,2309000060,660320.72,19320.72,3.01
552000.0,47.6724,-122.296,1868900285,481418.27,-70581.73,-12.79
213800.0,47.4934,-122.173,418000145,172886.13,-40913.87,-19.14
407000.0,47.3737,-122.16,2222059154,352317.01,-54682.99,-13.44
625000.0,47.5463,-122.015,8956000460,476143.02,-148856.98,-23.82
750000.0,47.6428,-122.302,8805900080,611078.19,-138921.81,-18.52
520000.0,47.6956,-122.303,5101402482,512972.74,-7027.26,-1.35
680000.0,47.6663,-122.357,9530101535,562042.68,-117957.32,-17.35
330000.0,47.3993,-122.162,2517000260,470816.27,140816.27,42.67
822500.0,47.6763,-122.352,2331300505,688123.71,-134376.29,-16.34
315000.0,47.5666,-121.902,2412100025,277674.33,-37325.67,-11.85
350000.0,47.4645,-122.196,7399000230,464265.08,114265.08,32.65
225000.0,47.495,-122.227,1180005220,272560.49,47560.49,21.14
300000.0,47.4873,-122.166,2690100170,387388.25,87388.25,29.13
569000.0,47.5665,-122.316,3959400400,791272.27,222272.27,39.06
770000.0,47.6765,-122.175,200480020,867273.73,97273.73,12.63
365000.0,47.4483,-122.124,2473480310,426930.72,61930.72,16.97
1050000.0,47.5514,-122.023,2224069109,629307.86,-420692.14,-40.07
310000.0,47.6491,-122.061,8651510380,485210.1,175210.1,56.52
335000.0,47.3273,-122.37,4166600610,274192.84,-60807.16,-18.15
510000.0,47.6854,-122.329,6815100095,421199.51,-88800.49,-17.41
340000.0,47.5075,-122.379,7100000110,321997.77,-18002.23,-5.29
322000.0,47.7231,-122.229,8564500020,376394.19,54394.19,16.89
132825.0,47.3615,-122.087,8651402750,188787.99,55962.99,42.13
210000.0,47.2008,-121.995,6018500120,262518.25,52518.25,25.01
527000.0,47.7034,-122.315,7434500127,532407.54,5407.54,1.03
1250000.0,47.5854,-122.292,669000350,1231253.18,-18746.82,-1.5
705000.0,47.6754,-122.307,8825900070,723396.87,18396.87,2.61
319450.0,47.3065,-122.219,3747600050,250121.82,-69328.18,-21.7
889950.0,47.6948,-122.178,9492500160,942802.82,52852.82,5.94
461000.0,47.6988,-122.317,8024200674,433790.68,-27209.32,-5.9
535000.0,47.5759,-122.012,3904960150,431047.33,-103952.67,-19.43
289950.0,47.7562,-122.318,6163901352,248429.99,-41520.01,-14.32
420000.0,47.4556,-122.087,5113000420,376491.09,-43508.91,-10.36
345000.0,47.4685,-122.265,1099900120,405166.48,60166.48,17.44
195000.0,47.3189,-122.373,4388000460,227018.6,32018.6,16.42
198000.0,47.3634,-122.086,8651401680,177057.08,-20942.92,-10.58
373000.0,47.5546,-122.377,1725800280,435389.89,62389.89,16.73
555000.0,47.6782,-122.361,2877102670,544395.68,-10604.32,-1.91
1100000.0,47.6514,-122.413,5035300650,747218.47,-352781.53,-32.07
575000.0,47.2929,-122.342,1321700030,608125.77,33125.77,5.76
330000.0,47.5051,-122.344,623049315,370853.99,40853.99,12.38
617450.0,47.6328,-122.174,6189200260,533065.6,-84384.4,-13.67
450000.0,47.6489,-122.335,4083306616,435443.88,-14556.12,-3.23
940000.0,47.6328,-122.236,3262300940,615285.16,-324714.84,-34.54
497500.0,47.6111,-122.126,4037800020,501759.62,4259.62,0.86
2050000.0,47.5811,-122.4,3505100756,1535593.62,-514406.38,-25.09
630000.0,47.5627,-122.221,191100665,452121.8,-177878.2,-28.23
523000.0,47.601000000000006,-122.122,4036800805,397687.81,-125312.19,-23.96
403900.0,47.398,-122.31,8699800070,405545.37,1645.37,0.41
545000.0,47.7021,-122.241,3761100341,667925.77,122925.77,22.56
808000.0,47.7539,-122.37,3586500770,568678.81,-239321.19,-29.62
559950.0,47.4853,-122.154,5045700400,587929.2,27979.2,5.0
540000.0,47.6619,-122.324,1890000166,502295.93,-37704.07,-6.98
259000.0,47.3528,-122.211,8669160170,255105.44,-3894.56,-1.5
592500.0,47.7349,-122.295,1568100295,691312.37,98812.37,16.68
471000.0,47.7698,-122.167,6662410020,477452.73,6452.73,1.37
397000.0,47.577,-122.302,3085001610,565294.63,168294.63,42.39
234000.0,47.5038,-122.364,8151600701,256911.52,22911.52,9.79
627000.0,47.6842,-122.309,3142600120,586638.37,-40361.63,-6.44
402500.0,47.7668,-122.243,114100234,522169.38,119669.38,29.73
539500.0,47.3752,-122.029,4017050260,595622.76,56122.76,10.4
235000.0,47.5093,-122.172,7789200070,358734.87,123734.87,52.65
356000.0,47.6744,-122.383,2767601815,335090.55,-20909.45,-5.87
449999.0,47.2034,-122.003,2320069111,293891.25,-156107.75,-34.69
495000.0,47.62600000000001,-122.048,7504400120,534173.67,39173.67,7.91
264000.0,47.4104,-122.172,2787320430,289640.81,25640.81,9.71
305000.0,47.5707,-122.018,4057300170,251080.15,-53919.85,-17.68
430000.0,47.7169,-122.331,3034200410,407808.45,-22191.55,-5.16
299000.0,47.7699,-122.335,1074100020,319787.65,20787.65,6.95
669000.0,47.4504,-122.377,7631200292,339563.54,-329436.46,-49.24
325000.0,47.5325,-122.073,8562780090,276234.77,-48765.23,-15.0
769950.0,47.6737,-122.4,6908200021,648271.85,-121678.15,-15.8
552625.0,47.7169,-122.329,3034200435,668892.77,116267.77,21.04
425000.0,47.6482,-122.393,6821600265,423887.14,-1112.86,-0.26
315000.0,47.4973,-122.177,8074400035,436397.0,121397.0,38.54
400000.0,47.7616,-122.365,2697400020,371556.31,-28443.69,-7.11
1400000.0,47.6684,-122.309,8823900290,1578705.01,178705.01,12.76
489000.0,47.7007,-122.312,8024201714,589361.78,100361.78,20.52
515000.0,47.7197,-122.219,2296700330,505280.34,-9719.66,-1.89
235000.0,47.5354,-122.278,717000225,333345.35,98345.35,41.85
397500.0,47.6991,-122.13,7201800300,413831.21,16331.21,4.11
297950.0,47.449,-122.155,2473100635,265596.71,-32353.29,-10.86
613000.0,47.5736,-122.109,1324059139,566654.55,-46345.45,-7.56
825000.0,47.5628,-122.081,5423010180,750439.7,-74560.3,-9.04
831500.0,47.7377,-122.084,1152600220,1271243.03,439743.03,52.89
185000.0,47.4871,-122.281,7340600845,324624.8,139624.8,75.47
200000.0,47.5177,-122.266,7129304200,302099.76,102099.76,51.05
375000.0,47.7139,-121.321,8649400410,427217.12,52217.12,13.92
315000.0,47.7505,-122.312,5589900761,279259.9,-35740.1,-11.35
257500.0,47.2924,-122.197,7806210380,219424.55,-38075.45,-14.79
352000.0,47.5308,-122.35,7972600765,360075.44,8075.44,2.29
400000.0,47.7703,-122.35,7283900153,329332.79,-70667.21,-17.67
699000.0,47.6711,-122.012,2324800110,745203.08,46203.08,6.61
460000.0,47.6644,-122.145,7955040130,474529.03,14529.03,3.16
295000.0,47.3078,-122.378,8732131090,257029.8,-37970.2,-12.87
750000.0,47.6361,-122.047,7504021510,719312.92,-30687.08,-4.09
440000.0,47.7283,-122.222,3578110200,427596.1,-12403.9,-2.82
1050000.0,47.6763,-122.404,486000597,868832.03,-181167.97,-17.25
767500.0,47.6634,-122.359,7986401305,895150.85,127650.85,16.63
483945.0,47.558,-122.392,312000135,320165.61,-163779.39,-33.84
411000.0,47.6603,-122.394,7010701016,386226.21,-24773.79,-6.03
210000.0,47.364,-122.094,8651441620,219654.25,9654.25,4.6
440000.0,47.4397,-122.15,2472920740,625968.46,185968.46,42.27
330000.0,47.7751,-122.268,4027700930,366544.9,36544.9,11.07
875000.0,47.6605,-122.331,510002010,664124.25,-210875.75,-24.1
839990.0,47.6845,-122.017,7203220310,819386.05,-20603.95,-2.45
197000.0,47.4672,-122.185,8645500360,331368.44,134368.44,68.21
395000.0,47.7529,-122.318,6163901261,362654.88,-32345.12,-8.19
322500.0,47.7473,-122.32,7304301085,295197.85,-27302.15,-8.47
165000.0,47.4836,-122.332,1446400725,264315.52,99315.52,60.19
427500.0,47.5142,-122.389,2594200375,372375.77,-55124.23,-12.89
313000.0,47.2599,-122.215,4137060270,293464.18,-19535.82,-6.24
335000.0,47.7312,-122.202,3764800510,403038.53,68038.53,20.31
1230000.0,47.6547,-122.158,1525059160,1382398.72,152398.72,12.39
240000.0,47.4712,-122.1,7230400400,324063.61,84063.61,35.03
370000.0,47.4871,-122.203,7224000545,438075.76,68075.76,18.4
416000.0,47.5314,-122.378,2695600190,355525.57,-60474.43,-14.54
750000.0,47.4,-122.42,5215200050,1111192.91,361192.91,48.16
336750.0,47.5119,-122.337,2414600255,461928.39,125178.39,37.17
734000.0,47.3622,-122.157,9454200030,491695.99,-242304.01,-33.01
670000.0,47.5872,-122.241,5315100393,635551.24,-34448.76,-5.14
182500.0,47.3337,-122.275,7696500280,226980.11,44480.11,24.37
215000.0,47.4604,-122.18,1431400070,239972.35,24972.35,11.62
135000.0,47.5188,-122.353,3298701025,239557.12,104557.12,77.45
687015.0,47.6256,-122.362,3876900089,635579.08,-51435.92,-7.49
399950.0,47.3131,-122.115,3211230260,383600.48,-16349.52,-4.09
359950.0,47.3209,-122.185,8097000330,344226.07,-15723.93,-4.37
346300.0,47.2634,-122.211,4136890560,290660.68,-55639.32,-16.07
326995.0,47.3848,-122.033,8856970530,295108.62,-31886.38,-9.75
495000.0,47.6302,-122.344,52000067,524039.03,29039.03,5.87
585000.0,47.5973,-122.034,7197800020,486713.96,-98286.04,-16.8
242000.0,47.448,-122.28,5379805160,311447.15,69447.15,28.7
400000.0,47.7634,-122.35,7283900306,468590.72,68590.72,17.15
676000.0,47.6462,-122.403,1377800135,468002.99,-207997.01,-30.77
500000.0,47.3944,-121.972,1822079046,364975.42,-135024.58,-27.0
375000.0,47.504,-122.248,4141680190,432462.74,57462.74,15.32
415000.0,47.4947,-122.174,8011100095,488148.76,73148.76,17.63
459000.0,47.695,-122.366,1588600045,361763.1,-97236.9,-21.18
517534.0,47.3889,-122.482,2422029094,303901.82,-213632.18,-41.28
445000.0,47.6602,-122.13,5422570760,610922.32,165922.32,37.29
627000.0,47.5933,-122.007,6127010670,574837.24,-52162.76,-8.32
710000.0,47.4549,-122.363,7680400140,930827.16,220827.16,31.1
409950.0,47.6993,-122.13,7201800280,447335.8,37385.8,9.12
493000.0,47.7326,-122.179,2126059219,529076.27,36076.27,7.32
740000.0,47.6464,-122.391,1193000380,787791.45,47791.45,6.46
653000.0,47.6878,-122.29,441000065,475294.94,-177705.06,-27.21
495000.0,47.7461,-122.247,3579000180,682994.09,187994.09,37.98
579000.0,47.6867,-122.354,6690500070,655434.35,76434.35,13.2
600000.0,47.4472,-122.092,7701930180,923253.89,323253.89,53.88
414500.0,47.6988,-122.316,8024200625,383095.55,-31404.45,-7.58
805000.0,47.6729,-122.293,1870400635,742823.14,-62176.86,-7.72
423000.0,47.5995,-122.144,2207100405,480114.89,57114.89,13.5
665000.0,47.3552,-121.99,3622069122,610861.43,-54138.57,-8.14
425000.0,47.5736,-122.393,5013500110,349086.82,-75913.18,-17.86
89950.0,47.5098,-122.334,1721801591,199134.45,109184.45,121.38
250000.0,47.4133,-122.209,9320600020,310595.63,60595.63,24.24
241000.0,47.5075,-122.262,8068000305,268372.24,27372.24,11.36
695000.0,47.5945,-122.201,3860900111,715403.17,20403.17,2.94
479000.0,47.7043,-122.209,3026059361,579266.9,100266.9,20.93
306500.0,47.5004,-122.162,3450400330,316377.71,9877.71,3.22
1190000.0,47.6411,-122.207,4122500100,928099.96,-261900.04,-22.01
305000.0,47.5514,-122.284,3331001165,330523.69,25523.69,8.37
192500.0,47.4909,-122.298,257000105,292236.46,99736.46,51.81
285000.0,47.3507,-122.141,5468770180,319113.73,34113.73,11.97
425000.0,47.2598,-122.304,5409800110,271205.95,-153794.05,-36.19
495000.0,47.7363,-122.298,3500100089,547354.06,52354.06,10.58
296500.0,47.362,-122.277,1310970380,334418.29,37918.29,12.79
240000.0,47.5255,-122.327,7883601155,391623.52,151623.52,63.18
358000.0,47.7095,-122.35,7017200120,313889.08,-44110.92,-12.32
770000.0,47.6537,-122.34,8032700070,610018.16,-159981.84,-20.78
549000.0,47.5903,-122.157,7811210320,633433.88,84433.88,15.38
780000.0,47.674,-122.35,9523103000,668276.16,-111723.84,-14.32
435000.0,47.7269,-122.325,2832100910,568160.59,133160.59,30.61
447000.0,47.6019,-122.123,4036800900,400742.92,-46257.08,-10.35
730000.0,47.6065,-122.291,8083400066,807230.53,77230.53,10.58
271950.0,47.5467,-122.173,6071800480,439381.08,167431.08,61.57
325000.0,47.7265,-122.315,2026049124,426889.72,101889.72,31.35
480000.0,47.3651,-122.197,2922059212,373229.41,-106770.59,-22.24
369000.0,47.3059,-122.349,9264950410,316221.01,-52778.99,-14.3
390500.0,47.7035,-122.357,3654200039,410957.52,20457.52,5.24
602000.0,47.6103,-122.3,519000043,608919.8,6919.8,1.15
384950.0,47.522,-122.375,4365200865,382589.05,-2360.95,-0.61
405100.0,47.7598,-122.328,6139100101,392094.04,-13005.96,-3.21
735000.0,47.5527,-121.992,3629970130,588939.37,-146060.63,-19.87
550000.0,47.7489,-122.185,2095800520,637036.06,87036.06,15.82
175000.0,47.4908,-122.223,4202400078,326036.63,151036.63,86.31
989990.0,47.7049,-122.126,2937300540,1095627.5,105637.5,10.67
139000.0,47.3736,-122.188,3512100050,248972.89,109972.89,79.12
370000.0,47.6181,-122.117,3298201290,288280.71,-81719.29,-22.09
364000.0,47.7612,-122.31,4024101545,493921.33,129921.33,35.69
750000.0,47.6143,-122.305,7228501065,693407.08,-56592.92,-7.55
780000.0,47.584,-122.195,2450500110,655979.45,-124020.55,-15.9
408000.0,47.5169,-122.255,7129302806,582945.42,174945.42,42.88
305000.0,47.3348,-122.19,1402950100,315925.35,10925.35,3.58
190000.0,47.4559,-122.183,1423700680,315807.83,125807.83,66.21
660000.0,47.7637,-122.05,4298100240,669577.24,9577.24,1.45
463000.0,47.7012,-122.322,5101405465,443803.56,-19196.44,-4.15
735000.0,47.6252,-122.029,1939130120,706742.01,-28257.99,-3.84
650880.0,47.5151,-121.883,7853380480,486164.29,-164715.71,-25.31
550000.0,47.7646,-122.271,4022907770,699355.01,149355.01,27.16
310000.0,47.7416,-122.327,2241700075,343206.73,33206.73,10.71
375000.0,47.7302,-122.197,9477100170,399124.8,24124.8,6.43
377000.0,47.5199,-122.184,9477730080,467559.63,90559.63,24.02
280000.0,47.2583,-122.203,7299600530,299253.62,19253.62,6.88
690000.0,47.666,-122.332,9550200470,593909.45,-96090.55,-13.93
1100000.0,47.5589,-122.116,2424059119,1157988.71,57988.71,5.27
840000.0,47.5378,-122.219,3456000310,780489.81,-59510.19,-7.08
780000.0,47.5078,-122.018,323069120,889703.34,109703.34,14.06
633000.0,47.5392,-121.862,7853280490,672487.73,39487.73,6.24
415000.0,47.7552,-122.229,114101540,398287.76,-16712.24,-4.03
770000.0,47.6073,-122.062,5581400080,874382.34,104382.34,13.56
950000.0,47.6453,-122.358,6819100310,611440.81,-338559.19,-35.64
217500.0,47.4014,-122.186,5419800090,268289.24,50789.24,23.35
562100.0,47.6707,-122.364,2768000270,460634.33,-101465.67,-18.05
335000.0,47.3554,-122.298,7968200090,280462.01,-54537.99,-16.28
849000.0,47.7081,-122.374,868000175,635531.9,-213468.1,-25.14
660000.0,47.7644,-122.29,326049060,662943.33,2943.33,0.45
456500.0,47.4959,-122.15,293810190,536761.89,80261.89,17.58
250000.0,47.2558,-122.122,120059044,500861.4,250861.4,100.34
515000.0,47.5346,-121.875,7852090810,381389.65,-133610.35,-25.94
445000.0,47.3499,-122.027,2781250150,338953.57,-106046.43,-23.83
1690000.0,47.6569,-122.273,4219401236,1374780.03,-315219.97,-18.65
361000.0,47.5009,-122.235,9282801450,410931.69,49931.69,13.83
416000.0,47.7188,-122.177,8663260030,542071.55,126071.55,30.31
583800.0,47.6313,-122.008,6134500220,517158.37,-66641.63,-11.42
550000.0,47.7528,-122.195,3204900010,765665.94,215665.94,39.21
725000.0,47.6539,-122.395,582000065,659964.0,-65036.0,-8.97
265950.0,47.374,-122.133,9238440020,277513.5,11563.5,4.35
217000.0,47.4789,-122.159,3211100450,300382.08,83382.08,38.42
279000.0,47.4002,-122.189,8025700460,272085.58,-6914.42,-2.48
208417.0,47.5292,-122.316,2185000685,227487.44,19070.44,9.15
600000.0,47.7228,-122.183,3876100940,685234.83,85234.83,14.21
319000.0,47.7033,-122.308,5101407305,376156.66,57156.66,17.92
335000.0,47.7116,-122.214,1138020020,364012.07,29012.07,8.66
925000.0,47.5424,-121.872,7851990120,1300893.69,375893.69,40.64
347000.0,47.752,-122.253,3582750280,451848.72,104848.72,30.22
330000.0,47.2194,-122.059,1284000010,299759.9,-30240.1,-9.16
837219.0,47.593,-122.057,1853080850,719395.68,-117823.32,-14.07
460000.0,47.6986,-122.286,3426049132,447652.01,-12347.99,-2.68
715000.0,47.5394,-122.028,9268850860,481122.93,-233877.07,-32.71
589000.0,47.5908,-122.017,4221260050,476919.15,-112080.85,-19.03
310000.0,47.3841,-122.041,4142450510,298532.34,-11467.66,-3.7
1380000.0,47.5623,-122.221,191100672,1075814.89,-304185.11,-22.04
654000.0,47.5192,-121.764,3424089119,396915.65,-257084.35,-39.31
462500.0,47.3758,-122.425,2122039137,318723.53,-143776.47,-31.09
367950.0,47.7611,-122.351,7287700059,449460.99,81510.99,22.15
815000.0,47.6168,-122.298,9828200790,506838.05,-308161.95,-37.81
245000.0,47.1913,-122.015,8078490090,345717.11,100717.11,41.11
360000.0,47.401,-122.171,6752600320,324469.91,-35530.09,-9.87
459500.0,47.6607,-122.333,510002506,402465.33,-57034.67,-12.41
278500.0,47.4278,-122.152,4406000560,240505.31,-37994.69,-13.64
349950.0,47.5536,-122.283,5649600435,405471.17,55521.17,15.87
987000.0,47.6227,-122.207,5536100020,840181.1,-146818.9,-14.88
235000.0,47.3054,-122.305,2412600030,209232.44,-25767.56,-10.96
399000.0,47.5674,-122.369,9358000552,504211.09,105211.09,26.37
659000.0,47.7072,-121.927,2826079027,716054.43,57054.43,8.66
407500.0,47.7352,-122.297,6649300190,550310.75,142810.75,35.05
260000.0,47.2638,-122.243,2005950050,260984.88,984.88,0.38
228000.0,47.4258,-122.322,5245600105,243571.45,15571.45,6.83
280000.0,47.3358,-122.265,1460900030,286279.64,6279.64,2.24
439500.0,47.47,-122.0,2323069073,451615.67,12115.67,2.76
467000.0,47.6713,-122.383,2767604247,416429.52,-50570.48,-10.83
780000.0,47.637,-122.371,7011201550,779533.41,-466.59,-0.06
333490.0,47.3413,-122.18,1085622890,314300.44,-19189.56,-5.75
235000.0,47.4696,-122.298,2123049175,373416.49,138416.49,58.9
844000.0,47.6674,-122.046,3528000545,902329.13,58329.13,6.91
350000.0,47.4938,-122.255,2171400197,477436.61,127436.61,36.41
738515.0,47.7754,-122.173,7308600050,810349.41,71834.41,9.73
330000.0,47.526,-121.809,5415000240,237013.26,-92986.74,-28.18
1390000.0,47.5614,-122.215,2524000050,1373682.94,-16317.06,-1.17
990000.0,47.5479,-122.233,4094800380,926103.13,-63896.87,-6.45
379950.0,47.6836,-122.095,339600290,319906.47,-60043.53,-15.8
315000.0,47.7612,-122.332,2224700136,352941.86,37941.86,12.05
435000.0,47.6751,-122.372,2767704055,384048.44,-50951.56,-11.71
585000.0,47.5373,-122.395,4315701163,519497.77,-65502.23,-11.2
353000.0,47.61600000000001,-122.314,6003000851,349070.46,-3929.54,-1.11
805000.0,47.5451,-122.142,2597520580,797444.18,-7555.82,-0.94
1400000.0,47.5895,-122.111,9253900408,1653446.64,253446.64,18.1
850000.0,47.6316,-121.988,205000310,932465.67,82465.67,9.7
235000.0,47.5498,-122.304,2124049254,348299.09,113299.09,48.21
515500.0,47.4863,-122.14,5126310470,591483.78,75983.78,14.74
445000.0,47.5299,-122.266,3524049083,562878.59,117878.59,26.49
546000.0,47.6859,-122.399,472000055,496002.27,-49997.73,-9.16
325000.0,47.2597,-122.228,3121059033,287619.56,-37380.44,-11.5
619000.0,47.5422,-121.86,7853240200,473177.66,-145822.34,-23.56
279000.0,47.3231,-122.103,7950700120,242739.69,-36260.31,-13.0
425000.0,47.56399999999999,-122.398,2391601010,309608.86,-115391.14,-27.15
602000.0,47.5503,-122.155,2600110710,589342.85,-12657.15,-2.1
415950.0,47.6048,-122.121,4037200665,390496.0,-25454.0,-6.12
700000.0,47.6366,-122.229,3537900180,729753.57,29753.57,4.25
269950.0,47.3764,-122.117,2329800330,281804.42,11854.42,4.39
655500.0,47.5929,-122.133,7923500090,661693.27,6193.27,0.94
1090000.0,47.6805,-122.048,425069020,1207484.44,117484.44,10.78
537000.0,47.7394,-122.288,6744700424,666366.75,129366.75,24.09
445000.0,47.7291,-122.218,8651730290,521957.34,76957.34,17.29
950000.0,47.6534,-122.182,7501000220,1137191.62,187191.62,19.7
340000.0,47.5371,-122.393,4322200050,425583.38,85583.38,25.17
605000.0,47.6391,-122.403,1370802650,589550.17,-15449.83,-2.55
507000.0,47.7174,-122.337,3034200660,595415.18,88415.18,17.44
530000.0,47.2215,-122.067,1720069075,551017.19,21017.19,3.97
470000.0,47.558,-122.382,6126600950,461907.84,-8092.16,-1.72
575000.0,47.3908,-122.32,2011400230,574452.98,-547.02,-0.1
494500.0,47.5161,-122.191,3343901401,727181.19,232681.19,47.05
392000.0,47.5343,-122.37,9269200831,273762.61,-118237.39,-30.16
336800.0,47.7734,-122.315,3971700510,389243.48,52443.48,15.57
299950.0,47.5602,-122.292,5414100040,358022.02,58072.02,19.36
611000.0,47.6771,-122.328,9528104985,492458.82,-118541.18,-19.4
290000.0,47.4429,-121.771,9407100720,257497.39,-32502.61,-11.21
712000.0,47.679,-122.39,2856101755,505427.68,-206572.32,-29.01
545000.0,47.7096,-122.199,8663280160,551253.62,6253.62,1.15
250000.0,47.691,-122.303,5101400561,320516.83,70516.83,28.21
520000.0,47.6808,-122.38,7518503220,528982.16,8982.16,1.73
304950.0,47.5151,-122.372,7454000990,221379.0,-83571.0,-27.4
530000.0,47.771,-122.166,8835350230,675095.45,145095.45,27.38
637850.0,47.5193,-121.877,7853370440,605730.72,-32119.28,-5.04
552500.0,47.5093,-122.387,8118600025,341325.03,-211174.97,-38.22
200000.0,47.3541,-122.303,7575610170,280308.09,80308.09,40.15
725000.0,47.595,-122.016,9510920050,775424.38,50424.38,6.96
783200.0,47.637,-122.367,7011200830,622960.09,-160239.91,-20.46
1100000.0,47.5667,-122.155,7855400330,1099435.72,-564.28,-0.05
560000.0,47.7638,-122.265,4140500055,519895.85,-40104.15,-7.16
215000.0,47.4971,-122.282,7340600068,309581.6,94581.6,43.99
800000.0,47.5979,-121.974,8691400080,660318.06,-139681.94,-17.46
202000.0,47.3244,-122.144,6600400270,213156.24,11156.24,5.52
359000.0,47.7055,-122.3,6370000070,523959.4,164959.4,45.95
558000.0,47.6089,-122.303,9126101645,606057.43,48057.43,8.61
745000.0,47.5726,-122.373,7987400475,815130.63,70130.63,9.41
909000.0,47.5604,-122.107,7805450870,988335.9,79335.9,8.73
821000.0,47.5402,-122.215,2581900284,766923.61,-54076.39,-6.59
650000.0,47.6959,-122.364,9268200484,658799.7,8799.7,1.35
525000.0,47.4997,-122.151,9211000110,736660.95,211660.95,40.32
355000.0,47.3726,-122.433,2817100040,263984.78,-91015.22,-25.64
320000.0,47.5421,-122.378,1121000095,330055.11,10055.11,3.14
840000.0,47.5616,-122.153,7856610130,858319.39,18319.39,2.18
300000.0,47.4495,-122.17,7229100040,392775.02,92775.02,30.93
370000.0,47.5552,-122.381,3259400030,310232.27,-59767.73,-16.15
259000.0,47.5495,-122.31,8100900115,361019.29,102019.29,39.39
290000.0,47.6741,-122.406,1025039168,313809.94,23809.94,8.21
720000.0,47.506,-122.384,290000055,548413.49,-171586.51,-23.83
535000.0,47.7298,-121.972,2787250080,521043.65,-13956.35,-2.61
969500.0,47.6051,-122.289,4278900110,929587.34,-39912.66,-4.12
387000.0,47.5348,-122.072,291300170,293669.0,-93331.0,-24.12
801000.0,47.5573,-122.02,2224069165,718233.55,-82766.45,-10.33
1350000.0,47.4041,-122.451,822039084,1067048.86,-282951.14,-20.96
370000.0,47.7024,-122.35,6145601995,416050.73,46050.73,12.45
824000.0,47.6503,-122.393,6821600145,437655.73,-386344.27,-46.89
266490.0,47.3715,-122.126,7237301210,290422.58,23932.58,8.98
320000.0,47.4696,-122.359,7635800180,232059.2,-87940.8,-27.48
499950.0,47.4714,-122.273,40000669,629181.87,129231.87,25.85
375000.0,47.7603,-122.307,4024101440,499836.86,124836.86,33.29
500000.0,47.6713,-122.152,9512500720,538015.11,38015.11,7.6
420000.0,47.5135,-122.38,1909600115,311573.89,-108426.11,-25.82
655000.0,47.6717,-122.295,8827900560,665425.38,10425.38,1.59
502000.0,47.6199,-122.116,4040800600,475254.76,-26745.24,-5.33
280000.0,47.4619,-122.168,2460700650,320339.72,40339.72,14.41
475000.0,47.5849,-122.17,5076700025,434490.0,-40510.0,-8.53
707000.0,47.6573,-122.399,6821100015,642033.23,-64966.77,-9.19
719000.0,47.5841,-122.383,9151600541,658120.44,-60879.56,-8.47
369000.0,47.5874,-122.386,9272201704,378165.06,9165.06,2.48
1940000.0,47.7097,-122.013,2626069030,2616771.45,676771.45,34.89
367500.0,47.5483,-122.277,1314300018,411892.59,44392.59,12.08
530000.0,47.6009,-122.158,2077700042,715975.67,185975.67,35.09
1290000.0,47.7161,-122.219,3026059085,1359029.61,69029.61,5.35
650000.0,47.5705,-122.175,5566100170,731436.69,81436.69,12.53
205000.0,47.5604,-122.363,1773100275,283686.65,78686.65,38.38
720000.0,47.5244,-122.386,2483700160,519998.2,-200001.8,-27.78
780000.0,47.5897,-122.233,5315101716,623408.13,-156591.87,-20.08
345000.0,47.4704,-121.747,7334600170,252181.95,-92818.05,-26.9
554600.0,47.6755,-122.369,452001540,530711.09,-23888.91,-4.31
651000.0,47.6111,-122.308,7234601541,772709.04,121709.04,18.7
280000.0,47.3088,-122.273,9262800255,260880.86,-19119.14,-6.83
360000.0,47.7765,-122.324,6187700501,348021.11,-11978.89,-3.33
605000.0,47.6798,-122.352,625049153,627785.37,22785.37,3.77
322000.0,47.4253,-122.283,240000031,312425.82,-9574.18,-2.97
269000.0,47.5385,-122.355,3438503140,315677.93,46677.93,17.35
358800.0,47.4204,-122.201,522059352,410713.82,51913.82,14.47
534640.0,47.736,-122.159,1529200480,584825.08,50185.08,9.39
315000.0,47.6978,-122.164,3426059050,291244.13,-23755.87,-7.54
381000.0,47.3809,-122.098,6654700250,441207.31,60207.31,15.8
374990.0,47.7768,-122.268,5116000170,398940.61,23950.61,6.39
385000.0,47.49100000000001,-122.15,3448720020,412001.81,27001.81,7.01
440000.0,47.6624,-122.354,9521100106,523447.05,83447.05,18.97
709000.0,47.7133,-122.367,7611200195,725420.83,16420.83,2.32
390000.0,47.4663,-122.359,1901600090,359658.1,-30341.9,-7.78
570000.0,47.5576,-122.277,5249801440,506680.38,-63319.62,-11.11
425000.0,47.5791,-122.001,3905050240,409607.62,-15392.38,-3.62
260000.0,47.3357,-122.275,1311800040,198339.35,-61660.65,-23.72
980000.0,47.642,-122.358,2652500795,933536.79,-46463.21,-4.74
709000.0,47.6667,-122.337,9136101776,530467.95,-178532.05,-25.18
270000.0,47.3605,-122.049,1545803240,261590.3,-8409.7,-3.11
929950.0,47.5525,-122.098,5608000590,1175865.86,245915.86,26.44
215150.0,47.3654,-122.082,8651410330,170866.63,-44283.37,-20.58
337500.0,47.462,-122.188,7399300780,339402.66,1902.66,0.56
250000.0,47.5658,-122.292,1607100139,434653.02,184653.02,73.86
300000.0,47.3834,-122.168,1509700050,350658.36,50658.36,16.89
485000.0,47.4461,-122.208,8106300510,645180.55,160180.55,33.03
440000.0,47.557,-122.163,2600010360,618813.93,178813.93,40.64
396000.0,47.6923,-122.369,6638900550,274842.2,-121157.8,-30.6
775000.0,47.7056,-122.119,6192400180,933988.53,158988.53,20.51
643950.0,47.5633,-122.385,952005863,516816.45,-127133.55,-19.74
460000.0,47.65600000000001,-122.359,1819800286,389450.26,-70549.74,-15.34
401000.0,47.7019,-122.366,106000320,351689.39,-49310.61,-12.3
165000.0,47.5423,-122.351,3438503045,281043.28,116043.28,70.33
425000.0,47.6994,-122.347,263000164,344764.4,-80235.6,-18.88
725000.0,47.6527,-122.195,9413600670,663558.28,-61441.72,-8.47
440000.0,47.6757,-122.385,2767600171,372347.11,-67652.89,-15.38
230000.0,47.4756,-122.294,6099400140,335951.98,105951.98,46.07
360000.0,47.6993,-122.346,263000018,500075.94,140075.94,38.91
234000.0,47.26300000000001,-122.242,2154900330,245166.95,11166.95,4.77
360000.0,47.4342,-122.195,3223059141,318496.46,-41503.54,-11.53
325000.0,47.7157,-122.234,3763300005,533504.24,208504.24,64.16
368000.0,47.53,-121.848,7853230720,287201.16,-80798.84,-21.96
248500.0,47.7063,-122.342,6300000368,318076.55,69576.55,28.0
575000.0,47.6297,-122.117,259800610,537819.64,-37180.36,-6.47
1080000.0,47.7409,-122.198,1726059134,1012781.02,-67218.98,-6.22
539000.0,47.7585,-122.022,1026069155,456265.61,-82734.39,-15.35
190000.0,47.3696,-122.17,7140200330,261658.94,71658.94,37.72
872000.0,47.7308,-122.115,2426059103,856526.89,-15473.11,-1.77
595000.0,47.4703,-122.015,5561401210,617298.03,22298.03,3.75
350000.0,47.6841,-122.293,7977201065,434027.45,84027.45,24.01
880000.0,47.5705,-122.225,1824059079,866714.22,-13285.78,-1.51
363000.0,47.5483,-122.394,9417400215,286729.56,-76270.44,-21.01
436500.0,47.4314,-122.164,2591850080,469012.48,32512.48,7.45
888990.0,47.6181,-122.056,293070120,839867.92,-49122.08,-5.53
775000.0,47.6828,-122.267,9294300515,800323.34,25323.34,3.27
619850.0,47.5602,-122.176,6072400280,725939.44,106089.44,17.12
530000.0,47.667,-122.142,7922710320,492315.68,-37684.32,-7.11
503000.0,47.7194,-122.172,2558700220,610314.32,107314.32,21.33
356000.0,47.4811,-122.149,1523059105,408753.71,52753.71,14.82
1070000.0,47.674,-122.371,452002135,763326.62,-306673.38,-28.66
304000.0,47.7572,-122.318,6163900821,371569.44,67569.44,22.23
375000.0,47.4693,-122.266,8733000045,453044.0,78044.0,20.81
339000.0,47.5296,-122.379,9842300540,332679.76,-6320.24,-1.86
291000.0,47.4876,-122.226,1823059223,353714.54,62714.54,21.55
575000.0,47.7136,-122.03,8682261070,425717.32,-149282.68,-25.96
650000.0,47.6438,-122.403,1377300020,466757.89,-183242.11,-28.19
367300.0,47.3535,-122.273,2595650170,306452.35,-60847.65,-16.57
270000.0,47.326,-122.273,6084601060,248740.19,-21259.81,-7.87
400000.0,47.3028,-122.102,1321059097,271302.17,-128697.83,-32.17
440000.0,47.5882,-122.052,924069190,454991.76,14991.76,3.41
555000.0,47.6199,-122.141,3296000170,733279.89,178279.89,32.12
750000.0,47.5219,-122.38,1504800050,746442.21,-3557.79,-0.47
230000.0,47.2898,-122.251,3356402020,219019.85,-10980.15,-4.77
3640000.0,47.6165,-122.236,3625049042,2448603.93,-1191396.07,-32.73
230000.0,47.4233,-122.198,522059158,300531.24,70531.24,30.67
156000.0,47.5065,-122.339,3163600015,214262.51,58262.51,37.35
314950.0,47.2901,-122.279,2730500140,220880.2,-94069.8,-29.87
565000.0,47.6586,-122.395,7010700245,613409.37,48409.37,8.57
366000.0,47.354,-121.999,5104530430,357333.25,-8666.75,-2.37
295000.0,47.5108,-122.257,8067000020,380800.67,85800.67,29.08
330000.0,47.5188,-122.265,7129304085,451942.3,121942.3,36.95
460000.0,47.3106,-122.116,3211240370,433073.71,-26926.29,-5.85
1500000.0,47.6008,-122.01,629800540,1528284.68,28284.68,1.89
1360000.0,47.6903,-122.213,856001130,1089579.37,-270420.63,-19.88
815000.0,47.5939,-122.15,4397650080,1060869.33,245869.33,30.17
545000.0,47.6844,-122.392,4443800545,450803.72,-94196.28,-17.28
1500000.0,47.5862,-122.198,629000615,1094665.35,-405334.65,-27.02
1260000.0,47.562,-122.404,7603100095,1037241.34,-222758.66,-17.68
555000.0,47.308,-122.087,1796100010,676826.0,121826.0,21.95
660000.0,47.7195,-122.182,1036450170,822752.59,162752.59,24.66
1270000.0,47.6506,-122.195,9544200422,1302151.94,32151.94,2.53
262500.0,47.4779,-122.342,4338800500,263408.39,908.39,0.35
959000.0,47.7212,-122.26,3761700067,1243342.18,284342.18,29.65
360000.0,47.5329,-122.271,1443500395,343448.81,-16551.19,-4.6
435000.0,47.7359,-122.18,1049010300,415837.18,-19162.82,-4.41
405000.0,47.632,-122.03,6817800330,259910.71,-145089.29,-35.82
588000.0,47.6396,-122.112,9557300080,578005.18,-9994.82,-1.7
415000.0,47.5576,-122.317,2741100280,521890.18,106890.18,25.76
635000.0,47.5693,-122.301,1624049087,767747.5,132747.5,20.91
221000.0,47.3116,-122.358,104540820,237150.98,16150.98,7.31
935000.0,47.6384,-122.35,809003105,569295.85,-365704.15,-39.11
398000.0,47.5498,-122.381,66000140,341115.94,-56884.06,-14.29
539000.0,47.5661,-122.29,1604601801,673522.21,134522.21,24.96
900000.0,47.5714,-122.38,9285800180,850659.86,-49340.14,-5.48
357000.0,47.533,-122.354,2112700030,364839.67,7839.67,2.2
248000.0,47.3364,-122.318,5151600480,274744.39,26744.39,10.78
666000.0,47.5781,-122.293,5700000465,832112.04,166112.04,24.94
179950.0,47.3648,-122.081,8651410190,158310.95,-21639.05,-12.03
278000.0,47.5184,-122.196,1332700020,443607.3,165607.3,59.57
750000.0,47.6819,-122.271,8928100025,612762.63,-137237.37,-18.3
423000.0,47.5511,-122.312,7549802535,548348.93,125348.93,29.63
224500.0,47.3178,-122.174,7137900320,215038.87,-9461.13,-4.21
624950.0,47.6874,-122.178,4045750010,690652.88,65702.88,10.51
655000.0,47.5605,-122.124,1687910100,539427.96,-115572.04,-17.64
599000.0,47.667,-122.335,9136101271,539346.63,-59653.37,-9.96
274000.0,47.3178,-122.38,8731981410,308380.83,34380.83,12.55
575000.0,47.6378,-122.117,686450330,668024.33,93024.33,16.18
655000.0,47.591,-122.017,4221270340,485944.22,-169055.78,-25.81
402000.0,47.7651,-122.339,2807100095,407863.44,5863.44,1.46
429900.0,47.29600000000001,-122.35,9578501110,278754.09,-151145.91,-35.16
275000.0,47.3612,-122.185,2621420060,272025.84,-2974.16,-1.08
930000.0,47.3065,-122.158,2025770560,938313.31,8313.31,0.89
130000.0,47.5883,-122.384,9272202260,407203.7,277203.7,213.23
939000.0,47.5476,-122.397,7935000595,866772.61,-72227.39,-7.69
395000.0,47.7349,-122.197,6204400130,433969.47,38969.47,9.87
549000.0,47.7268,-122.105,1795900120,600337.73,51337.73,9.35
611000.0,47.6031,-122.021,8635751120,505400.29,-105599.71,-17.28
850000.0,47.7037,-122.016,8682280170,711032.45,-138967.55,-16.35
355000.0,47.7115,-122.355,8911000030,416870.85,61870.85,17.43
504200.0,47.6491,-122.334,1048000160,471226.54,-32973.46,-6.54
440000.0,47.4826,-121.698,1823099028,270794.93,-169205.07,-38.46
78000.0,47.4739,-122.28,40000362,201846.56,123846.56,158.78
189900.0,47.4959,-122.172,424500100,236818.08,46918.08,24.71
125000.0,47.2892,-122.22,1450100390,246541.36,121541.36,97.23
370000.0,47.3846,-122.169,1509500060,489002.55,119002.55,32.16
538000.0,47.7203,-122.323,6414100025,716255.44,178255.44,33.13
540000.0,47.7572,-122.022,1026069172,507101.08,-32898.92,-6.09
250000.0,47.3734,-122.193,1657000070,252391.71,2391.71,0.96
1440000.0,47.5427,-122.265,1102000527,1613477.29,173477.29,12.05
215000.0,47.4949,-122.3,5000500055,301455.78,86455.78,40.21
275000.0,47.4364,-122.28,1565600130,292382.15,17382.15,6.32
240000.0,47.3616,-122.286,1310800090,227367.38,-12632.62,-5.26
594950.0,47.6295,-122.042,3066410850,667293.81,72343.81,12.16
784500.0,47.3814,-122.164,5469650040,1206820.76,422320.76,53.83
1600000.0,47.664,-121.878,1125079111,1691451.38,91451.38,5.72
615000.0,47.6993,-122.378,2675600028,653763.18,38763.18,6.3
310000.0,47.3962,-122.309,8643000190,252805.14,-57194.86,-18.45
367500.0,47.7372,-122.316,6632900574,535232.97,167732.97,45.64
205000.0,47.4743,-122.274,1523049209,292852.11,87852.11,42.85
375000.0,47.5096,-122.363,8151600973,583725.63,208725.63,55.66
339888.0,47.7137,-122.213,1736100090,372554.61,32666.61,9.61
495000.0,47.4912,-122.145,7708200400,527746.18,32746.18,6.62
893880.0,47.565,-122.144,7856700060,696310.34,-197569.66,-22.1
1220000.0,47.6396,-122.409,1370800830,1341024.61,121024.61,9.92
285000.0,47.3668,-122.312,7888400500,207994.75,-77005.25,-27.02
402500.0,47.3053,-122.34,7298020240,385202.18,-17297.82,-4.3
675000.0,47.6285,-122.058,7504000230,753185.65,78185.65,11.58
370000.0,47.3054,-122.221,8699100240,160063.59,-209936.41,-56.74
705000.0,47.6722,-122.389,2767603890,655930.34,-49069.66,-6.96
300000.0,47.3195,-122.273,8001600150,269460.87,-30539.13,-10.18
680000.0,47.6649,-122.082,9510970530,633441.55,-46558.45,-6.85
895990.0,47.6847,-122.017,7203220300,803155.49,-92834.51,-10.36
774950.0,47.3602,-121.986,7167000060,696408.11,-78541.89,-10.14
477590.0,47.5053,-122.377,1769600147,488605.63,11015.63,2.31
350500.0,47.4738,-122.35,2970800145,296873.92,-53626.08,-15.3
305000.0,47.4473,-121.774,9407001600,244329.02,-60670.98,-19.89
325000.0,47.2082,-122.009,9432900040,331178.07,6178.07,1.9
479500.0,47.5216,-121.878,7853310720,372583.09,-106916.91,-22.3
400000.0,47.398,-122.081,1822069041,534212.61,134212.61,33.55
419900.0,47.3595,-122.038,5416500980,449409.91,29509.91,7.03
382500.0,47.378,-122.03,9406570300,426939.19,44439.19,11.62
408000.0,47.6063,-122.305,9126100487,589401.06,181401.06,44.46
565000.0,47.649,-122.335,4083306620,485625.99,-79374.01,-14.05
875000.0,47.5622,-122.153,7856610490,735966.88,-139033.12,-15.89
314950.0,47.473,-122.149,5127001320,344386.91,29436.91,9.35
340000.0,47.7446,-122.332,2071700010,526714.27,186714.27,54.92
1350000.0,47.7352,-122.116,3401700150,1619697.48,269697.48,19.98
920000.0,47.6178,-122.29,9103000455,825304.4,-94695.6,-10.29
700000.0,47.6844,-122.332,2883200961,526594.96,-173405.04,-24.77
541000.0,47.6646,-122.367,1982201595,487893.8,-53106.2,-9.82
630000.0,47.33600000000001,-122.35,1954600050,300860.15,-329139.85,-52.24
1200000.0,47.6272,-122.318,2663000345,944394.11,-255605.89,-21.3
591000.0,47.77,-122.097,1774220400,661600.57,70600.57,11.95
310000.0,47.3969,-122.205,1091500120,314741.69,4741.69,1.53
409950.0,47.3558,-122.013,5104511050,375291.51,-34658.49,-8.45
547500.0,47.5618,-122.176,6072760390,637039.92,89539.92,16.35
594000.0,47.6674,-122.365,475000510,479384.25,-114615.75,-19.3
200000.0,47.4966,-122.255,399000195,239753.92,39753.92,19.88
230000.0,47.476000000000006,-122.151,9347900020,226514.69,-3485.31,-1.52
380000.0,47.3497,-122.044,2310100230,346151.15,-33848.85,-8.91
462000.0,47.764,-122.36,9508500075,514504.86,52504.86,11.36
330000.0,47.5149,-122.263,7129800063,453260.67,123260.67,37.35
290000.0,47.4648,-121.756,7334500090,263810.09,-26189.91,-9.03
539000.0,47.6491,-122.061,8651510380,485210.1,-53789.9,-9.98
270000.0,47.519,-122.26,8071000050,298161.09,28161.09,10.43
855000.0,47.5647,-122.108,8965520100,1107990.04,252990.04,29.59
686000.0,47.7145,-122.369,7611200086,617436.05,-68563.95,-9.99
339950.0,47.5102,-122.324,797000256,309440.01,-30509.99,-8.97
549000.0,47.4804,-122.126,4305600040,564685.07,15685.07,2.86
312000.0,47.5509,-122.366,9284802825,327347.29,15347.29,4.92
428000.0,47.7106,-122.03,8682230550,378956.59,-49043.41,-11.46
772000.0,47.6196,-122.297,9828701508,616341.21,-155658.79,-20.16
675000.0,47.7082,-122.221,9194102188,922269.61,247269.61,36.63
675900.0,47.4855,-122.149,642150080,687149.3,11249.3,1.66
220000.0,47.4976,-122.35,9382200025,251099.56,31099.56,14.14
320000.0,47.7552,-122.327,7305300045,317004.14,-2995.86,-0.94
385000.0,47.3601,-122.035,5416510920,469130.17,84130.17,21.85
550000.0,47.5551,-122.172,6071400360,643262.77,93262.77,16.96
453000.0,47.7206,-122.197,2026059119,481378.88,28378.88,6.26
400000.0,47.6856,-122.385,6021502830,395096.13,-4903.87,-1.23
720000.0,47.535,-121.867,7852010290,701881.54,-18118.46,-2.52
310000.0,47.4546,-122.337,936000060,363115.07,53115.07,17.13
720000.0,47.5632,-122.017,3904902630,659153.83,-60846.17,-8.45
1250000.0,47.6406,-122.101,3134100023,1378255.36,128255.36,10.26
620000.0,47.7113,-122.309,8901000543,672267.27,52267.27,8.43
245000.0,47.4945,-122.22,4268200055,342443.72,97443.72,39.77
180000.0,47.4866,-122.219,3185600040,331834.84,151834.84,84.35
207000.0,47.5245,-122.33,13001991,388134.85,181134.85,87.5
964000.0,47.6544,-122.085,1825069072,1120084.85,156084.85,16.19
242025.0,47.4153,-122.184,922059020,334418.22,92393.22,38.18
445000.0,47.5669,-122.017,3904901450,358325.88,-86674.12,-19.48
690000.0,47.5433,-122.384,2719100115,662497.56,-27502.44,-3.99
462608.0,47.5528,-121.999,8929000040,368543.01,-94064.99,-20.33
1420000.0,47.6583,-122.27,6613001241,1555019.61,135019.61,9.51
373000.0,47.7623,-122.161,8029650040,401463.68,28463.68,7.63
287200.0,47.3493,-122.034,2025700730,276408.4,-10791.6,-3.76
245000.0,47.4034,-122.189,6700390100,310533.32,65533.32,26.75
347000.0,47.2659,-122.215,4136920030,254281.17,-92718.83,-26.72
430000.0,47.6652,-122.338,9136103130,463334.36,33334.36,7.75
478000.0,47.6743,-122.374,2767704252,471679.2,-6320.8,-1.32
310000.0,47.7693,-122.32,5490700100,338874.57,28874.57,9.31
350000.0,47.7345,-121.977,1326069188,339266.68,-10733.32,-3.07
480000.0,47.515,-121.873,7853361230,299464.41,-180535.59,-37.61
430000.0,47.5319,-121.85,7853210060,270962.43,-159037.57,-36.99
383000.0,47.464,-122.192,7399200510,470524.63,87524.63,22.85
360000.0,47.1775,-122.022,3420069065,193513.34,-166486.66,-46.25
500000.0,47.7326,-122.197,3764650010,618147.0,118147.0,23.63
338000.0,47.5001,-122.338,2816900030,377195.76,39195.76,11.6
577000.0,47.6638,-122.292,2436200320,528571.8,-48428.2,-8.39
294999.0,47.3635,-122.188,4345300050,260045.55,-34953.45,-11.85
475000.0,47.6848,-122.392,4443800415,391164.16,-83835.84,-17.65
449000.0,47.5386,-122.373,8122100690,399757.03,-49242.97,-10.97
499000.0,47.7195,-122.371,1124000005,574449.48,75449.48,15.12
249900.0,47.5271,-122.375,4364700165,232783.67,-17116.33,-6.85
423000.0,47.7108,-122.352,6378500230,473965.62,50965.62,12.05
273148.0,47.4094,-122.175,2787311110,314230.76,41082.76,15.04
462000.0,47.4487,-122.205,1543000060,635284.19,173284.19,37.51
300000.0,47.5874,-122.311,7548300441,373060.52,73060.52,24.35
543200.0,47.4635,-122.362,2338800100,522775.88,-20424.12,-3.76
379900.0,47.5442,-122.371,3278611600,473706.41,93806.41,24.69
627800.0,47.6446,-122.068,8651500850,565574.33,-62225.67,-9.91
713000.0,47.5561,-122.266,1231000310,600614.28,-112385.72,-15.76
275000.0,47.5049,-122.18,7227801630,257556.01,-17443.99,-6.34
237000.0,47.3473,-122.305,4222200380,276482.76,39482.76,16.66
336900.0,47.7731,-121.897,4047200655,307603.24,-29296.76,-8.7
264500.0,47.3926,-122.168,5469700060,288583.01,24083.01,9.11
335000.0,47.5229,-121.838,7802900380,230066.23,-104933.77,-31.32
399000.0,47.6904,-122.342,5676000004,430213.84,31213.84,7.82
289000.0,47.3643,-122.041,9406550050,273229.03,-15770.97,-5.46
450000.0,47.5933,-122.308,7132300540,567379.17,117379.17,26.08
464950.0,47.5106,-122.365,123039147,417847.52,-47102.48,-10.13
223000.0,47.3666,-122.084,1796380960,266963.69,43963.69,19.71
554500.0,47.6396,-122.113,9557300570,608006.37,53506.37,9.65
309000.0,47.4902,-122.331,1446800710,289742.05,-19257.95,-6.23
230000.0,47.3343,-122.306,7983200060,217342.8,-12657.2,-5.5
359900.0,47.4999,-122.165,1061500630,529762.12,169862.12,47.2
420000.0,47.5941,-122.142,646500070,422040.91,2040.91,0.49
359000.0,47.4917,-122.167,8944750480,389040.37,30040.37,8.37
459500.0,47.7325,-122.337,6450301835,370612.98,-88887.02,-19.34
432100.0,47.7089,-122.23,9527000490,569252.85,137152.85,31.74
273000.0,47.1955,-121.991,6802210210,323782.93,50782.93,18.6
540000.0,47.5707,-121.999,3905040070,380512.33,-159487.67,-29.53
1800000.0,47.6312,-122.224,9286730020,1471293.83,-328706.17,-18.26
335000.0,47.7595,-122.356,641900050,431273.67,96273.67,28.74
399950.0,47.2974,-122.349,9578500790,260850.06,-139099.94,-34.78
150000.0,47.3697,-122.309,7888000400,214895.95,64895.95,43.26
278000.0,47.2911,-122.353,6664900470,227771.46,-50228.54,-18.07
498688.0,47.5752,-122.009,3904980320,411099.1,-87588.9,-17.56
297262.0,47.2619,-122.308,7212680860,308779.25,11517.25,3.87
352500.0,47.6844,-122.387,6021503707,374390.42,21890.42,6.21
420000.0,47.7512,-122.295,5538300120,462358.73,42358.73,10.09
436000.0,47.754,-122.217,9269260420,560525.75,124525.75,28.56
439000.0,47.6775,-122.388,2856100125,345397.97,-93602.03,-21.32
975000.0,47.652,-122.2,9414100030,1241869.65,266869.65,27.37
460000.0,47.7001,-122.279,4074300150,378012.68,-81987.32,-17.82
735000.0,47.5683,-122.283,8121100415,868129.34,133129.34,18.11
95000.0,47.3046,-122.215,7335400215,236116.3,141116.3,148.54
680000.0,47.6755,-122.403,6908200250,492854.19,-187145.81,-27.52
750000.0,47.6985,-122.387,579003645,788607.46,38607.46,5.15
449500.0,47.5482,-121.998,3629990020,257923.53,-191576.47,-42.62
550000.0,47.6062,-122.057,8562901100,559904.75,9904.75,1.8
345000.0,47.3259,-121.896,1021079099,353854.17,8854.17,2.57
360000.0,47.554,-122.306,1708400595,449657.92,89657.92,24.9
349950.0,47.3659,-122.029,3793500920,322803.7,-27146.3,-7.76
430000.0,47.7166,-122.293,8822901200,505394.65,75394.65,17.53
825000.0,47.664,-122.402,4237901345,800017.79,-24982.21,-3.03
219950.0,47.4434,-122.283,7147600070,256370.36,36420.36,16.56
340000.0,47.4285,-122.511,222029026,196758.08,-143241.92,-42.13
185000.0,47.328,-122.341,1788900380,202394.34,17394.34,9.4
1280000.0,47.6425,-122.406,1068000559,1072193.94,-207806.06,-16.23
654000.0,47.6233,-122.102,8563001130,674586.65,20586.65,3.15
495000.0,47.6718,-122.267,2985800030,373091.17,-121908.83,-24.63
545000.0,47.592,-122.082,7527200360,597244.87,52244.87,9.59
950000.0,47.5671,-122.405,1563102435,816648.28,-133351.72,-14.04
1250000.0,47.6256,-122.284,5317100570,974012.47,-275987.53,-22.08
760000.0,47.6877,-122.295,9212900180,779026.72,19026.72,2.5
227000.0,47.4916,-122.254,1123049126,345288.1,118288.1,52.11
233000.0,47.3035,-122.382,3279000420,249775.41,16775.41,7.2
355000.0,47.7695,-122.359,2797500030,360169.89,5169.89,1.46
925000.0,47.6328,-122.016,2225069036,923673.33,-1326.67,-0.14
553000.0,47.6065,-122.113,3625059166,421277.9,-131722.1,-23.82
425000.0,47.5304,-122.38,2695600455,337085.25,-87914.75,-20.69
720000.0,47.6864,-122.341,625049274,507653.7,-212346.3,-29.49
280000.0,47.3749,-122.225,9183702251,249229.01,-30770.99,-10.99
344950.0,47.7619,-122.343,7276100145,397607.81,52657.81,15.27
1350000.0,47.6394,-122.299,8712100350,1189073.96,-160926.04,-11.92
430000.0,47.5553,-122.316,7925100271,474226.94,44226.94,10.29
715000.0,47.6717,-122.025,3121500100,714144.36,-855.64,-0.12
416500.0,47.5309,-122.382,3013300968,334300.21,-82199.79,-19.74
439000.0,47.4821,-121.719,1323089056,326604.57,-112395.43,-25.6
800000.0,47.6285,-121.899,2725079018,713394.12,-86605.88,-10.83
736000.0,47.5599,-122.105,7805450110,725124.69,-10875.31,-1.48
820000.0,47.6469,-122.081,6352600490,789910.85,-30089.15,-3.67
1100000.0,47.5825,-122.4,3508100135,802339.74,-297660.26,-27.06
785000.0,47.6194,-122.151,4178300310,886812.44,101812.44,12.97
464950.0,47.559,-122.365,1773100310,409394.51,-55555.49,-11.95
265000.0,47.7117,-122.326,2926049582,362709.58,97709.58,36.87
210000.0,47.4136,-122.333,7893805650,198126.83,-11873.17,-5.65
706000.0,47.6894,-122.016,7203150080,523083.36,-182916.64,-25.91
673000.0,47.5606,-122.011,3528960020,515544.02,-157455.98,-23.4
500000.0,47.6859,-122.166,3888100176,527504.35,27504.35,5.5
240000.0,47.7343,-122.335,7655900031,276587.1,36587.1,15.24
250000.0,47.2639,-122.285,3750603685,234621.71,-15378.29,-6.15
930000.0,47.5854,-122.114,627300105,951963.47,21963.47,2.36
419950.0,47.50899999999999,-122.166,8044050040,529443.48,109493.48,26.07
685000.0,47.6691,-122.29,8827901350,740435.73,55435.73,8.09
1330000.0,47.6574,-122.278,4219400555,1166317.54,-163682.46,-12.31
624000.0,47.6728,-122.396,7550801206,506341.02,-117658.98,-18.86
280000.0,47.7052,-122.346,2291400342,395268.49,115268.49,41.17
230000.0,47.455,-122.182,1423800210,297742.96,67742.96,29.45
289000.0,47.3724,-122.104,6699000710,374639.46,85639.46,29.63
500000.0,47.6966,-122.127,7199340320,568884.52,68884.52,13.78
201000.0,47.3242,-122.144,6600400260,231547.51,30547.51,15.2
835000.0,47.7168,-122.365,930000415,1064692.42,229692.42,27.51
433000.0,47.6568,-122.321,4092302096,500158.15,67158.15,15.51
345000.0,47.7451,-122.313,3432500215,382975.68,37975.68,11.01
348000.0,47.7366,-122.319,6703100135,398688.38,50688.38,14.57
360500.0,47.5658,-122.291,1604601855,436391.81,75891.81,21.05
536500.0,47.5659,-122.375,9297301505,515491.33,-21008.67,-3.92
295000.0,47.3747,-122.128,1843130360,309526.72,14526.72,4.92
372000.0,47.5522,-122.382,2461900446,385712.19,13712.19,3.69
455000.0,47.7498,-122.184,2095800400,573054.8,118054.8,25.95
715000.0,47.7081,-122.277,4077800026,1027769.37,312769.37,43.74
693000.0,47.5574,-122.214,2162000190,801240.59,108240.59,15.62
431000.0,47.5375,-122.175,3204800040,483481.91,52481.91,12.18
279000.0,47.4766,-122.326,2762600035,312355.61,33355.61,11.96
340000.0,47.6958,-122.357,3626039229,299038.97,-40961.03,-12.05
386180.0,47.6032,-122.308,1934800162,403487.68,17307.68,4.48
319502.0,47.3778,-122.001,2322069175,280992.96,-38509.04,-12.05
1150000.0,47.7255,-122.059,624110860,1132686.06,-17313.94,-1.51
390000.0,47.3323,-122.079,7215410320,454760.07,64760.07,16.61
449000.0,47.7365,-122.339,7655900187,493694.11,44694.11,9.95
455000.0,47.6388,-122.103,8965000110,438206.75,-16793.25,-3.69
566000.0,47.5985,-122.016,7215722010,400061.3,-165938.7,-29.32
669000.0,47.6898,-122.015,7203150330,515801.89,-153198.11,-22.9
1030000.0,47.5066,-122.148,323059327,1262078.44,232078.44,22.53
715000.0,47.5803,-122.227,6666800180,777243.4,62243.4,8.71
382000.0,47.7611,-122.233,982850020,362461.34,-19538.66,-5.11
985000.0,47.7287,-122.077,1853000510,1214156.47,229156.47,23.26
349900.0,47.4624,-122.132,8856920250,465005.57,115105.57,32.9
340000.0,47.7042,-122.369,6154900130,315116.42,-24883.58,-7.32
290000.0,47.497,-122.369,6326000205,452220.79,162220.79,55.94
452000.0,47.3391,-122.325,5152700120,434799.25,-17200.75,-3.81
476800.0,47.7265,-122.136,3404700080,498937.04,22137.04,4.64
475300.0,47.688,-122.168,3888100029,567574.25,92274.25,19.41
318888.0,47.3644,-122.28,1310900260,329280.05,10392.05,3.26
890000.0,47.6354,-122.353,809001525,771536.44,-118463.56,-13.31
255000.0,47.3725,-122.073,7760400420,261858.56,6858.56,2.69
310000.0,47.5237,-122.353,3298700156,414364.98,104364.98,33.67
370000.0,47.5697,-122.4,6384500035,313324.15,-56675.85,-15.32
210000.0,47.5308,-122.376,8150100045,246728.53,36728.53,17.49
210500.0,47.2755,-122.308,2345500010,200712.68,-9787.32,-4.65
248000.0,47.3087,-122.354,104530490,211650.79,-36349.21,-14.66
647000.0,47.5965,-122.038,2782100260,593790.47,-53209.53,-8.22
499000.0,47.5407,-121.89,7853301130,308137.88,-190862.12,-38.25
580050.0,47.6837,-122.321,3543900418,956120.22,376070.22,64.83
750000.0,47.7066,-122.112,9526600260,750129.26,129.26,0.02
590000.0,47.5679,-122.011,3904921070,536733.71,-53266.29,-9.03
187500.0,47.3281,-122.344,1788800770,225325.58,37825.58,20.17
327500.0,47.5427,-122.288,3333002440,341815.96,14315.96,4.37
1680000.0,47.603,-122.012,629800660,1475513.88,-204486.12,-12.17
260000.0,47.383,-122.288,8857600820,206243.37,-53756.63,-20.68
429950.0,47.7712,-122.285,4017600010,543619.85,113669.85,26.44
1380000.0,47.6575,-122.197,1234000704,1156002.04,-223997.96,-16.23
277500.0,47.2772,-122.354,2180001080,271628.26,-5871.74,-2.12
725786.0,47.5847,-122.08,6441800060,871981.76,146195.76,20.14
456500.0,47.7027,-122.361,108000127,562160.98,105660.98,23.15
477000.0,47.6758,-122.386,2767600150,434882.63,-42117.37,-8.83
309950.0,47.4439,-122.19,6402710120,347432.08,37482.08,12.09
659950.0,47.7341,-122.234,5631500285,889368.14,229418.14,34.76
901000.0,47.5347,-122.38,2492200335,411265.27,-489734.73,-54.35
505000.0,47.4428,-122.344,5072410070,491583.23,-13416.77,-2.66
221900.0,47.5112,-122.257,7129300520,317325.21,95425.21,43.0
752000.0,47.6233,-122.319,6852700476,574420.39,-177579.61,-23.61
435000.0,47.6797,-122.292,7170200080,477533.79,42533.79,9.78
920000.0,47.6006,-122.153,324059161,1255608.31,335608.31,36.48
678100.0,47.5853,-122.39,9274202620,591775.43,-86324.57,-12.73
487000.0,47.5423,-122.302,5200087,749315.03,262315.03,53.86
353000.0,47.3812,-122.023,705700640,327923.19,-25076.81,-7.1
158000.0,47.3679,-122.182,7697870600,285851.87,127851.87,80.92
730000.0,47.5914,-122.134,4157600150,720229.83,-9770.17,-1.34
251000.0,47.3334,-122.298,7985000010,277465.29,26465.29,10.54
465000.0,47.3064,-122.1,2817910220,456555.11,-8444.89,-1.82
452000.0,47.6872,-122.344,917000300,389659.21,-62340.79,-13.79
3300000.0,47.605,-122.112,3625059043,3620200.26,320200.26,9.7
299500.0,47.5724,-122.301,4263200030,386538.24,87038.24,29.06
285000.0,47.5449,-122.272,1105000229,504306.54,219306.54,76.95
203000.0,47.3187,-122.18,1685200020,242587.97,39587.97,19.5
359950.0,47.3356,-122.157,321059059,372427.85,12477.85,3.47
500000.0,47.5666,-122.293,1607100038,795843.56,295843.56,59.17
378000.0,47.5925,-122.295,567000381,372387.7,-5612.3,-1.48
243500.0,47.3683,-122.164,4030500130,339413.71,95913.71,39.39
369950.0,47.53100000000001,-122.351,2113700115,361288.74,-8661.26,-2.34
563000.0,47.7466,-122.241,5631500866,685382.07,122382.07,21.74
475000.0,47.772,-122.297,4022901316,543561.21,68561.21,14.43
390000.0,47.4964,-121.771,7795810110,242504.17,-147495.83,-37.82
217000.0,47.3021,-122.375,9542800290,233891.56,16891.56,7.78
350000.0,47.3236,-122.337,4166800320,260864.79,-89135.21,-25.47
665000.0,47.5834,-122.29,1024049006,939715.0,274715.0,41.31
450000.0,47.7597,-122.167,2475400120,620357.91,170357.91,37.86
485000.0,47.389,-122.088,1822069109,440520.48,-44479.52,-9.17
512500.0,47.7002,-122.188,8561200110,603490.57,90990.57,17.75
359000.0,47.4956,-122.181,2457200120,478951.21,119951.21,33.41
445000.0,47.6793,-122.395,3693900245,389884.33,-55115.67,-12.39
290500.0,47.4785,-122.228,2143701015,620000.88,329500.88,113.43
532000.0,47.6198,-122.044,1954440080,457894.12,-74105.88,-13.93
1410000.0,47.6334,-122.229,5427100150,1215211.71,-194788.29,-13.81
500000.0,47.5694,-122.005,3905100840,380019.86,-119980.14,-24.0
625000.0,47.6078,-122.154,3425059099,856310.47,231310.47,37.01
425000.0,47.5663,-122.274,5249802660,439978.72,14978.72,3.52
580000.0,47.6821,-122.326,9528101061,515691.23,-64308.77,-11.09
577500.0,47.7067,-122.2,1525200060,705931.67,128431.67,22.24
374000.0,47.3631,-122.271,4016800120,327131.26,-46868.74,-12.53
585000.0,47.5569,-122.273,3334000055,468449.06,-116550.94,-19.92
110000.0,47.2655,-122.244,1278000210,259533.2,149533.2,135.94
370000.0,47.7598,-122.146,9517200610,363965.33,-6034.67,-1.63
420000.0,47.3293,-122.306,537000075,234392.11,-185607.89,-44.19
348000.0,47.4091,-122.331,7893800250,453842.09,105842.09,30.41
795000.0,47.5705,-122.406,1818800289,602998.5,-192001.5,-24.15
1350000.0,47.5413,-122.216,2581300010,1168891.24,-181108.76,-13.42
125000.0,47.5033,-122.358,6303401150,209090.49,84090.49,67.27
675000.0,47.3637,-121.955,3022079094,638385.49,-36614.51,-5.42
532000.0,47.5773,-122.383,513000665,446348.9,-85651.1,-16.1
445000.0,47.6289,-122.119,259800410,486891.83,41891.83,9.41
1300000.0,47.6952,-122.402,4441300170,1271070.66,-28929.34,-2.23
270000.0,47.4203,-122.157,3705000060,334855.92,64855.92,24.02
485000.0,47.6872,-122.349,6430000275,425980.16,-59019.84,-12.17
254000.0,47.3539,-122.054,2215901230,250685.93,-3314.07,-1.3
277000.0,47.3683,-122.279,1941400080,257820.89,-19179.11,-6.92
229500.0,47.5071,-122.249,3878900464,391516.33,162016.33,70.6
369950.0,47.381,-122.035,3303951600,339640.16,-30309.84,-8.19
280000.0,47.4234,-122.212,7931000066,334267.7,54267.7,19.38
437500.0,47.6933,-122.361,3501600135,451242.44,13742.44,3.14
830000.0,47.708,-122.109,9578090050,905574.3,75574.3,9.11
472500.0,47.6863,-122.093,1542800010,481220.07,8720.07,1.85
379500.0,47.2041,-122.021,2220069203,338231.72,-41268.28,-10.87
575000.0,47.6187,-122.04,1954430390,514121.35,-60878.65,-10.59
284000.0,47.4199,-122.157,3705000120,333881.5,49881.5,17.56
424950.0,47.5047,-122.17,7207900050,613903.07,188953.07,44.46
345000.0,47.5397,-122.387,3869900150,280080.5,-64919.5,-18.82
440000.0,47.7622,-122.302,9289900065,456816.53,16816.53,3.82
330000.0,47.5248,-122.365,859000022,446316.12,116316.12,35.25
445000.0,47.5067,-122.361,8151601090,434860.74,-10139.26,-2.28
515000.0,47.6191,-122.112,4039100400,764426.13,249426.13,48.43
415000.0,47.3397,-121.918,421079142,383871.33,-31128.67,-7.5
458000.0,47.67100000000001,-122.269,1025049254,651184.66,193184.66,42.18
283000.0,47.698,-122.357,3626039250,317310.73,34310.73,12.12
545500.0,47.5591,-122.295,4346300010,539360.36,-6139.64,-1.13
550000.0,47.7667,-122.33,4213910030,445551.88,-104448.12,-18.99
845000.0,47.6857,-122.331,6815100370,769290.5,-75709.5,-8.96
270000.0,47.4202,-122.331,7893205080,240637.19,-29362.81,-10.88
628000.0,47.6882,-122.184,2273600260,519922.21,-108077.79,-17.21
334950.0,47.3439,-122.198,1841500050,334416.18,-533.82,-0.16
495000.0,47.6935,-122.312,5101402276,672678.82,177678.82,35.89
449950.0,47.6935,-122.341,993000136,427224.66,-22725.34,-5.05
289000.0,47.494,-122.165,8805400090,239608.7,-49391.3,-17.09
215000.0,47.3041,-122.28,6181400470,224919.36,9919.36,4.61
682000.0,47.7468,-122.112,9408300180,837634.73,155634.73,22.82
261000.0,47.3617,-122.052,1545801340,240330.03,-20669.97,-7.92
265000.0,47.5304,-122.356,4303200555,253413.99,-11586.01,-4.37
190000.0,47.5024,-122.32,3361400190,267912.77,77912.77,41.01
360000.0,47.4332,-122.144,908000010,434632.23,74632.23,20.73
194000.0,47.5417,-122.357,3438502668,364290.46,170290.46,87.78
465000.0,47.6828,-122.395,2872100245,341838.92,-123161.08,-26.49
280000.0,47.5209,-122.286,7896300150,381800.65,101800.65,36.36
499000.0,47.3497,-121.944,3222079083,285556.68,-213443.32,-42.77
799500.0,47.627,-122.303,1338800491,919508.48,120008.48,15.01
107000.0,47.5243,-122.358,7899800450,273341.2,166341.2,155.46
300000.0,47.3108,-122.345,9264920870,287939.51,-12060.49,-4.02
340000.0,47.2614,-122.29,5412100240,278303.92,-61696.08,-18.15
325000.0,47.371,-122.173,1079600270,294423.58,-30576.42,-9.41
899900.0,47.6852,-122.21,3885802135,722665.86,-177234.14,-19.69
1320000.0,47.6344,-122.369,1860600535,878066.85,-441933.15,-33.48
538000.0,47.5272,-122.169,6388900710,590588.19,52588.19,9.77
299950.0,47.7456,-121.984,255550230,333716.74,33766.74,11.26
330000.0,47.4837,-122.148,847100078,334019.25,4019.25,1.22
740000.0,47.6649,-122.135,7202430150,941979.05,201979.05,27.29
355000.0,47.3613,-122.038,5416510490,417220.06,62220.06,17.53
342000.0,47.7151,-122.203,7941130110,377046.92,35046.92,10.25
598000.0,47.5671,-122.378,952000495,671566.67,73566.67,12.3
525000.0,47.5275,-122.391,9169600135,403065.7,-121934.3,-23.23
210000.0,47.5166,-122.269,7131300025,338780.22,128780.22,61.32
265000.0,47.5187,-122.377,5347200165,252666.86,-12333.14,-4.65
548000.0,47.6115,-122.124,4037800140,534788.27,-13211.73,-2.41
287600.0,47.343,-122.28,2744000010,242645.44,-44954.56,-15.63
425000.0,47.6721,-122.152,9512500680,535717.14,110717.14,26.05
502000.0,47.5886,-122.113,7525300260,622285.1,120285.1,23.96
345000.0,47.474,-122.125,1016000080,295036.41,-49963.59,-14.48
595000.0,47.6366,-122.365,2397101375,392979.12,-202020.88,-33.95
365000.0,47.5297,-122.381,9842300095,351678.12,-13321.88,-3.65
765000.0,47.631,-122.108,2525059077,693270.05,-71729.95,-9.38
440000.0,47.698,-122.351,1529300435,467960.79,27960.79,6.35
420000.0,47.6988,-121.915,4046600320,345568.21,-74431.79,-17.72
450000.0,47.7347,-122.226,704450070,589931.58,139931.58,31.1
693000.0,47.5538,-122.191,2024059059,883054.68,190054.68,27.42
615000.0,47.7516,-122.237,5634500775,592889.83,-22110.17,-3.6
286000.0,47.5437,-122.28,6607000095,436060.86,150060.86,52.47
306500.0,47.3627,-122.073,8648100130,314502.18,8002.18,2.61
446000.0,47.6948,-122.357,1172000135,455794.28,9794.28,2.2
399950.0,47.3781,-122.126,8562890370,457830.18,57880.18,14.47
280000.0,47.4834,-122.332,1446400715,265871.02,-14128.98,-5.05
350000.0,47.7622,-122.163,9144300060,368045.88,18045.88,5.16
375000.0,47.7032,-122.36,7586200061,454846.24,79846.24,21.29
620000.0,47.7426,-121.976,1099950050,905745.66,285745.66,46.09
378500.0,47.5453,-122.279,3812400107,526270.82,147770.82,39.04
429000.0,47.5015,-121.773,323089173,323061.43,-105938.57,-24.69
585000.0,47.3548,-122.002,5104531640,522738.41,-62261.59,-10.64
391500.0,47.7288,-122.226,6675500070,423091.34,31591.34,8.07
399950.0,47.3442,-122.062,1796250140,373778.75,-26171.25,-6.54
440000.0,47.5073,-122.168,423059409,419046.55,-20953.45,-4.76
385000.0,47.4538,-122.125,2473450200,495239.71,110239.71,28.63
202000.0,47.3769,-122.237,1863900190,201264.35,-735.65,-0.36
851000.0,47.5878,-121.976,8691300860,715849.22,-135150.78,-15.88
530000.0,47.6677,-122.316,6746700605,550620.76,20620.76,3.89
515000.0,47.7388,-122.339,1826049362,685583.91,170583.91,33.12
350000.0,47.5053,-122.242,4058801225,489168.39,139168.39,39.76
395000.0,47.63800000000001,-121.968,203900690,333650.31,-61349.69,-15.53
630000.0,47.6926,-122.186,3902300450,695600.53,65600.53,10.41
280000.0,47.6339,-122.033,6817801030,261118.58,-18881.42,-6.74
336000.0,47.4958,-122.262,4327600010,390837.88,54837.88,16.32
2300000.0,47.6154,-122.21,4389200765,1458357.26,-841642.74,-36.59
445000.0,47.6783,-122.298,3692900010,466391.32,21391.32,4.81
382500.0,47.5253,-122.043,5706200280,289767.96,-92732.04,-24.24
326000.0,47.7114,-122.301,8902500118,463763.48,137763.48,42.26
247500.0,47.2835,-122.2,7349650230,258602.63,11102.63,4.49
255000.0,47.4987,-121.781,8570900023,207292.81,-47707.19,-18.71
890000.0,47.5404,-122.073,8562710250,1153649.47,263649.47,29.62
357000.0,47.3811,-122.325,2013802030,882720.3,525720.3,147.26
329780.0,47.5014,-122.34,7694200380,436194.46,106414.46,32.27
669000.0,47.5639,-122.292,6056110460,711275.1,42275.1,6.32
685000.0,47.6652,-122.338,9136103130,463334.36,-221665.64,-32.36
780000.0,47.4846,-122.067,7880010150,917431.64,137431.64,17.62
295000.0,47.5102,-122.364,123039626,322157.49,27157.49,9.21
555000.0,47.5762,-122.412,6373000130,354228.24,-200771.76,-36.18
680000.0,47.5524,-121.992,3629970090,535032.0,-144968.0,-21.32
680000.0,47.5881,-122.165,7254000100,665345.45,-14654.55,-2.16
575000.0,47.7735,-122.281,4027700009,649667.91,74667.91,12.99
585000.0,47.679,-122.288,8585400135,542716.59,-42283.41,-7.23
802500.0,47.5818,-121.972,98020410,812010.22,9510.22,1.19
385500.0,47.7605,-122.217,2248000080,415096.03,29596.03,7.68
624000.0,47.6864,-122.365,7519001275,482889.94,-141110.06,-22.61
661000.0,47.7397,-122.126,3401700031,565678.09,-95321.91,-14.42
445000.0,47.6289,-122.108,2525059127,432432.78,-12567.22,-2.82
280000.0,47.5261,-122.374,4364700730,315683.09,35683.09,12.74
448000.0,47.6817,-122.035,7202330370,336518.44,-111481.56,-24.88
524000.0,47.5502,-122.268,4109600195,678434.69,154434.69,29.47
362500.0,47.5289,-122.028,3424069154,286235.43,-76264.57,-21.04
289000.0,47.4511,-122.089,5112800233,314677.54,25677.54,8.88
500000.0,47.6917,-122.38,3300701185,367789.44,-132210.56,-26.44
900000.0,47.5211,-122.157,1115300270,1035524.48,135524.48,15.06
515000.0,47.5576,-122.388,3902100205,294541.36,-220458.64,-42.81
585444.0,47.5816,-122.296,9122001231,743690.63,158246.63,27.03
275000.0,47.3124,-122.345,9264921110,270113.72,-4886.28,-1.78
535900.0,47.5937,-122.116,4046400010,557243.08,21343.08,3.98
781000.0,47.6616,-122.356,7517500610,763286.07,-17713.93,-2.27
210000.0,47.4921,-122.275,179003055,228777.03,18777.03,8.94
395000.0,47.7225,-122.202,1441800030,505397.28,110397.28,27.95
360000.0,47.6958,-122.343,9524100050,421434.83,61434.83,17.07
315000.0,47.7201,-122.35,4343800100,423384.5,108384.5,34.41
558000.0,47.5891,-122.387,9274200316,503673.81,-54326.19,-9.74
205000.0,47.2761,-122.208,7345200400,255833.62,50833.62,24.8
700000.0,47.7439,-122.262,3582900310,818206.84,118206.84,16.89
290000.0,47.4363,-122.333,9558200210,251162.18,-38837.82,-13.39
528000.0,47.5407,-122.379,2489200250,417691.04,-110308.96,-20.89
249000.0,47.3755,-122.278,2895110062,318921.43,69921.43,28.08
625000.0,47.4928,-122.229,1180007375,964114.57,339114.57,54.26
510000.0,47.6796,-122.104,125059178,827727.93,317727.93,62.3
450000.0,47.6972,-122.129,7199330170,452979.89,2979.89,0.66
310000.0,47.5535,-122.393,4229900140,244001.56,-65998.44,-21.29
259950.0,47.4756,-122.35,4331400190,323786.09,63836.09,24.56
405000.0,47.7642,-122.335,626049115,543152.7,138152.7,34.11
795000.0,47.6859,-122.109,4401200010,973428.48,178428.48,22.44
370000.0,47.4053,-122.03,8567300150,493397.59,123397.59,33.35
1290000.0,47.6709,-122.262,9471200115,1234973.66,-55026.34,-4.27
237600.0,47.4224,-122.293,3445000005,234721.03,-2878.97,-1.21
195000.0,47.4971,-122.334,723049197,260521.01,65521.01,33.6
2350000.0,47.6878,-122.215,625059051,1666638.57,-683361.43,-29.08
350000.0,47.6972,-122.349,6749700117,434593.63,84593.63,24.17
565000.0,47.6332,-122.118,259600620,552184.09,-12815.91,-2.27
257500.0,47.3168,-122.401,1898600050,222312.24,-35187.76,-13.67
335000.0,47.4899,-122.339,723049301,332399.77,-2600.23,-0.78
550000.0,47.5287,-122.385,3013300660,733988.71,183988.71,33.45
435000.0,47.5048,-122.154,1776230060,448295.8,13295.8,3.06
427500.0,47.5048,-122.155,1776230180,552030.25,124530.25,29.13
246000.0,47.3846,-122.227,1612500155,252356.67,6356.67,2.58
717000.0,47.6805,-122.369,461004730,395358.07,-321641.93,-44.86
399950.0,47.7153,-122.211,1138010180,433030.78,33080.78,8.27
327500.0,47.4643,-122.346,1220000371,371414.17,43914.17,13.41
329000.0,47.4431,-121.772,9407100730,244158.94,-84841.06,-25.79
552500.0,47.697,-122.097,2193320210,589288.01,36788.01,6.66
450000.0,47.5686,-122.385,7577700440,358283.73,-91716.27,-20.38
530000.0,47.7191,-122.309,2826049282,563716.15,33716.15,6.36
550000.0,47.6557,-122.327,4206901550,573591.14,23591.14,4.29
405000.0,47.554,-121.998,3630080030,272490.13,-132509.87,-32.72
424000.0,47.7155,-122.104,3396830020,531330.0,107330.0,25.31
890000.0,47.543,-122.231,5452800800,722178.76,-167821.24,-18.86
583000.0,47.6169,-122.045,1954400500,441934.91,-141065.09,-24.2
263000.0,47.3266,-122.272,6084600660,244989.73,-18010.27,-6.85
260000.0,47.4899,-122.164,1657530010,341302.03,81302.03,31.27
1580000.0,47.7282,-122.372,2303900045,2006132.97,426132.97,26.97
894400.0,47.6854,-122.048,425069136,884924.67,-9475.33,-1.06
306500.0,47.3221,-122.344,5559200065,224558.38,-81941.62,-26.73
485000.0,47.5516,-122.085,1924069071,503609.62,18609.62,3.84
280950.0,47.4725,-122.202,3294700030,434793.58,153843.58,54.76
240000.0,47.4493,-122.282,5379805253,250065.35,10065.35,4.19
456150.0,47.7509,-122.3,5146000070,474257.41,18107.41,3.97
485000.0,47.4619,-122.154,5104470070,694471.93,209471.93,43.19
520000.0,47.6924,-122.372,2776600002,394250.88,-125749.12,-24.18
688000.0,47.7108,-122.279,3935900093,656893.84,-31106.16,-4.52
752000.0,47.6938,-122.34,993000090,1000296.99,248296.99,33.02
210000.0,47.4231,-122.329,7893207665,237155.87,27155.87,12.93
219000.0,47.5046,-122.3,316000190,297147.45,78147.45,35.68
1200000.0,47.5522,-122.144,2597460090,958935.81,-241064.19,-20.09
650000.0,47.6723,-122.082,725069102,578982.66,-71017.34,-10.93
499100.0,47.6978,-122.316,8024200855,472576.03,-26523.97,-5.31
1010000.0,47.6472,-122.373,6905200215,717164.09,-292835.91,-28.99
243000.0,47.4974,-122.231,3810000465,385319.92,142319.92,58.57
212500.0,47.4905,-122.331,1447600285,318429.02,105929.02,49.85
530000.0,47.5041,-122.102,123059042,490111.76,-39888.24,-7.53
535000.0,47.4956,-122.151,9211010440,666641.28,131641.28,24.61
1360000.0,47.6151,-122.107,4039800080,1752695.08,392695.08,28.87
582500.0,47.6592,-122.399,4235401055,396692.69,-185807.31,-31.9
998500.0,47.6311,-122.312,1337800830,796574.99,-201925.01,-20.22
2260000.0,47.6178,-122.209,8964800445,1331607.37,-928392.63,-41.08
262000.0,47.31399999999999,-122.001,4233400490,280426.49,18426.49,7.03
685000.0,47.5536,-122.383,2461900375,623904.17,-61095.83,-8.92
800000.0,47.6452,-122.371,2533300130,649973.28,-150026.72,-18.75
1120000.0,47.5189,-122.147,3303980210,1265586.32,145586.32,13.0
280500.0,47.5387,-122.294,5129000006,383828.03,103328.03,36.84
639000.0,47.5759,-121.994,3905010010,550701.12,-88298.88,-13.82
967000.0,47.6961,-122.316,5100403882,845627.68,-121372.32,-12.55
613000.0,47.5362,-122.072,8562770080,521262.27,-91737.73,-14.97
512500.0,47.5966,-122.144,643400130,460496.6,-52003.4,-10.15
250000.0,47.209,-122.012,8078050040,304737.62,54737.62,21.9
410000.0,47.5107,-122.381,9357001010,321087.69,-88912.31,-21.69
641000.0,47.6622,-121.961,203600590,620766.65,-20233.35,-3.16
710000.0,47.5326,-122.181,4104900340,998890.97,288890.97,40.69
527000.0,47.7663,-122.215,626059335,551106.58,24106.58,4.57
1010000.0,47.6483,-122.163,1525059112,940278.61,-69721.39,-6.9
309950.0,47.5123,-122.331,6620400400,381008.44,71058.44,22.93
355000.0,47.7002,-122.191,3893100327,361259.58,6259.58,1.76
100000.0,47.2777,-122.252,8856000545,277427.59,177427.59,177.43
596000.0,47.5878,-122.165,7254000050,585216.75,-10783.25,-1.81
200000.0,47.6964,-122.306,5101404170,291592.12,91592.12,45.8
776500.0,47.6888,-122.199,1245001820,564519.15,-211980.85,-27.3
250000.0,47.4081,-122.178,2796100160,325676.69,75676.69,30.27
220000.0,47.2589,-122.279,3750606890,269280.92,49280.92,22.4
475000.0,47.5956,-122.009,224069084,401748.43,-73251.57,-15.42
715000.0,47.7744,-122.225,4188300030,811351.0,96351.0,13.48
360000.0,47.7732,-122.163,4249400270,429491.98,69491.98,19.3
405000.0,47.6604,-122.401,4235400255,294369.48,-110630.52,-27.32
865000.0,47.7246,-122.363,923000425,771823.46,-93176.54,-10.77
890000.0,47.6158,-122.293,9828202255,895536.65,5536.65,0.62
449950.0,47.2853,-122.008,2891400380,353378.92,-96571.08,-21.46
895000.0,47.6373,-122.3,8712100530,709605.26,-185394.74,-20.71
675000.0,47.5631,-122.085,5437400100,540011.85,-134988.15,-20.0
200000.0,47.5492,-122.372,3278600710,367182.79,167182.79,83.59
250000.0,47.5114,-122.318,2788400090,385976.84,135976.84,54.39
470000.0,47.5384,-122.376,8123100045,519144.11,49144.11,10.46
370000.0,47.4449,-122.274,1853500130,453123.26,83123.26,22.47
600000.0,47.651,-122.119,7309100070,594845.96,-5154.04,-0.86
280000.0,47.6952,-122.326,1995200320,433799.55,153799.55,54.93
339000.0,47.3576,-122.016,5104510240,268709.74,-70290.26,-20.73
935000.0,47.6368,-122.157,2225059240,1100999.61,165999.61,17.75
190000.0,47.3262,-122.342,1788800910,197556.98,7556.98,3.98
436000.0,47.6719,-122.374,2767704777,469533.62,33533.62,7.69
1300000.0,47.6245,-122.227,1651800010,1058694.81,-241305.19,-18.56
109000.0,47.5135,-122.262,7129800036,217868.65,108868.65,99.88
614000.0,47.7584,-122.143,7214820200,680009.14,66009.14,10.75
707500.0,47.627,-122.353,5457300703,616681.92,-90818.08,-12.84
641200.0,47.6218,-122.193,4348800080,480304.07,-160895.93,-25.09
559950.0,47.5876,-122.309,7548300731,630921.67,70971.67,12.67
460000.0,47.6704,-122.184,3897100275,587566.0,127566.0,27.73
432000.0,47.7394,-122.288,6744700423,632881.9,200881.9,46.5
557000.0,47.6204,-122.044,3578401210,571049.58,14049.58,2.52
490000.0,47.6726,-122.381,2767603215,464376.18,-25623.82,-5.23
550000.0,47.549,-122.17,6071900130,583923.0,33923.0,6.17
408506.0,47.3085,-121.888,1421079007,495206.64,86700.64,21.22
445000.0,47.7166,-122.225,2783600210,518478.47,73478.47,16.51
645000.0,47.5401,-122.027,9268851670,429518.59,-215481.41,-33.41
440000.0,47.327,-122.039,4392200165,240893.04,-199106.96,-45.25
430000.0,47.5436,-122.378,65000085,403459.07,-26540.93,-6.17
425500.0,47.7347,-122.193,9477001410,436887.34,11387.34,2.68
599000.0,47.7647,-122.019,326069131,641141.75,42141.75,7.04
345000.0,47.457,-122.208,8899100230,338107.67,-6892.33,-2.0
260000.0,47.2895,-122.37,5029460180,246505.36,-13494.64,-5.19
658500.0,47.6872,-122.333,2402100715,524802.61,-133697.39,-20.3
620000.0,47.6649,-122.337,4083800345,580509.33,-39490.67,-6.37
499160.0,47.2904,-122.264,8956200990,332135.61,-167024.39,-33.46
452000.0,47.6971,-122.282,5210200184,558980.72,106980.72,23.67
280000.0,47.36600000000001,-122.093,8651443420,297333.58,17333.58,6.19
403000.0,47.6823,-122.348,3362400472,361982.89,-41017.11,-10.18
1400000.0,47.5996,-122.288,1250203070,1110155.18,-289844.82,-20.7
335000.0,47.69300000000001,-122.361,3501600185,422368.22,87368.22,26.08
420000.0,47.5322,-122.29,7338400945,473617.78,53617.78,12.77
165000.0,47.475,-122.258,3365901435,281395.97,116395.97,70.54
465950.0,47.4896,-122.14,9477940440,463586.08,-2363.92,-0.51
250000.0,47.2785,-122.213,3021059276,252905.85,2905.85,1.16
1000000.0,47.6852,-122.329,6815100085,796210.22,-203789.78,-20.38
380000.0,47.7769,-122.376,5500100120,438097.06,58097.06,15.29
194000.0,47.3299,-122.318,2501600150,236708.52,42708.52,22.01
282500.0,47.3603,-122.088,4178500100,279731.95,-2768.05,-0.98
360000.0,47.374,-122.125,1843100580,386053.0,26053.0,7.24
400000.0,47.5691,-122.292,3937900120,560406.36,160406.36,40.1
513000.0,47.4178,-121.937,522079068,358723.82,-154276.18,-30.07
440000.0,47.6673,-122.377,2767701416,348481.61,-91518.39,-20.8
139000.0,47.3003,-122.27,3751600025,254923.87,115923.87,83.4
750000.0,47.5879,-121.993,629400340,900388.91,150388.91,20.05
875000.0,47.5886,-122.195,644000185,707643.39,-167356.61,-19.13
647000.0,47.6073,-122.015,8961970190,593527.74,-53472.26,-8.26
775000.0,47.6626,-122.361,7517500310,549594.14,-225405.86,-29.08
925000.0,47.6768,-122.39,2856100515,603599.71,-321400.29,-34.75
620000.0,47.6319,-122.022,8078460810,533528.73,-86471.27,-13.95
325000.0,47.7533,-122.307,5589300585,335761.96,10761.96,3.31
500000.0,47.5733,-122.312,3964400470,578695.68,78695.68,15.74
329000.0,47.3509,-122.165,1152700090,422057.36,93057.36,28.28
395000.0,47.4787,-122.129,6084200080,420769.44,25769.44,6.52
390000.0,47.7633,-122.262,3818700123,514561.85,124561.85,31.94
515000.0,47.6609,-122.343,7821200307,426389.02,-88610.98,-17.21
990000.0,47.6582,-122.28,4217401240,849156.56,-140843.44,-14.23
314950.0,47.1923,-122.014,3797310230,314058.62,-891.38,-0.28
210000.0,47.7339,-122.337,6450301690,341442.31,131442.31,62.59
567000.0,47.6773,-122.11,1508210230,560690.48,-6309.52,-1.11
988500.0,47.45,-122.377,2623039019,927624.43,-60875.57,-6.16
510000.0,47.7478,-122.247,3577300040,529195.7,19195.7,3.76
729999.0,47.5687,-122.291,5609000311,981449.78,251450.78,34.45
445000.0,47.5683,-122.005,8665050080,377925.81,-67074.19,-15.07
210000.0,47.2878,-122.297,2190600243,266217.48,56217.48,26.77
253500.0,47.2063,-122.023,2220069196,296696.24,43196.24,17.04
282500.0,47.5305,-121.841,3024089057,210359.51,-72140.49,-25.54
780000.0,47.5416,-122.232,5452800735,767126.72,-12873.28,-1.65
452000.0,47.352,-122.197,6306800020,415332.67,-36667.33,-8.11
1270000.0,47.6209,-122.222,3323500030,1074707.3,-195292.7,-15.38
218500.0,47.3098,-122.21,16000435,253732.7,35232.7,16.12
685000.0,47.7565,-122.284,4019300906,736416.45,51416.45,7.51
330000.0,47.5456,-122.356,1683900040,388823.44,58823.44,17.83
333500.0,47.7341,-122.237,1357300240,432228.11,98728.11,29.6
913000.0,47.5899,-121.979,8691310070,906752.09,-6247.91,-0.68
1260000.0,47.6112,-122.226,3835502815,1148558.98,-111441.02,-8.84
205000.0,47.3679,-122.088,1796360990,237204.94,32204.94,15.71
725000.0,47.6205,-122.148,7385300020,886747.15,161747.15,22.31
375000.0,47.4134,-121.986,1222069089,454191.36,79191.36,21.12
350000.0,47.3662,-122.175,2095500120,360161.75,10161.75,2.9
408000.0,47.6829,-122.097,339600070,385518.72,-22481.28,-5.51
521000.0,47.7029,-122.297,2568300132,589158.81,68158.81,13.08
280000.0,47.3143,-122.134,7968460110,278399.07,-1600.93,-0.57
489000.0,47.6727,-122.373,2767704603,507056.95,18056.95,3.69
760000.0,47.6362,-122.175,1546600020,814294.22,54294.22,7.14
595000.0,47.5491,-122.005,3629870110,391216.04,-203783.96,-34.25
475000.0,47.7571,-122.145,7214820030,470613.83,-4386.17,-0.92
650000.0,47.6974,-122.313,5101404482,663935.55,13935.55,2.14
230000.0,47.5532,-122.28,3330500345,387199.36,157199.36,68.35
690000.0,47.7037,-122.24,333100209,768011.66,78011.66,11.31
253400.0,47.3182,-122.319,3584000180,235689.6,-17710.4,-6.99
550000.0,47.565,-122.398,2392100090,384114.03,-165885.97,-30.16
642000.0,47.6862,-122.31,2887703155,484649.89,-157350.11,-24.51
620000.0,47.63399999999999,-122.101,1313000650,623513.27,3513.27,0.57
1200000.0,47.6972,-122.4,4441300240,1036752.78,-163247.22,-13.6
520000.0,47.7697,-122.274,4027700594,591583.76,71583.76,13.77
215000.0,47.4571,-122.17,1432900350,320072.79,105072.79,48.87
868500.0,47.551,-122.22,2287000330,711131.71,-157368.29,-18.12
710000.0,47.665,-122.087,9510860060,671369.35,-38630.65,-5.44
464950.0,47.6384,-122.342,9301300751,464601.4,-348.6,-0.07
148900.0,47.3252,-122.208,2891000610,239554.75,90654.75,60.88
679900.0,47.565,-122.381,952003285,753368.74,73468.74,10.81
277500.0,47.1944,-121.974,8141310180,331768.46,54268.46,19.56
320000.0,47.5022,-122.145,3449000060,359481.47,39481.47,12.34
650000.0,47.5711,-122.383,7578200310,652946.87,2946.87,0.45
378000.0,47.7108,-122.332,6130500070,510404.16,132404.16,35.03
492000.0,47.6868,-122.349,3797000295,390679.66,-101320.34,-20.59
415000.0,47.6527,-122.386,2770601595,378978.59,-36021.41,-8.68
297000.0,47.3561,-122.015,5104510370,275058.24,-21941.76,-7.39
209000.0,47.202,-121.994,2420069220,284731.87,75731.87,36.24
319990.0,47.428,-122.326,7789900030,280380.4,-39609.6,-12.38
340000.0,47.7601,-122.197,6057700120,367731.91,27731.91,8.16
562500.0,47.7326,-122.226,3574900170,628320.72,65820.72,11.7
425000.0,47.7083,-122.308,8901000911,510175.92,85175.92,20.04
276900.0,47.3617,-122.054,1545801410,281394.56,4494.56,1.62
641500.0,47.5007,-122.382,6329000050,385213.71,-256286.29,-39.95
322000.0,47.7049,-122.339,3126049217,414507.24,92507.24,28.73
963000.0,47.5642,-122.126,4139380050,1018686.25,55686.25,5.78
783500.0,47.603,-122.289,9829201058,1075006.05,291506.05,37.21
563500.0,47.7392,-121.966,8567450060,523013.15,-40486.85,-7.18
450000.0,47.683,-122.374,461002050,362309.41,-87690.59,-19.49
700000.0,47.5394,-121.861,7853280550,725886.05,25886.05,3.7
969950.0,47.6798,-122.385,7518506716,837006.57,-132943.43,-13.71
148000.0,47.5138,-122.364,123039336,217786.62,69786.62,47.15
385000.0,47.4006,-122.322,2011400779,408320.64,23320.64,6.06
260000.0,47.3687,-122.182,7697870700,276100.82,16100.82,6.19
300000.0,47.6755,-122.16,1237500120,445890.43,145890.43,48.63
410000.0,47.5657,-122.376,9297301520,311728.91,-98271.09,-23.97
280000.0,47.2602,-122.252,6601200040,282890.0,2890.0,1.03
2100000.0,47.6236,-122.235,3025300226,1287060.75,-812939.25,-38.71
402000.0,47.5322,-122.392,1090000005,342073.95,-59926.05,-14.91
563000.0,47.6342,-122.353,809000945,494821.07,-68178.93,-12.11
479000.0,47.3883,-122.035,8857640710,394941.38,-84058.62,-17.55
325000.0,47.4962,-122.349,7520000616,319879.11,-5120.89,-1.58
345000.0,47.5716,-122.138,2201500440,399317.18,54317.18,15.74
382880.0,47.474,-122.146,5127100100,364349.92,-18530.08,-4.84
485000.0,47.644,-122.369,2867100007,460319.93,-24680.07,-5.09
676500.0,47.6071,-122.285,1422200090,807391.49,130891.49,19.35
376000.0,47.4459,-122.278,5379806180,384806.25,8806.25,2.34
300000.0,47.6974,-122.356,9232900050,523852.25,223852.25,74.62
490000.0,47.6864,-122.311,2887702070,486351.17,-3648.83,-0.74
339000.0,47.5308,-122.348,7972600670,395551.26,56551.26,16.68
775000.0,47.5992,-121.972,8691390280,674066.2,-100933.8,-13.02
465000.0,47.6018,-122.297,7600065,627414.03,162414.03,34.93
462000.0,47.4258,-122.021,322069141,429090.91,-32909.09,-7.12
480000.0,47.679,-122.315,3658700690,488259.36,8259.36,1.72
280000.0,47.3258,-122.328,2413300240,253725.19,-26274.81,-9.38
961000.0,47.6667,-122.327,9550203690,769744.41,-191255.59,-19.9
925000.0,47.5506,-122.187,2024059110,1059473.26,134473.26,14.54
661000.0,47.6786,-122.151,7202470100,628942.57,-32057.43,-4.85
550000.0,47.6581,-122.126,2155000290,514903.13,-35096.87,-6.38
273950.0,47.3258,-122.186,3204400040,283203.02,9253.02,3.38
352000.0,47.7189,-122.178,3205500020,395034.6,43034.6,12.23
530000.0,47.6455,-121.901,8161000210,585917.14,55917.14,10.55
1240000.0,47.7009,-122.059,3226069049,1251258.57,11258.57,0.91
545000.0,47.5234,-122.055,8728550150,540862.48,-4137.52,-0.76
285000.0,47.3365,-122.051,3832070040,269801.76,-15198.24,-5.33
284850.0,47.3488,-122.304,4222300040,231447.69,-53402.31,-18.75
365000.0,47.5419,-122.289,6064800090,484237.87,119237.87,32.67
690000.0,47.5679,-122.409,1563100705,552067.19,-137932.81,-19.99
889000.0,47.5805,-121.97,98020630,931577.95,42577.95,4.79
237000.0,47.3798,-122.306,3629000080,228079.66,-8920.34,-3.76
722500.0,47.7736,-122.371,2795000060,633410.06,-89089.94,-12.33
699950.0,47.7731,-122.08,7214720075,618643.92,-81306.08,-11.62
1070000.0,47.5373,-122.22,3024059149,942665.41,-127334.59,-11.9
830000.0,47.5442,-122.38,65000260,819434.56,-10565.44,-1.27
386500.0,47.7239,-122.313,7508700085,708385.16,321885.16,83.28
368000.0,47.4435,-122.279,3392500060,348271.12,-19728.88,-5.36
427500.0,47.4199,-121.99,122069107,315241.63,-112258.37,-26.26
2200000.0,47.5457,-121.991,3629940160,1578779.86,-621220.14,-28.24
597000.0,47.73,-122.315,6632300567,661123.93,64123.93,10.74
626000.0,47.6498,-122.321,1962200037,725347.5,99347.5,15.87
1570000.0,47.6003,-122.076,624069050,1560558.85,-9441.15,-0.6
315000.0,47.7368,-121.968,1518000230,302652.88,-12347.12,-3.92
749000.0,47.5937,-122.047,424069264,702439.41,-46560.59,-6.22
557500.0,47.7433,-122.094,1775801405,571436.4,13936.4,2.5
209000.0,47.3647,-122.082,8651410240,171259.71,-37740.29,-18.06
253000.0,47.4117,-122.174,2787311480,316167.62,63167.62,24.97
380000.0,47.5734,-122.153,2206900065,384722.18,4722.18,1.24
272500.0,47.2988,-122.371,2557000400,276708.89,4208.89,1.54
2250000.0,47.6415,-122.285,4386700135,1667966.6,-582033.4,-25.87
733000.0,47.6007,-121.974,8691390770,676574.9,-56425.1,-7.7
316000.0,47.1853,-122.017,2720069019,413887.62,97887.62,30.98
320000.0,47.5625,-122.283,7950304045,442637.15,122637.15,38.32
470000.0,47.68600000000001,-122.185,1238501099,533719.23,63719.23,13.56
276000.0,47.6778,-122.389,2856101479,263558.79,-12441.21,-4.51
500000.0,47.7088,-122.302,8902000267,647373.15,147373.15,29.47
725000.0,47.5607,-122.391,8149600265,559380.27,-165619.73,-22.84
253000.0,47.3545,-122.158,5466420030,273277.83,20277.83,8.01
271000.0,47.4991,-122.345,723049533,284467.26,13467.26,4.97
336600.0,47.3618,-122.033,9406521150,276298.67,-60301.33,-17.91
355000.0,47.4756,-122.09,1823069059,213257.75,-141742.25,-39.93
174950.0,47.3636,-122.093,8651441750,182616.96,7666.96,4.38
286900.0,47.3438,-122.073,3222069153,301249.23,14349.23,5.0
315000.0,47.3391,-122.309,1310000130,256093.74,-58906.26,-18.7
251700.0,47.4997,-122.231,3810000202,381740.03,130040.03,51.66
528000.0,47.7739,-122.227,8564950250,627500.19,99500.19,18.84
489000.0,47.6806,-122.287,5683500030,410746.06,-78253.94,-16.0
855000.0,47.5942,-121.977,8691420050,829953.57,-25046.43,-2.93
325900.0,47.309,-122.349,9264930400,280437.41,-45462.59,-13.95
325000.0,47.7562,-122.073,1771110070,317842.09,-7157.91,-2.2
418500.0,47.6254,-122.05,7504400620,470433.14,51933.14,12.41
527000.0,47.4954,-122.152,1023059511,608952.16,81952.16,15.55
540000.0,47.4797,-122.126,4305600250,580750.88,40750.88,7.55
535000.0,47.6681,-122.368,3019300090,564364.11,29364.11,5.49
470000.0,47.6584,-122.391,2770606685,363601.36,-106398.64,-22.64
775000.0,47.3229,-122.045,5416300230,798395.21,23395.21,3.02
279000.0,47.4224,-122.159,2592300450,361780.97,82780.97,29.67
550000.0,47.572,-122.29,9834200885,570545.3,20545.3,3.74
536500.0,47.591,-122.293,6909200401,646153.21,109653.21,20.44
262500.0,47.3179,-122.331,3375300370,178271.28,-84228.72,-32.09
269950.0,47.4475,-122.213,5070000120,356798.54,86848.54,32.17
1490000.0,47.6646,-122.28,7582700075,1418823.04,-71176.96,-4.78
365000.0,47.4096,-122.17,3374500240,485000.59,120000.59,32.88
563250.0,47.6157,-122.291,1186000150,628446.77,65196.77,11.58
652000.0,47.6746,-122.362,2769602880,648659.51,-3340.49,-0.51
409000.0,47.6225,-122.058,3575305485,415449.31,6449.31,1.58
409000.0,47.3157,-122.251,8961950050,356576.76,-52423.24,-12.82
430000.0,47.6342,-122.342,8807900236,363882.27,-66117.73,-15.38
432000.0,47.743,-122.097,1775800510,400397.6,-31602.4,-7.32
467500.0,47.7368,-122.183,7016100570,661213.33,193713.33,41.44
325000.0,47.5166,-122.361,123039128,314518.26,-10481.74,-3.23
560000.0,47.6635,-122.362,1982200430,507647.69,-52352.31,-9.35
585000.0,47.4421,-122.444,3223039181,475106.48,-109893.52,-18.79
309933.0,47.3364,-122.128,7861000021,260153.46,-49779.54,-16.06
480000.0,47.5388,-122.171,6073300750,687936.79,207936.79,43.32
299000.0,47.2924,-122.271,3751600457,242995.84,-56004.16,-18.73
212000.0,47.2761,-122.152,3668000070,251419.89,39419.89,18.59
440000.0,47.5443,-122.177,5056500260,532914.73,92914.73,21.12
282000.0,47.3846,-122.205,8662500350,267447.78,-14552.22,-5.16
930000.0,47.7499,-122.119,1331900020,1056729.96,126729.96,13.63
399900.0,47.6761,-122.384,7518505375,363212.29,-36687.71,-9.17
245000.0,47.4396,-122.285,1003600080,245605.38,605.38,0.25
258000.0,47.4982,-122.221,4136800205,336190.23,78190.23,30.31
192000.0,47.4785,-122.229,2143700861,315326.17,123326.17,64.23
162500.0,47.3369,-122.275,1311800130,235673.47,73173.47,45.03
460000.0,47.5654,-122.384,952002765,456210.41,-3789.59,-0.82
570000.0,47.6889,-122.187,1236300146,451770.87,-118229.13,-20.74
585000.0,47.5547,-122.178,6071300160,599944.03,14944.03,2.55
305000.0,47.5183,-122.266,7129304225,546843.4,241843.4,79.29
795000.0,47.5755,-122.07,5569700020,877455.69,82455.69,10.37
199900.0,47.2664,-122.256,3353401340,227447.34,27547.34,13.78
389950.0,47.5578,-122.363,1773100541,440664.12,50714.12,13.01
760000.0,47.5352,-122.156,1564000740,1081539.66,321539.66,42.31
339000.0,47.3644,-122.132,2622059138,274615.49,-64384.51,-18.99
399950.0,47.5378,-121.742,2624089022,269048.53,-130901.47,-32.73
420000.0,47.5722,-122.387,1493300057,444883.43,24883.43,5.92
398000.0,47.3477,-122.024,2781260370,440875.8,42875.8,10.77
259500.0,47.442,-122.282,7147600245,317726.15,58226.15,22.44
586000.0,47.5716,-122.159,5603800110,682262.08,96262.08,16.43
260000.0,47.7075,-122.336,4358700164,338571.97,78571.97,30.22
249000.0,47.3343,-122.362,121039156,241848.31,-7151.69,-2.87
871000.0,47.5663,-122.163,7855800910,882870.06,11870.06,1.36
1710000.0,47.664,-122.2,4100500070,1600282.14,-109717.86,-6.42
150000.0,47.5119,-122.329,523049195,317836.13,167836.13,111.89
592100.0,47.5473,-122.187,2212250080,673830.02,81730.02,13.8
305950.0,47.3301,-122.191,1310820150,342124.41,36174.41,11.82
275000.0,47.3115,-122.396,8732190200,218745.14,-56254.86,-20.46
480000.0,47.7097,-122.303,8902000407,517706.62,37706.62,7.86
855000.0,47.6382,-122.397,207500012,704611.65,-150388.35,-17.59
772500.0,47.6874,-122.161,2619920170,984125.95,211625.95,27.39
1470000.0,47.7018,-122.381,868001705,1029771.37,-440228.63,-29.95
570000.0,47.4995,-122.15,9211000170,752383.7,182383.7,32.0
665000.0,47.4862,-121.718,1223089038,423316.17,-241683.83,-36.34
415000.0,47.6543,-122.358,1324300126,466209.15,51209.15,12.34
229000.0,47.3086,-122.396,8732190990,235101.18,6101.18,2.66
935000.0,47.6245,-122.316,6851700381,1015962.65,80962.65,8.66
551000.0,47.5286,-122.032,2354300740,336084.76,-214915.24,-39.0
206000.0,47.3063,-122.27,7905400040,249599.08,43599.08,21.16
330000.0,47.5617,-122.385,952006728,303388.16,-26611.84,-8.06
515000.0,47.7713,-122.167,9532000010,514470.29,-529.71,-0.1
520000.0,47.7691,-122.262,4140090240,645371.43,125371.43,24.11
2750000.0,47.5922,-122.207,3859900060,2383817.8,-366182.2,-13.32
255000.0,47.2624,-122.221,4136950200,305297.75,50297.75,19.72
355000.0,47.7105,-122.289,4077800593,416013.86,61013.86,17.19
516200.0,47.5521,-122.271,3331500820,482010.06,-34189.94,-6.62
414500.0,47.7186,-122.236,3840700205,400964.97,-13535.03,-3.27
668750.0,47.7728,-122.386,7278700069,538655.31,-130094.69,-19.45
215000.0,47.2898,-122.222,1921059235,176345.3,-38654.7,-17.98
358000.0,47.4296,-122.161,2459500310,326418.12,-31581.88,-8.82
1600000.0,47.5842,-122.111,8655000070,1238522.13,-361477.87,-22.59
379950.0,47.5465,-122.384,826000295,312547.48,-67402.52,-17.74
249000.0,47.2761,-122.152,1313500070,241039.64,-7960.36,-3.2
1060000.0,47.6246,-122.067,7525950180,1487948.95,427948.95,40.37
700000.0,47.5264,-122.384,3524039144,638492.21,-61507.79,-8.79
190000.0,47.5303,-122.27,2658000115,288393.16,98393.16,51.79
350000.0,47.5017,-122.165,1061500510,483794.65,133794.65,38.23
680000.0,47.5355,-122.39,9238900616,498547.27,-181452.73,-26.68
915000.0,47.6671,-122.057,3528000260,929532.43,14532.43,1.59
219950.0,47.2005,-121.999,2372800145,293633.45,73683.45,33.5
895000.0,47.6727,-122.297,1868900675,858620.92,-36379.08,-4.06
592350.0,47.709,-122.017,8682281600,412242.87,-180107.13,-30.41
543000.0,47.6488,-122.334,1048000060,485487.52,-57512.48,-10.59
230000.0,47.3173,-122.181,1683600110,225907.53,-4092.47,-1.78
305000.0,47.3349,-122.059,3832060940,284337.41,-20662.59,-6.77
568000.0,47.5516,-122.263,3723800409,669670.99,101670.99,17.9
196440.0,47.2804,-122.251,3356406510,228260.28,31820.28,16.2
585000.0,47.5444,-122.014,3630240140,475774.3,-109225.7,-18.67
440000.0,47.7686,-122.278,4400900030,552705.5,112705.5,25.61
270000.0,47.4759,-122.349,4331400090,281126.92,11126.92,4.12
267000.0,47.3812,-122.168,3826501060,319258.02,52258.02,19.57
474950.0,47.7334,-122.168,3876311350,501545.14,26595.14,5.6
1580000.0,47.6687,-122.264,9471201175,1402826.88,-177173.12,-11.21
740000.0,47.6434,-122.115,2425059074,960090.38,220090.38,29.74
430000.0,47.5202,-122.047,9414610010,407991.53,-22008.47,-5.12
245000.0,47.3177,-122.182,1683600130,230307.96,-14692.04,-6.0
260000.0,47.3994,-122.204,2095600150,291538.42,31538.42,12.13
404000.0,47.3059,-122.108,3211270170,391514.83,-12485.17,-3.09
825000.0,47.6852,-122.184,3305100210,966058.55,141058.55,17.1
811000.0,47.5505,-122.221,2287000030,622089.63,-188910.37,-23.29
372000.0,47.524,-122.359,7899800586,409684.4,37684.4,10.13
319000.0,47.2822,-122.357,2909310060,217427.87,-101572.13,-31.84
330000.0,47.6979,-122.325,3226049134,350405.28,20405.28,6.18
525000.0,47.5409,-122.268,9830200475,562173.24,37173.24,7.08
589000.0,47.7044,-122.2,3127200041,747357.47,158357.47,26.89
479000.0,47.577,-122.41,6371000100,422054.97,-56945.03,-11.89
345000.0,47.736,-121.965,112900110,324135.64,-20864.36,-6.05
330000.0,47.4252,-122.163,2597670470,411212.71,81212.71,24.61
445000.0,47.7275,-122.232,2540830020,450560.55,5560.55,1.25
757500.0,47.6777,-122.156,3895100039,1013704.09,256204.09,33.82
437500.0,47.4838,-121.714,7338200240,441180.7,3680.7,0.84
410000.0,47.3727,-122.051,9406600050,372363.83,-37636.17,-9.18
300000.0,47.3992,-122.163,2517000150,319944.31,19944.31,6.65
455000.0,47.7306,-121.966,2133010110,346139.97,-108860.03,-23.93
715000.0,47.6989,-122.399,8644500010,699455.43,-15544.57,-2.17
549950.0,47.7655,-122.35,7283900045,506449.88,-43500.12,-7.91
662500.0,47.6061,-122.117,4037200075,549275.55,-113224.45,-17.09
650500.0,47.6789,-122.281,381000240,687791.02,37291.02,5.73
485000.0,47.6347,-121.958,203101330,482656.36,-2343.64,-0.48
453000.0,47.4582,-122.365,7634800070,344470.96,-108529.04,-23.96
245000.0,47.3507,-122.178,3830630060,275779.08,30779.08,12.56
537500.0,47.5384,-122.276,427000065,896519.91,359019.91,66.79
775000.0,47.6762,-122.285,2710600015,659781.02,-115218.98,-14.87
275000.0,47.5617,-121.859,1324079041,267803.84,-7196.16,-2.62
1000000.0,47.7616,-122.372,3585900150,1014791.65,14791.65,1.48
840500.0,47.5114,-122.245,8073000585,1142873.13,302373.13,35.98
575000.0,47.7371,-122.215,200500410,595433.13,20433.13,3.55
299500.0,47.3707,-122.275,2722049077,305889.43,6389.43,2.13
335000.0,47.3779,-122.045,4123800330,291290.79,-43709.21,-13.05
310000.0,47.3208,-122.273,8001400300,283013.35,-26986.65,-8.71
215000.0,47.3378,-122.262,304100090,218164.13,3164.13,1.47
500000.0,47.683,-122.035,7202330030,360138.07,-139861.93,-27.97
891000.0,47.6804,-122.358,2301400640,691173.87,-199826.13,-22.43
569950.0,47.515,-121.869,7853361420,418865.76,-151084.24,-26.51
305000.0,47.3564,-122.016,5104510120,275423.94,-29576.06,-9.7
1960000.0,47.5632,-122.215,1923000260,2267819.24,307819.24,15.71
200000.0,47.3265,-122.335,5560001130,201228.82,1228.82,0.61
480000.0,47.7592,-122.23,114101161,471415.74,-8584.26,-1.79
260000.0,47.3857,-122.162,4051150100,262480.24,2480.24,0.95
851000.0,47.6652,-122.049,3528000470,1004530.29,153530.29,18.04
760000.0,47.57100000000001,-122.227,3626500045,702325.78,-57674.22,-7.59
415000.0,47.7716,-122.317,3971700981,467020.58,52020.58,12.54
350000.0,47.7114,-122.356,8910500237,460953.28,110953.28,31.7
195000.0,47.3501,-122.02,2781270090,215444.94,20444.94,10.48
415000.0,47.4039,-121.98,1222069133,332345.69,-82654.31,-19.92
380000.0,47.3559,-122.014,5104511040,326877.1,-53122.9,-13.98
271115.0,47.5472,-122.384,7625703007,279539.88,8424.88,3.11
485000.0,47.7669,-122.268,4027701294,511866.01,26866.01,5.54
285000.0,47.1937,-121.98,5702380500,312897.59,27897.59,9.79
1140000.0,47.5963,-122.292,4473400155,1170441.22,30441.22,2.67
160000.0,47.5293,-122.272,7135300026,292484.97,132484.97,82.8
614306.0,47.697,-122.39,6073500190,639795.05,25489.05,4.15
224000.0,47.2943,-122.227,1018000110,266385.45,42385.45,18.92
879950.0,47.6948,-122.178,9492500170,930874.74,50924.74,5.79
575000.0,47.6132,-122.292,9839300125,681411.22,106411.22,18.51
203000.0,47.5026,-122.236,9282800065,313355.1,110355.1,54.36
447500.0,47.4829,-121.766,1523089266,340443.99,-107056.01,-23.92
736500.0,47.515,-122.117,4309710250,1000519.15,264019.15,35.85
549000.0,47.6025,-122.303,9827700105,729100.62,180100.62,32.81
284000.0,47.3564,-122.04,2310000430,257152.58,-26847.42,-9.45
452500.0,47.4155,-122.339,616000200,379654.75,-72845.25,-16.1
330490.0,47.4431,-122.138,1328340630,310358.66,-20131.34,-6.09
230000.0,47.3839,-122.038,6661200080,252382.78,22382.78,9.73
279000.0,47.5161,-122.374,7454000605,224774.85,-54225.15,-19.44
254950.0,47.3052,-122.283,6181410950,241111.75,-13838.25,-5.43
484259.0,47.4831,-121.773,1442880320,340510.77,-143748.23,-29.68
499950.0,47.6689,-122.363,2768200212,486818.97,-13131.03,-2.63
514000.0,47.5399,-122.385,2624039133,485586.77,-28413.23,-5.53
375000.0,47.6684,-122.401,1176001195,401219.44,26219.44,6.99
670000.0,47.6871,-122.207,1245002445,602266.03,-67733.97,-10.11
580000.0,47.6685,-122.305,2218000390,619510.56,39510.56,6.81
354950.0,47.7628,-122.163,4450700030,402969.34,48019.34,13.53
325000.0,47.7198,-122.182,3876100080,454160.01,129160.01,39.74
750000.0,47.5706,-122.16,7855600080,710815.96,-39184.04,-5.22
309212.0,47.4434,-121.774,9407102360,243362.22,-65849.78,-21.3
595000.0,47.6389,-122.371,7011200160,520131.37,-74868.63,-12.58
518000.0,47.5752,-122.381,8701600030,402424.66,-115575.34,-22.31
510000.0,47.5573,-122.392,2523400205,422406.25,-87593.75,-17.18
376950.0,47.3519,-122.173,1329300480,353700.93,-23249.07,-6.17
650000.0,47.6011,-122.192,3210700170,670924.77,20924.77,3.22
330000.0,47.6931,-122.379,3300700480,297415.67,-32584.33,-9.87
170000.0,47.4925,-122.239,7812800865,224893.49,54893.49,32.29
405000.0,47.6827,-122.059,8807600140,329708.47,-75291.53,-18.59
360000.0,47.7187,-122.33,3034200247,575396.35,215396.35,59.83
725000.0,47.6846,-122.163,9430100020,775528.59,50528.59,6.97
654950.0,47.7674,-122.086,3530200160,718051.96,63101.96,9.63
250000.0,47.4185,-122.207,5252000170,331959.97,81959.97,32.78
715000.0,47.5586,-122.121,8965400010,758472.11,43472.11,6.08
562000.0,47.5793,-122.294,7954000125,606542.65,44542.65,7.93
169000.0,47.2021,-121.996,3701900085,304977.07,135977.07,80.46
530000.0,47.4683,-122.008,5561300730,608415.16,78415.16,14.8
1180000.0,47.6816,-122.199,3885805896,1070398.91,-109601.09,-9.29
310000.0,47.52,-122.374,7452500365,213474.3,-96525.7,-31.14
234000.0,47.4303,-122.046,3323069045,322512.26,88512.26,37.83
237000.0,47.4097,-122.193,9513900050,273937.36,36937.36,15.59
567500.0,47.6036,-122.014,8961990160,436090.49,-131409.51,-23.16
505000.0,47.4911,-122.138,9477920120,569660.29,64660.29,12.8
310000.0,47.5324,-121.763,9474700020,184110.73,-125889.27,-40.61
592500.0,47.7082,-122.015,8682281480,444537.54,-147962.46,-24.97
682500.0,47.7351,-122.295,1568100300,690794.39,8294.39,1.22
1600000.0,47.6298,-122.29,1118002090,1366652.33,-233347.67,-14.58
790000.0,47.6481,-122.125,2600400030,930972.62,140972.62,17.84
985000.0,47.582,-122.194,824059277,966944.93,-18055.07,-1.83
425000.0,47.3219,-122.085,4053200566,518209.3,93209.3,21.93
440000.0,47.7008,-122.386,579000550,455082.01,15082.01,3.43
287000.0,47.4646,-122.184,6843000080,290990.81,3990.81,1.39
630000.0,47.5686,-122.392,5742600115,514947.37,-115052.63,-18.26
623000.0,47.5743,-122.212,5459500165,674572.7,51572.7,8.28
475000.0,47.6542,-122.346,1931300412,460391.04,-14608.96,-3.08
550000.0,47.6472,-122.357,1972205633,572673.32,22673.32,4.12
1200000.0,47.5825,-122.242,5315100784,1145328.34,-54671.66,-4.56
410000.0,47.5384,-121.889,7853300770,290843.46,-119156.54,-29.06
540000.0,47.401,-122.095,1822069097,425998.04,-114001.96,-21.11
570000.0,47.6038,-122.02,8635750980,532699.23,-37300.77,-6.54
440000.0,47.6359,-122.033,6817800840,316228.39,-123771.61,-28.13
382000.0,47.7442,-122.338,4402700125,466174.84,84174.84,22.04
559500.0,47.5688,-122.087,4123400310,426464.75,-133035.25,-23.78
346000.0,47.5726,-122.308,3726800285,428821.34,82821.34,23.94
347500.0,47.3967,-122.183,3529300060,391972.21,44472.21,12.8
913888.0,47.5555,-122.15,7856570150,752698.73,-161189.27,-17.64
600000.0,47.6726,-122.265,3213200215,444895.05,-155104.95,-25.85
571500.0,47.2993,-122.293,4420600015,274068.1,-297431.9,-52.04
452000.0,47.7373,-122.197,6204420070,425861.83,-26138.17,-5.78
272000.0,47.1934,-121.977,2309710130,303492.53,31492.53,11.58
625000.0,47.7,-122.292,9554200105,600817.25,-24182.75,-3.87
294000.0,47.2647,-122.221,4137050130,279675.37,-14324.63,-4.87
635000.0,47.7094,-122.234,9522350090,758455.31,123455.31,19.44
340500.0,47.4857,-122.318,1723049270,479516.35,139016.35,40.83
715000.0,47.6886,-122.359,2919200440,446596.77,-268403.23,-37.54
455000.0,47.7257,-122.172,8663310010,512074.14,57074.14,12.54
751000.0,47.707,-122.102,2568200610,790457.39,39457.39,5.25
185000.0,47.3325,-122.35,5153200486,221807.77,36807.77,19.9
952000.0,47.6439,-122.319,1959700540,963020.34,11020.34,1.16
485000.0,47.5737,-122.018,3904930240,420889.93,-64110.07,-13.22
220000.0,47.2925,-122.284,4031700210,269690.9,49690.9,22.59
537250.0,47.7752,-122.285,3459700340,602375.73,65125.73,12.12
538200.0,47.627,-122.114,686201000,598806.89,60606.89,11.26
300499.0,47.25899999999999,-122.215,4137040250,294248.89,-6250.11,-2.08
574000.0,47.5372,-121.876,7852110050,381362.39,-192637.61,-33.56
915000.0,47.7168,-122.113,1862000010,1171755.12,256755.12,28.06
418000.0,47.7629,-122.315,6163900501,387466.18,-30533.82,-7.3
334550.0,47.7436,-122.356,1326039039,367773.56,33223.56,9.93
481000.0,47.7612,-122.229,5130000080,582189.36,101189.36,21.04
502000.0,47.5719,-122.385,324000370,487498.68,-14501.32,-2.89
545000.0,47.6679,-122.184,4099100210,760889.38,215889.38,39.61
265000.0,47.3871,-122.189,3235390010,304961.54,39961.54,15.08
370000.0,47.7724,-122.362,3303000130,459909.7,89909.7,24.3
1140000.0,47.632,-122.29,1118001820,998006.05,-141993.95,-12.46
700000.0,47.6889,-122.347,6431000015,586598.5,-113401.5,-16.2
1820000.0,47.5467,-122.234,4094800120,1198739.26,-621260.74,-34.14
299900.0,47.7595,-122.309,4024100120,335452.64,35552.64,11.85
3100000.0,47.5552,-122.231,2424049029,2888246.78,-211753.22,-6.83
550000.0,47.6231,-122.102,8563001070,502265.98,-47734.02,-8.68
218000.0,47.3684,-122.08,8651411420,178475.23,-39524.77,-18.13
500000.0,47.5712,-122.143,2200500350,469077.29,-30922.71,-6.18
975000.0,47.5557,-122.027,293760310,1050546.5,75546.5,7.75
202500.0,47.4303,-122.334,7957600075,266931.26,64431.26,31.82
209950.0,47.3625,-122.084,8651400750,186542.55,-23407.45,-11.15
510000.0,47.6888,-122.126,8861700030,696228.62,186228.62,36.52
1310000.0,47.6754,-122.327,1257200050,917624.24,-392375.76,-29.95
640000.0,47.6914,-122.296,5363200180,649866.82,9866.82,1.54
470000.0,47.2416,-121.979,6055000010,446860.66,-23139.34,-4.92
492000.0,47.4801,-122.092,1823069088,303282.84,-188717.16,-38.36
119500.0,47.7346,-121.983,3821200050,226356.0,106856.0,89.42
775000.0,47.4614,-121.713,1923099034,614302.52,-160697.48,-20.74
395000.0,47.7097,-122.216,3760100200,459279.01,64279.01,16.27
810000.0,47.6857,-122.046,7202300110,932019.78,122019.78,15.06
495800.0,47.6847,-122.318,2979801095,527045.94,31245.94,6.3
770000.0,47.6192,-122.307,3667500015,1168527.97,398527.97,51.76
1100000.0,47.5671,-122.157,7855000550,1365365.35,265365.35,24.12
452000.0,47.4326,-122.341,3123049142,492566.43,40566.43,8.97
540000.0,47.4997,-122.379,6329000185,1207581.07,667581.07,123.63
230000.0,47.3828,-122.09,7942100180,229682.24,-317.76,-0.14
344900.0,47.7545,-122.357,3102700160,406528.56,61628.56,17.87
197500.0,47.452,-122.19,2892600016,236416.55,38916.55,19.7
462500.0,47.587,-122.384,9274204100,427303.96,-35196.04,-7.61
550000.0,47.6971,-122.302,5101404351,550788.55,788.55,0.14
379000.0,47.6971,-122.372,1862400132,346957.6,-32042.4,-8.45
427500.0,47.5223,-122.043,9412200330,324571.48,-102928.52,-24.08
519000.0,47.4403,-122.343,2105200050,365888.49,-153111.51,-29.5
440000.0,47.3308,-122.187,1402970020,389365.08,-50634.92,-11.51
320000.0,47.5268,-122.343,7972601710,322894.67,2894.67,0.9
614950.0,47.6333,-122.362,4232903265,577775.41,-37174.59,-6.05
400000.0,47.7112,-122.238,6076500220,420949.11,20949.11,5.24
437400.0,47.6253,-122.119,3298400470,539550.61,102150.61,23.35
625000.0,47.75,-122.024,3249500020,667386.14,42386.14,6.78
425000.0,47.6499,-121.908,8658300315,193553.68,-231446.32,-54.46
370000.0,47.7237,-122.181,9542900190,379794.5,9794.5,2.65
305000.0,47.5325,-122.072,8562780800,250477.88,-54522.12,-17.88
275000.0,47.3624,-122.045,1545804860,276460.02,1460.02,0.53
420000.0,47.5759,-122.137,2201500030,483419.27,63419.27,15.1
308500.0,47.5499,-122.36,3438501020,341909.11,33409.11,10.83
485000.0,47.7762,-122.367,6649900030,420010.37,-64989.63,-13.4
219950.0,47.488,-122.2,1352300315,260942.54,40992.54,18.64
262000.0,47.40600000000001,-122.318,8851500050,240591.62,-21408.38,-8.17
640000.0,47.6271,-122.028,1939120540,645780.47,5780.47,0.9
270000.0,47.2839,-122.202,7349650330,237422.93,-32577.07,-12.07
650000.0,47.6208,-122.139,1562000050,740304.04,90304.04,13.89
340000.0,47.7294,-122.353,164000271,335631.48,-4368.52,-1.28
315000.0,47.7384,-122.324,8022900005,410778.16,95778.16,30.41
460000.0,47.4835,-122.136,9432750190,545273.66,85273.66,18.54
268500.0,47.3901,-122.174,2676500080,361823.72,93323.72,34.76
295450.0,47.2953,-122.185,2599200160,355497.63,60047.63,20.32
244000.0,47.2073,-122.012,8078050120,325989.22,81989.22,33.6
540000.0,47.6268,-122.038,2872900280,529328.27,-10671.73,-1.98
229000.0,47.3348,-122.303,7683800212,232577.49,3577.49,1.56
327000.0,47.7302,-122.355,173000036,438489.82,111489.82,34.09
254000.0,47.3542,-122.055,2215901190,253682.2,-317.8,-0.13
750000.0,47.6731,-122.326,3364900375,516989.89,-233010.11,-31.07
485000.0,47.6342,-122.12,259601010,386779.93,-98220.07,-20.25
353500.0,47.7171,-122.307,2826049108,317550.98,-35949.02,-10.17
575000.0,47.5875,-122.134,6751300385,503284.35,-71715.65,-12.47
295000.0,47.35,-122.037,2025701190,238881.14,-56118.86,-19.02
600000.0,47.5828,-122.19,7000100635,405521.4,-194478.6,-32.41
335950.0,47.5119,-122.386,2895600680,294690.05,-41259.95,-12.28
248500.0,47.4913,-122.318,8019200360,275695.0,27195.0,10.94
295832.0,47.4207,-122.334,7893205525,218941.76,-76890.24,-25.99
1080000.0,47.5711,-122.284,5700003221,940955.13,-139044.87,-12.87
223000.0,47.3607,-122.291,5335700030,231159.8,8159.8,3.66
870515.0,47.5755,-122.071,7768800280,869729.22,-785.78,-0.09
682000.0,47.644,-122.353,5244801230,659734.53,-22265.47,-3.26
411000.0,47.4206,-122.023,322069109,346151.18,-64848.82,-15.78
305000.0,47.4717,-122.323,2023049350,318926.16,13926.16,4.57
455000.0,47.7265,-122.206,1015500300,570007.11,115007.11,25.28
505000.0,47.6369,-122.327,2902200237,483369.55,-21630.45,-4.28
485000.0,47.5728,-122.179,6073200020,412287.07,-72712.93,-14.99
475000.0,47.6944,-122.355,9465200181,594269.99,119269.99,25.11
476100.0,47.5529,-121.996,3629970620,301109.73,-174990.27,-36.75
743700.0,47.6662,-122.057,3528000290,778048.37,34348.37,4.62
455000.0,47.6914,-122.288,6844701680,467480.58,12480.58,2.74
735000.0,47.6045,-122.169,3260000570,676418.77,-58581.23,-7.97
911100.0,47.7596,-122.275,4019300155,880836.13,-30263.87,-3.32
825000.0,47.541,-121.998,3630180340,654848.53,-170151.47,-20.62
575000.0,47.6814,-122.392,9165100230,562586.46,-12413.54,-2.16
329950.0,47.5474,-122.295,6126500060,585520.39,255570.39,77.46
305000.0,47.363,-122.035,9406520290,273803.58,-31196.42,-10.23
1200000.0,47.717,-122.281,8820902200,1154479.35,-45520.65,-3.79
420000.0,47.7404,-122.186,7016300050,455879.77,35879.77,8.54
800000.0,47.412,-122.168,922059169,1263486.1,463486.1,57.94
532500.0,47.6842,-122.348,3797001815,411318.32,-121181.68,-22.76
452100.0,47.5037,-122.24,4058800925,694198.48,242098.48,53.55
538000.0,47.565,-122.116,2211700290,574320.51,36320.51,6.75
599000.0,47.7005,-122.358,6184700100,426990.08,-172009.92,-28.72
230000.0,47.5523,-122.286,3331000455,335121.97,105121.97,45.71
490000.0,47.6937,-122.362,3501600100,343765.27,-146234.73,-29.84
508300.0,47.6844,-122.306,7172200080,442006.2,-66293.8,-13.04
339000.0,47.777,-122.307,3782100145,315277.36,-23722.64,-7.0
1040000.0,47.6353,-122.18,2125059163,1825589.17,785589.17,75.54
2700000.0,47.5919,-122.251,5442300807,2614716.66,-85283.34,-3.16
1020000.0,47.6265,-122.296,5332200530,853589.25,-166410.75,-16.31
616950.0,47.5542,-122.359,3438500253,846370.16,229420.16,37.19
300000.0,47.4539,-122.15,2473000130,417796.47,117796.47,39.27
224000.0,47.4935,-122.316,8018600870,241336.77,17336.77,7.74
270000.0,47.7461,-122.195,1726059053,421909.59,151909.59,56.26
572500.0,47.534,-122.161,7135500120,579928.39,7428.39,1.3
672500.0,47.6339,-122.392,5037300130,708868.31,36368.31,5.41
415000.0,47.492,-122.225,1180008370,645301.99,230301.99,55.49
446950.0,47.7316,-122.221,3574800090,519693.17,72743.17,16.28
438000.0,47.739,-122.351,9141100255,576935.11,138935.11,31.72
355000.0,47.5123,-122.316,133000271,464575.39,109575.39,30.87
308000.0,47.7618,-122.162,9144300110,376770.61,68770.61,22.33
750000.0,47.7199,-122.246,2540820010,724585.36,-25414.64,-3.39
199000.0,47.3257,-122.296,921049315,254700.21,55700.21,27.99
1000000.0,47.6273,-122.194,6669000070,864442.48,-135557.52,-13.56
295950.0,47.7634,-122.34,2807100156,353315.55,57365.55,19.38
350000.0,47.7141,-122.213,1138000250,403396.93,53396.93,15.26
475000.0,47.6254,-122.045,7525050150,355363.74,-119636.26,-25.19
1770000.0,47.5873,-122.196,644000115,1327592.03,-442407.97,-24.99
425000.0,47.771,-122.258,3824100235,433822.19,8822.19,2.08
266000.0,47.7492,-122.311,6668900005,283770.82,17770.82,6.68
305000.0,47.3066,-122.394,8029500380,269692.59,-35307.41,-11.58
220000.0,47.5128,-122.374,7454001280,236053.39,16053.39,7.3
413000.0,47.566,-122.373,9297301190,382240.59,-30759.41,-7.45
325000.0,47.5337,-122.379,2492201005,280639.05,-44360.95,-13.65
283200.0,47.3636,-122.192,7970800100,326351.01,43151.01,15.24
775000.0,47.3525,-122.002,5104531120,834172.53,59172.53,7.64
277500.0,47.3165,-122.386,8731981640,243756.61,-33743.39,-12.16
839000.0,47.7614,-122.015,1026069095,900422.83,61422.83,7.32
502000.0,47.7677,-122.359,3380900160,375337.02,-126662.98,-25.23
366000.0,47.7687,-122.223,1737320060,459139.28,93139.28,25.45
270000.0,47.3663,-122.285,3832600080,255134.71,-14865.29,-5.51
260000.0,47.2625,-122.221,4136950070,308070.06,48070.06,18.49
762000.0,47.6373,-122.35,809002215,845518.86,83518.86,10.96
375000.0,47.3732,-122.023,2591720360,502612.93,127612.93,34.03
415000.0,47.5073,-122.234,2045400075,550155.22,135155.22,32.57
330000.0,47.7622,-122.263,1126049105,350530.51,20530.51,6.22
750000.0,47.5845,-122.395,9279200280,603721.23,-146278.77,-19.5
875000.0,47.7121,-122.072,7701961030,1154874.2,279874.2,31.99
415000.0,47.7226,-122.227,8564500240,441066.34,26066.34,6.28
245000.0,47.3592,-122.046,1545808560,265437.24,20437.24,8.34
630000.0,47.6025,-122.153,4279600010,735100.13,105100.13,16.68
330000.0,47.1927,-122.01,3797300110,309227.58,-20772.42,-6.29
379500.0,47.4786,-122.112,7229800430,416346.82,36846.82,9.71
406100.0,47.6916,-122.34,993001330,485009.65,78909.65,19.43
499000.0,47.4909,-122.363,7784400185,578055.8,79055.8,15.84
1200000.0,47.5769,-122.215,6648150090,1541468.78,341468.78,28.46
449000.0,47.3596,-122.04,5416500680,466779.49,17779.49,3.96
680000.0,47.5145,-122.391,2594200230,577259.05,-102740.95,-15.11
197400.0,47.334,-122.3,7682200320,237667.48,40267.48,20.4
320000.0,47.5294,-122.354,2113700780,318359.36,-1640.64,-0.51
675000.0,47.7464,-122.362,7785350490,829346.78,154346.78,22.87
529950.0,47.6554,-122.129,1828000760,453376.14,-76573.86,-14.45
390000.0,47.31399999999999,-122.023,2140950160,390489.73,489.73,0.13
440000.0,47.5192,-122.266,7129304540,321543.66,-118456.34,-26.92
537000.0,47.6795,-122.371,5309100515,439741.15,-97258.85,-18.11
225000.0,47.2598,-122.281,3750605620,266177.19,41177.19,18.3
885000.0,47.635,-122.353,809001505,848564.36,-36435.64,-4.12
343500.0,47.5045,-122.24,4058800875,486268.6,142768.6,41.56
405000.0,47.7301,-122.223,3574801110,540809.26,135809.26,33.53
719000.0,47.7073,-122.11,1873100390,661993.05,-57006.95,-7.93
620000.0,47.6903,-122.206,1245000865,581444.64,-38555.36,-6.22
260000.0,47.3651,-122.044,1545806510,247674.06,-12325.94,-4.74
400000.0,47.5498,-122.383,7625702615,219886.79,-180113.21,-45.03
349950.0,47.4318,-122.181,6199000141,359100.91,9150.91,2.61
1750000.0,47.6295,-122.217,3025059072,1262260.53,-487739.47,-27.87
925000.0,47.6553,-122.023,1525069095,916277.28,-8722.72,-0.94
770000.0,47.6645,-122.358,7986400265,675654.18,-94345.82,-12.25
285000.0,47.3517,-122.21,8669180390,290556.23,5556.23,1.95
575000.0,47.4939,-122.137,5214510060,602178.35,27178.35,4.73
175003.0,47.5667,-122.297,6056100165,417273.09,242270.09,138.44
1680000.0,47.6406,-122.156,1329000030,1860375.05,180375.05,10.74
147000.0,47.4971,-122.279,3347400525,283020.25,136020.25,92.53
569950.0,47.333,-122.098,621069057,695673.74,125723.74,22.06
1680000.0,47.6113,-121.952,853600150,1416945.46,-263054.54,-15.66
459000.0,47.5711,-122.386,324000530,388868.65,-70131.35,-15.28
316000.0,47.31100000000001,-122.345,9264921030,280597.08,-35402.92,-11.2
705380.0,47.5493,-121.993,3629910240,520359.89,-185020.11,-26.23
515000.0,47.4821,-122.142,5126300060,559491.64,44491.64,8.64
390000.0,47.4833,-122.157,1523059103,583420.94,193420.94,49.6
597500.0,47.555,-122.379,2324039036,530635.39,-66864.61,-11.19
289000.0,47.3558,-122.173,3546000630,309857.16,20857.16,7.22
635000.0,47.5888,-122.011,224069114,511926.51,-123073.49,-19.38
271000.0,47.3967,-122.174,1761300850,271801.97,801.97,0.3
725000.0,47.4026,-122.033,1022069183,629616.13,-95383.87,-13.16
385000.0,47.5712,-122.316,5680000260,339812.61,-45187.39,-11.74
525000.0,47.6054,-122.118,4037200295,470158.32,-54841.68,-10.45
915000.0,47.5955,-122.176,9541800190,1349671.37,434671.37,47.51
568450.0,47.3703,-122.159,2722059010,528922.37,-39527.63,-6.95
858450.0,47.5908,-122.062,1853080540,810074.41,-48375.59,-5.64
415000.0,47.5362,-122.376,8122100130,312553.65,-102446.35,-24.69
380000.0,47.2813,-122.345,7683900200,325237.8,-54762.2,-14.41
279000.0,47.3025,-122.382,3279000370,260371.1,-18628.9,-6.68
518000.0,47.5592,-122.178,6072400470,597094.85,79094.85,15.27
335000.0,47.4804,-122.133,1463400047,399512.89,64512.89,19.26
875000.0,47.5976,-121.983,8691360200,878645.12,3645.12,0.42
342000.0,47.6962,-122.342,9267200345,472320.01,130320.01,38.11
750000.0,47.7106,-122.023,8682220390,569037.55,-180962.45,-24.13
839000.0,47.5503,-122.081,1778350150,1000979.53,161979.53,19.31
790000.0,47.1795,-122.036,3420069060,909040.03,119040.03,15.07
283700.0,47.7391,-121.982,2131700900,261810.85,-21889.15,-7.72
535000.0,47.4282,-122.28,239000115,332215.35,-202784.65,-37.9
500000.0,47.6778,-122.267,8924100430,628431.64,128431.64,25.69
1490000.0,47.6824,-122.199,3885805175,1215160.08,-274839.92,-18.45
255000.0,47.5003,-122.248,4060000170,271310.43,16310.43,6.4
185000.0,47.3496,-122.289,7967600069,240536.44,55536.44,30.02
854000.0,47.7302,-122.106,7732501000,952028.22,98028.22,11.48
430000.0,47.6876,-122.395,8132700190,349000.0,-81000.0,-18.84
265000.0,47.3122,-122.369,8731800840,271467.79,6467.79,2.44
410000.0,47.5383,-122.178,3204800330,404018.05,-5981.95,-1.46
790000.0,47.6596,-122.144,7732410120,924121.2,134121.2,16.98
535000.0,47.319,-122.26,9264000010,624896.43,89896.43,16.8
499950.0,47.7359,-121.984,1038000040,428670.74,-71279.26,-14.26
1090000.0,47.7005,-122.232,3760500730,1242216.91,152216.91,13.96
635000.0,47.6196,-122.139,2619600010,650973.89,15973.89,2.52
670000.0,47.5346,-122.391,4322500110,526015.26,-143984.74,-21.49
539900.0,47.6963,-122.169,6403310060,551518.78,11618.78,2.15
465000.0,47.7183,-122.353,6141100380,386829.05,-78170.95,-16.81
628000.0,47.6034,-122.289,4003000285,677227.61,49227.61,7.84
319950.0,47.3798,-122.025,705710640,286413.02,-33536.98,-10.48
334200.0,47.7077,-121.914,782700120,323574.31,-10625.69,-3.18
300000.0,47.4774,-122.098,7230000350,363937.15,63937.15,21.31
835000.0,47.6596,-122.28,4217400185,735083.47,-99916.53,-11.97
1240000.0,47.5476,-122.116,2424059163,1587945.81,347945.81,28.06
675000.0,47.6063,-122.02,2909300150,585098.82,-89901.18,-13.32
566950.0,47.6944,-122.377,6382500076,524010.9,-42939.1,-7.57
302100.0,47.508,-122.337,1721801010,293240.39,-8859.61,-2.93
314500.0,47.2681,-122.31,7212652180,289128.71,-25371.29,-8.07
563750.0,47.5537,-122.026,6446200190,505567.33,-58182.67,-10.32
399950.0,47.6,-122.298,1250200552,508188.46,108238.46,27.06
710000.0,47.6829,-122.195,3885805325,649791.78,-60208.22,-8.48
260000.0,47.505,-122.259,561000075,285000.23,25000.23,9.62
228950.0,47.3627,-122.091,8651442520,286568.64,57618.64,25.17
699000.0,47.7043,-122.128,3825311210,808798.14,109798.14,15.71
433000.0,47.5297,-122.349,7972600910,355153.29,-77846.71,-17.98
749950.0,47.5754,-122.12,3827600040,904951.85,155001.85,20.67
440000.0,47.7012,-122.131,7201900370,418946.83,-21053.17,-4.78
316000.0,47.7422,-121.981,2130702075,221689.17,-94310.83,-29.85
575000.0,47.681,-122.032,7202350480,411479.57,-163520.43,-28.44
760500.0,47.7506,-122.122,1126059170,783886.52,23386.52,3.08
595000.0,47.4693,-122.364,7635801350,419775.15,-175224.85,-29.45
392500.0,47.7485,-122.3,4025300371,407481.57,14981.57,3.82
386000.0,47.5167,-121.878,7853340490,313439.6,-72560.4,-18.8
420000.0,47.538,-122.356,3438503223,445879.89,25879.89,6.16
540000.0,47.6681,-122.32,2862100260,565945.54,25945.54,4.8
270000.0,47.2958,-122.368,109210460,191230.14,-78769.86,-29.17
777700.0,47.4096,-122.449,822039025,640733.36,-136966.64,-17.61
281000.0,47.524,-121.821,7849200861,178232.27,-102767.73,-36.57
280000.0,47.3191,-122.177,2887950020,192648.07,-87351.93,-31.2
219900.0,47.3173,-122.327,7941600220,205251.52,-14648.48,-6.66
465000.0,47.4262,-122.187,522059130,293138.39,-171861.61,-36.96
259000.0,47.4728,-122.191,2475201070,291155.35,32155.35,12.42
219000.0,47.3565,-122.149,6648500390,336208.38,117208.38,53.52
432000.0,47.1776,-121.944,3220079017,530892.0,98892.0,22.89
1800000.0,47.6263,-122.314,1337300145,1479801.93,-320198.07,-17.79
580000.0,47.7066,-122.359,1139000685,564860.0,-15140.0,-2.61
231000.0,47.3111,-122.396,8732190380,252199.43,21199.43,9.18
998000.0,47.5481,-122.103,2424059061,901501.16,-96498.84,-9.67
528000.0,47.7259,-122.298,9421500070,536051.82,8051.82,1.52
471750.0,47.4891,-122.19,9476200350,636728.13,164978.13,34.97
250000.0,47.3327,-122.306,7983000200,223985.48,-26014.52,-10.41
738000.0,47.6952,-122.327,1995200338,824777.1,86777.1,11.76
670000.0,47.6604,-122.29,9822700255,749166.68,79166.68,11.82
760000.0,47.5974,-122.195,2425700005,578553.02,-181446.98,-23.87
460000.0,47.4462,-122.137,2473510260,552324.53,92324.53,20.07
743000.0,47.6931,-122.022,7203160090,779280.06,36280.06,4.88
380500.0,47.4324,-122.191,1565950670,405537.32,25037.32,6.58
1230000.0,47.5271,-122.228,3625710100,977378.45,-252621.55,-20.54
750000.0,47.6534,-122.415,5035300834,518413.18,-231586.82,-30.88
615000.0,47.6516,-122.337,4083305633,554785.26,-60214.74,-9.79
3640000.0,47.6409,-122.241,2425049063,3703461.91,63461.91,1.74
424000.0,47.5745,-122.017,3904930410,351565.45,-72434.55,-17.08
403000.0,47.6951,-122.305,8641500252,440887.56,37887.56,9.4
605000.0,47.6325,-122.371,1861400116,706209.45,101209.45,16.73
713400.0,47.5505,-122.221,2287000010,608253.11,-105146.89,-14.74
315000.0,47.5374,-122.27,1109000040,355846.34,40846.34,12.97
265000.0,47.456,-122.292,5379801972,301280.73,36280.73,13.69
315000.0,47.2559,-122.007,561500290,299933.65,-15066.35,-4.78
299900.0,47.3672,-122.019,9542830160,251907.16,-47992.84,-16.0
730000.0,47.4579,-122.443,2923039264,545057.45,-184942.55,-25.33
341500.0,47.3097,-122.34,9264910100,250956.31,-90543.69,-26.51
335000.0,47.3041,-122.066,8594400110,318722.37,-16277.63,-4.86
625000.0,47.6792,-122.287,7974200776,613015.1,-11984.9,-1.92
890000.0,47.5787,-122.245,9350900550,875900.32,-14099.68,-1.58
680000.0,47.6637,-122.316,6746701090,526709.74,-153290.26,-22.54
482000.0,47.6885,-122.337,625049299,393534.93,-88465.07,-18.35
330000.0,47.7486,-122.23,5634500392,688954.19,358954.19,108.77
289000.0,47.3225,-122.273,8001400340,284704.1,-4295.9,-1.49
226000.0,47.4527,-122.352,4415600040,271336.99,45336.99,20.06
635000.0,47.6621,-122.288,8813400245,620690.94,-14309.06,-2.25
525000.0,47.6977,-122.132,7199330010,453625.76,-71374.24,-13.6
565000.0,47.6141,-122.116,4038800580,524740.62,-40259.38,-7.13
625000.0,47.6775,-122.165,425059103,597666.7,-27333.3,-4.37
515000.0,47.5973,-122.298,1250200693,698754.13,183754.13,35.68
675000.0,47.5131,-122.256,7129301001,862288.76,187288.76,27.75
830000.0,47.6841,-122.213,3885801450,583149.08,-246850.92,-29.74
2250000.0,47.62600000000001,-122.323,9831200159,1617419.33,-632580.67,-28.11
523000.0,47.6976,-122.283,5210200081,467301.88,-55698.12,-10.65
275000.0,47.3629,-122.184,2621400080,285211.43,10211.43,3.71
625000.0,47.6233,-122.046,3578401060,497539.69,-127460.31,-20.39
625000.0,47.6795,-122.202,3900100265,405018.94,-219981.06,-35.2
300000.0,47.3128,-122.345,9264921140,279319.36,-20680.64,-6.89
375000.0,47.5479,-122.384,7625703065,257213.05,-117786.95,-31.41
554000.0,47.4316,-122.075,3223069118,697690.24,143690.24,25.94
655000.0,47.6461,-122.362,976000903,602637.75,-52362.25,-7.99
560000.0,47.702,-121.892,2726079098,685407.73,125407.73,22.39
425000.0,47.5449,-122.388,7626200280,357362.09,-67637.91,-15.91
315000.0,47.5565,-122.377,3095000040,324304.32,9304.32,2.95
470000.0,47.5335,-121.854,7853220690,362197.37,-107802.63,-22.94
262000.0,47.5127,-122.321,5300200085,390758.04,128758.04,49.14
845000.0,47.562,-122.114,4139400060,866950.42,21950.42,2.6
430000.0,47.53100000000001,-122.373,3624039074,269081.81,-160918.19,-37.42
198000.0,47.459,-122.285,5379800810,270651.32,72651.32,36.69
306500.0,47.3985,-122.321,2011400662,351188.08,44688.08,14.58
625000.0,47.5672,-122.372,9297301065,656165.13,31165.13,4.99
255000.0,47.4877,-122.335,84000105,293201.0,38201.0,14.98
540000.0,47.6046,-122.3,6840701150,662449.12,122449.12,22.68
418000.0,47.6976,-121.916,4046600220,297087.45,-120912.55,-28.93
592500.0,47.46100000000001,-122.002,5561400220,516800.89,-75699.11,-12.78
405000.0,47.4398,-122.08,7937600087,345157.2,-59842.8,-14.78
290000.0,47.3582,-122.284,9392200030,248208.29,-41791.71,-14.41
609900.0,47.3558,-122.004,5104540240,548143.19,-61756.81,-10.13
205000.0,47.3325,-122.321,5153900150,217684.4,12684.4,6.19
1080000.0,47.6467,-122.118,5556300109,1046035.9,-33964.1,-3.14
433000.0,47.5499,-122.274,3332000715,448026.44,15026.44,3.47
160000.0,47.2866,-122.368,5029451010,242679.5,82679.5,51.67
532170.0,47.6838,-122.353,3362900810,487492.05,-44677.95,-8.4
224950.0,47.2021,-122.002,2938200040,299621.31,74671.31,33.19
435000.0,47.7462,-121.978,1558500050,569311.88,134311.88,30.88
322500.0,47.5057,-122.172,423059207,329744.54,7244.54,2.25
400000.0,47.7504,-122.306,5589900590,442886.17,42886.17,10.72
950000.0,47.6469,-122.389,9241900150,998799.94,48799.94,5.14
490000.0,47.523,-122.371,4365200520,357022.55,-132977.45,-27.14
355000.0,47.7146,-122.234,3840700600,335292.57,-19707.43,-5.55
380000.0,47.2779,-122.349,2021000180,308128.92,-71871.08,-18.91
1430000.0,47.6906,-122.213,856000985,992901.15,-437098.85,-30.57
575000.0,47.6781,-122.374,3052700695,466376.44,-108623.56,-18.89
1980000.0,47.6259,-122.291,5017000470,1639783.69,-340216.31,-17.18
228500.0,47.4838,-122.335,2407000405,240094.77,11594.77,5.07
419000.0,47.3049,-122.386,3279050130,398640.42,-20359.58,-4.86
340000.0,47.4387,-122.114,8691500410,424908.27,84908.27,24.97
485000.0,47.7452,-122.224,1887000100,466652.37,-18347.63,-3.78
299800.0,47.5185,-122.376,5347200175,275909.38,-23890.62,-7.97
460000.0,47.7513,-122.357,405100165,428797.3,-31202.7,-6.78
385000.0,47.7311,-122.204,6918710340,585685.68,200685.68,52.13
670000.0,47.6895,-122.331,2402100055,663794.9,-6205.1,-0.93
420000.0,47.7021,-122.32,5101406522,404973.98,-15026.02,-3.58
472000.0,47.6946,-122.12,7211300050,535250.24,63250.24,13.4
1680000.0,47.5858,-122.247,5093300280,1815919.17,135919.17,8.09
218000.0,47.5013,-122.244,4059400585,247373.8,29373.8,13.47
160000.0,47.4497,-122.289,4435000705,243405.79,83405.79,52.13
449000.0,47.7558,-122.217,9522600120,609374.5,160374.5,35.72
907000.0,47.66,-122.282,4217400420,770555.1,-136444.9,-15.04
831000.0,47.6196,-122.292,9828700200,860274.42,29274.42,3.52
805000.0,47.5773,-122.406,56000095,815260.14,10260.14,1.27
278000.0,47.3596,-122.16,2108500110,297220.71,19220.71,6.91
600000.0,47.5391,-122.069,8562750250,504806.35,-95193.65,-15.87
550000.0,47.6366,-122.029,8078410280,497008.83,-52991.17,-9.63
380000.0,47.4771,-122.03,1523069151,337290.95,-42709.05,-11.24
705000.0,47.5582,-122.025,6793300010,656496.31,-48503.69,-6.88
399950.0,47.2241,-122.072,1720069146,456221.17,56271.17,14.07
518500.0,47.6824,-122.347,3362400431,555281.58,36781.58,7.09
430000.0,47.5204,-122.205,3342101795,420804.67,-9195.33,-2.14
333000.0,47.525,-122.371,4364700595,318419.81,-14580.19,-4.38
455950.0,47.4917,-122.17,923059259,540330.32,84380.32,18.51
183750.0,47.4325,-122.197,646910150,314044.11,130294.11,70.91
660000.0,47.5747,-122.014,3904940200,679505.74,19505.74,2.96
210000.0,47.4446,-122.074,2923069037,303690.94,93690.94,44.61
1300000.0,47.6965,-122.134,8895800110,1238455.14,-61544.86,-4.73
612500.0,47.6992,-122.379,579002870,401583.11,-210916.89,-34.44
675000.0,47.5794,-122.025,1024069009,573013.86,-101986.14,-15.11
219000.0,47.5499,-122.384,7625702616,292170.42,73170.42,33.41
418395.0,47.2599,-122.192,3845100550,338545.91,-79849.09,-19.08
374950.0,47.3557,-122.026,7714000310,386625.18,11675.18,3.11
225000.0,47.3172,-122.322,8588000315,251539.56,26539.56,11.8
318500.0,47.5503,-122.356,3438500790,371738.31,53238.31,16.72
321000.0,47.3661,-122.28,3832711040,206195.46,-114804.54,-35.76
380000.0,47.5539,-122.268,1231001110,329303.76,-50696.24,-13.34
356000.0,47.5484,-122.278,3332500636,357403.38,1403.38,0.39
549995.0,47.4776,-122.122,1438000200,610170.03,60175.03,10.94
382000.0,47.4919,-122.336,7889601270,493329.25,111329.25,29.14
481000.0,47.5683,-122.177,643300040,545530.15,64530.15,13.42
300000.0,47.4698,-122.36,7635800313,287586.2,-12413.8,-4.14
294000.0,47.4857,-122.253,7887200390,311104.75,17104.75,5.82
442200.0,47.6788,-122.11,1508210100,496356.74,54156.74,12.25
900000.0,47.6698,-122.334,9551202875,790783.85,-109216.15,-12.14
488800.0,47.5444,-122.165,1951800040,601328.72,112528.72,23.02
383000.0,47.4885,-121.783,8039900360,286567.02,-96432.98,-25.18
293000.0,47.2582,-122.113,3621059043,552170.84,259170.84,88.45
659000.0,47.5771,-122.05,7300200550,544202.84,-114797.16,-17.42
230000.0,47.3648,-122.185,4345000210,259332.43,29332.43,12.75
249950.0,47.2844,-122.216,3021059244,264792.86,14842.86,5.94
350000.0,47.7451,-122.339,415100085,330157.85,-19842.15,-5.67
612000.0,47.6727,-122.361,2769600035,827532.24,215532.24,35.22
790000.0,47.7431,-122.286,6744700302,681948.06,-108051.94,-13.68
1510000.0,47.5859,-122.291,5701500030,1073966.19,-436033.81,-28.88
510000.0,47.6811,-122.169,3888100117,511575.13,1575.13,0.31
495200.0,47.7642,-122.195,526059122,510282.12,15082.12,3.05
529000.0,47.5355,-122.392,9238900060,377431.75,-151568.25,-28.65
431000.0,47.3856,-122.158,5469501200,512774.67,81774.67,18.97
981000.0,47.6339,-122.09,6710100131,914604.28,-66395.72,-6.77
680000.0,47.7249,-122.027,4054700300,780490.37,100490.37,14.78
251000.0,47.496,-122.349,7520000695,247444.97,-3555.03,-1.42
210000.0,47.5015,-122.349,723049307,244546.66,34546.66,16.45
950000.0,47.6557,-122.278,4219400465,1009963.45,59963.45,6.31
547000.0,47.6743,-122.299,1868901815,550855.42,3855.42,0.7
742500.0,47.6158,-122.291,1186000125,929887.6,187387.6,25.24
317000.0,47.4875,-122.255,2172000570,359323.57,42323.57,13.35
355000.0,47.76,-122.349,1442300035,399043.85,44043.85,12.41
753000.0,47.6378,-122.185,687600010,812804.13,59804.13,7.94
490000.0,47.7448,-122.177,8663200450,640328.55,150328.55,30.68
205000.0,47.5088,-122.333,795002190,283512.96,78512.96,38.3
539950.0,47.6398,-122.356,2652501513,463645.91,-76304.09,-14.13
432000.0,47.7429,-122.056,1726069179,554301.66,122301.66,28.31
509000.0,47.7484,-122.353,3293700482,422324.85,-86675.15,-17.03
299000.0,47.5519,-122.292,7866500035,367303.11,68303.11,22.84
629950.0,47.6425,-122.374,2770604080,599638.98,-30311.02,-4.81
424500.0,47.6981,-122.127,7199340650,427406.86,2906.86,0.68
315500.0,47.7267,-122.227,3755000060,402446.56,86946.56,27.56
400000.0,47.452,-122.204,3943600020,464220.41,64220.41,16.06
830000.0,47.6134,-122.152,9346700280,968238.04,138238.04,16.66
585000.0,47.6567,-122.397,6917700195,458218.78,-126781.22,-21.67
602500.0,47.5755,-122.033,7525420150,472693.47,-129806.53,-21.54
535000.0,47.2124,-122.005,8556800100,445854.2,-89145.8,-16.66
535000.0,47.6036,-122.015,8961990090,435376.06,-99623.94,-18.62
1050000.0,47.5806,-122.193,3394100230,1156452.22,106452.22,10.14
400000.0,47.2983,-122.166,3298600340,246214.99,-153785.01,-38.45
282613.0,47.7466,-122.334,396100110,295679.42,13066.42,4.62
305500.0,47.4031,-122.172,8078570460,330969.22,25469.22,8.34
399950.0,47.5396,-122.276,3812400898,544218.89,144268.89,36.07
284000.0,47.5137,-122.333,6620400631,374823.62,90823.62,31.98
619420.0,47.5261,-122.162,5525400300,732563.56,113143.56,18.27
443000.0,47.3067,-122.116,3211260290,433128.91,-9871.09,-2.23
322500.0,47.2649,-122.218,4137000590,293161.09,-29338.91,-9.1
270000.0,47.3678,-122.124,5468760050,266355.87,-3644.13,-1.35
279950.0,47.7571,-122.328,7772400160,409313.71,129363.71,46.21
229000.0,47.473,-122.324,1760600009,286137.51,57137.51,24.95
310000.0,47.2741,-122.337,1139600270,289193.53,-20806.47,-6.71
630000.0,47.7078,-122.277,4077800029,740725.27,110725.27,17.58
1700000.0,47.6055,-122.285,9829200250,1342190.74,-357809.26,-21.05
235500.0,47.3489,-122.306,4222310220,207686.24,-27813.76,-11.81
280000.0,47.3568,-122.163,6792200066,301922.8,21922.8,7.83
653000.0,47.7028,-122.231,3261020370,793943.6,140943.6,21.58
320000.0,47.4779,-122.145,5104200420,298399.44,-21600.56,-6.75
290000.0,47.7091,-122.292,751000020,334509.81,44509.81,15.35
280000.0,47.5195,-122.374,7452500285,228741.62,-51258.38,-18.31
417000.0,47.4937,-122.149,4187000190,411918.38,-5081.62,-1.22
393000.0,47.5442,-122.297,4287400005,435188.39,42188.39,10.73
760000.0,47.536,-121.858,7852160080,900877.56,140877.56,18.54
214100.0,47.3516,-122.292,7237590010,236952.33,22852.33,10.67
378750.0,47.5644,-122.289,1604601375,504978.01,126228.01,33.33
389517.0,47.371,-122.017,255450040,372413.84,-17103.16,-4.39
366000.0,47.474,-122.14,1072000240,439040.94,73040.94,19.96
300000.0,47.3514,-122.213,8669180150,271092.37,-28907.63,-9.64
511000.0,47.6873,-122.336,1994200024,445761.62,-65238.38,-12.77
427500.0,47.7318,-122.305,6381500690,424486.52,-3013.48,-0.7
497000.0,47.6324,-122.106,7525100060,629839.66,132839.66,26.73
700000.0,47.687,-122.386,6021501535,500462.84,-199537.16,-28.51
360000.0,47.708,-122.216,3760000020,484419.32,124419.32,34.56
1990000.0,47.6281,-122.216,632000065,1507760.1,-482239.9,-24.23
1850000.0,47.6235,-122.192,1266200140,1435542.51,-414457.49,-22.4
309950.0,47.3822,-122.316,2560801222,238820.89,-71129.11,-22.95
545000.0,47.7142,-122.222,6619910230,753956.35,208956.35,38.34
315000.0,47.5116,-122.37,7262200150,262451.88,-52548.12,-16.68
399888.0,47.723,-122.337,3034200933,495271.35,95383.35,23.85
385000.0,47.4386,-122.116,8691510290,381525.65,-3474.35,-0.9
1220000.0,47.5917,-122.386,9272200810,1016422.93,-203577.07,-16.69
1180000.0,47.7213,-122.055,624110540,1101402.75,-78597.25,-6.66
449950.0,47.5362,-121.877,7852040210,370514.2,-79435.8,-17.65
640000.0,47.6372,-122.392,2771603940,431676.1,-208323.9,-32.55
952000.0,47.5462,-122.112,2424059127,1171210.91,219210.91,23.03
170000.0,47.5081,-122.356,6303400290,259504.9,89504.9,52.65
375000.0,47.7221,-122.162,8944310330,450931.29,75931.29,20.25
291000.0,47.5432,-122.277,3812400455,435087.97,144087.97,49.51
250000.0,47.6938,-122.356,2508000020,268255.0,18255.0,7.3
338000.0,47.4484,-121.772,9407001830,237693.99,-100306.01,-29.68
2250000.0,47.6295,-122.236,3262300485,1627035.15,-622964.85,-27.69
416000.0,47.6963,-122.342,3126049436,540935.04,124935.04,30.03
270000.0,47.375,-122.304,3295710150,228265.82,-41734.18,-15.46
397000.0,47.6942,-122.315,5100402767,393476.04,-3523.96,-0.89
449000.0,47.6768,-122.029,7202380340,359376.12,-89623.88,-19.96
275000.0,47.5301,-122.271,2658000335,394991.59,119991.59,43.63
878000.0,47.5504,-122.097,5608010980,1025174.65,147174.65,16.76
475000.0,47.4568,-122.117,9558050020,651649.1,176649.1,37.19
333800.0,47.5173,-122.275,9188200570,411157.32,77357.32,23.17
503000.0,47.3276,-122.389,1121039059,722106.95,219106.95,43.56
790500.0,47.6849,-122.016,7203220410,768905.22,-21594.78,-2.73
765000.0,47.6692,-122.028,1025069106,846302.57,81302.57,10.63
842000.0,47.659,-122.339,4083301380,539514.39,-302485.61,-35.92
542500.0,47.4587,-121.996,5561400610,423758.14,-118741.86,-21.89
290000.0,47.4357,-122.168,984200540,374301.08,84301.08,29.07
158550.0,47.3839,-122.288,8857600780,233795.31,75245.31,47.46
355000.0,47.4589,-122.353,2968800626,270923.5,-84076.5,-23.68
170000.0,47.7654,-121.48,226109056,386908.79,216908.79,127.59
800000.0,47.6294,-121.911,2825079001,515973.4,-284026.6,-35.5
310000.0,47.5324,-122.272,1443500120,274612.78,-35387.22,-11.42
325000.0,47.4838,-122.299,6082400152,464523.15,139523.15,42.93
480000.0,47.5755,-122.289,5700002125,587344.28,107344.28,22.36
570000.0,47.738,-122.221,200520120,755222.61,185222.61,32.5
518000.0,47.676,-122.308,9547200790,634711.81,116711.81,22.53
494000.0,47.7741,-122.373,6384300020,464728.66,-29271.34,-5.93
582500.0,47.7,-122.296,9554200200,532522.64,-49977.36,-8.58
359000.0,47.5378,-122.369,8122600245,301483.88,-57516.12,-16.02
680000.0,47.7065,-122.37,2874600040,692003.26,12003.26,1.77
711000.0,47.5838,-122.39,2530800070,657256.26,-53743.74,-7.56
455800.0,47.6866,-122.043,7202290140,368789.98,-87010.02,-19.09
1540000.0,47.6938,-122.215,3896100130,998222.51,-541777.49,-35.18
420000.0,47.5383,-122.268,1109000390,571368.08,151368.08,36.04
249000.0,47.4216,-122.174,4324200060,280469.0,31469.0,12.64
540000.0,47.6822,-122.111,7200001608,516653.18,-23346.82,-4.32
180500.0,47.3817,-122.314,2560800165,181587.52,1087.52,0.6
1130000.0,47.6265,-122.298,5015001215,1169897.13,39897.13,3.53
700000.0,47.6893,-122.208,1245001216,665507.74,-34492.26,-4.93
920000.0,47.5599,-122.118,8965460090,857804.3,-62195.7,-6.76
196000.0,47.4187,-122.329,7893203770,206391.08,10391.08,5.3
965000.0,47.5617,-122.03,8835700250,841640.2,-123359.8,-12.78
500000.0,47.6588,-122.344,2306400010,471712.52,-28287.48,-5.66
250000.0,47.5576,-122.277,5249801440,506680.38,256680.38,102.67
445000.0,47.5275,-122.38,1781500155,381729.78,-63270.22,-14.22
190000.0,47.5295,-121.829,7606200275,234836.27,44836.27,23.6
805000.0,47.6712,-122.409,573000685,512346.37,-292653.63,-36.35
521000.0,47.6535,-122.353,1972200696,535805.89,14805.89,2.84
515000.0,47.5688,-122.019,3904910050,414397.21,-100602.79,-19.53
300000.0,47.7303,-122.238,3211200420,346363.69,46363.69,15.45
436000.0,47.72,-122.216,7905380280,450718.85,14718.85,3.38
349950.0,47.7351,-121.985,3820350070,342674.52,-7275.48,-2.08
360000.0,47.5275,-122.383,2493200435,307224.95,-52775.05,-14.66
240000.0,47.3109,-122.339,9264901510,267998.63,27998.63,11.67
675000.0,47.7382,-122.287,4036400030,636573.21,-38426.79,-5.69
462000.0,47.6647,-122.337,4083800340,493936.32,31936.32,6.91
427000.0,47.6205,-122.102,8563000110,438546.69,11546.69,2.7
1120000.0,47.7289,-122.127,2481620310,1323520.1,203520.1,18.17
251750.0,47.3947,-122.174,1761300340,281585.37,29835.37,11.85
510000.0,47.3068,-122.088,1796000120,422901.7,-87098.3,-17.08
972000.0,47.5229,-122.152,3303990380,1248330.57,276330.57,28.43
170000.0,47.3459,-122.299,7466900220,234590.12,64590.12,37.99
645000.0,47.5715,-122.128,3447000100,604966.91,-40033.09,-6.21
278000.0,47.3712,-122.289,110000040,218899.32,-59100.68,-21.26
910000.0,47.6472,-122.157,8669400100,1207682.4,297682.4,32.71
505000.0,47.6474,-122.396,6821102346,495344.39,-9655.61,-1.91
760000.0,47.6748,-122.279,3179102155,824935.74,64935.74,8.54
488000.0,47.4831,-121.767,3956100190,354079.26,-133920.74,-27.44
937500.0,47.6187,-122.226,2210500019,693886.61,-243613.39,-25.99
422500.0,47.6895,-122.382,546000045,352277.46,-70222.54,-16.62
365000.0,47.4683,-122.359,7635800600,307362.92,-57637.08,-15.79
350000.0,47.6993,-122.376,9144100035,432162.44,82162.44,23.47
487000.0,47.7357,-122.333,7771300125,676538.88,189538.88,38.92
255000.0,47.319,-122.344,7316400070,255907.91,907.91,0.36
560000.0,47.632,-122.092,2790400380,694982.72,134982.72,24.1
2600000.0,47.5721,-122.239,3623500408,2444362.1,-155637.9,-5.99
208950.0,47.4983,-122.172,425000175,191999.44,-16950.56,-8.11
694000.0,47.7226,-122.03,8682290410,511004.33,-182995.67,-26.37
275000.0,47.488,-121.787,776600130,204217.1,-70782.9,-25.74
850000.0,47.5607,-122.031,8679200100,705357.44,-144642.56,-17.02
332000.0,47.5619,-122.315,3679401110,371359.14,39359.14,11.86
424500.0,47.7494,-122.236,5634500179,398343.38,-26156.62,-6.16
601000.0,47.7012,-122.286,9455200445,534718.98,-66281.02,-11.03
560000.0,47.5233,-122.386,2483700095,473673.77,-86326.23,-15.42
379950.0,47.3561,-122.056,3158500130,370573.9,-9376.1,-2.47
525888.0,47.4845,-122.08,1823069155,464341.12,-61546.88,-11.7
229900.0,47.2738,-122.3,2268000500,260299.75,30399.75,13.22
420000.0,47.3803,-122.147,4397010140,547684.08,127684.08,30.4
170000.0,47.4906,-122.306,8148600020,243591.55,73591.55,43.29
580500.0,47.5391,-122.07,8562750320,503757.04,-76742.96,-13.22
492000.0,47.4861,-121.804,2607720150,461881.34,-30118.66,-6.12
835100.0,47.5984,-122.176,9542000030,970554.17,135454.17,16.22
525000.0,47.7726,-122.286,4022902715,593119.06,68119.06,12.98
299000.0,47.5164,-122.189,3343900781,357499.85,58499.85,19.57
549950.0,47.6191,-122.145,1433500050,760845.04,210895.04,38.35
645000.0,47.688,-122.32,3735901080,592143.22,-52856.78,-8.19
147500.0,47.375,-122.117,1865800250,235178.82,87678.82,59.44
499000.0,47.6823,-122.365,1623800300,413470.24,-85529.76,-17.14
369000.0,47.5357,-122.365,9206950110,398112.12,29112.12,7.89
239000.0,47.4836,-122.214,7200080,308192.06,69192.06,28.95
380000.0,47.6688,-122.323,3856904825,421427.88,41427.88,10.9
515000.0,47.735,-122.244,2140700190,533388.41,18388.41,3.57
450000.0,47.6951,-122.367,1588600110,357187.35,-92812.65,-20.63
830000.0,47.6387,-122.174,1546600120,1095545.0,265545.0,31.99
557800.0,47.6567,-122.399,6821100090,474708.69,-83091.31,-14.9
467000.0,47.6963,-122.318,5100403806,479895.08,12895.08,2.76
1090000.0,47.5416,-122.38,1121000357,911358.74,-178641.26,-16.39
490000.0,47.483,-122.026,1523069204,367388.99,-122611.01,-25.02
240000.0,47.3878,-122.052,5113260040,237737.52,-2262.48,-0.94
300000.0,47.3258,-122.165,5137800030,310649.77,10649.77,3.55
1150000.0,47.6624,-122.071,2954400400,1439097.08,289097.08,25.14
380000.0,47.4498,-122.28,5379804888,314197.72,-65802.28,-17.32
420000.0,47.5168,-122.256,7129302800,607986.43,187986.43,44.76
315000.0,47.6886,-122.352,6430500191,327855.1,12855.1,4.08
425000.0,47.5949,-122.296,567000660,468733.09,43733.09,10.29
480000.0,47.6112,-122.128,4038200480,426573.57,-53426.43,-11.13
308000.0,47.3167,-122.187,8078520280,245603.3,-62396.7,-20.26
329000.0,47.2622,-122.212,4137070440,282212.79,-46787.21,-14.22
430000.0,47.6012,-122.152,324059076,502761.09,72761.09,16.92
568000.0,47.5891,-122.387,9274200314,512876.3,-55123.7,-9.7
240000.0,47.3965,-122.321,2011400520,312112.51,72112.51,30.05
365000.0,47.3391,-122.093,621069074,341626.97,-23373.03,-6.4
655000.0,47.6821,-122.388,9164100035,442982.8,-212017.2,-32.37
569950.0,47.6795,-122.354,9468200100,510479.98,-59470.02,-10.43
781000.0,47.691,-122.105,3275850020,739946.46,-41053.54,-5.26
1010000.0,47.6834,-122.292,7977201240,1186970.33,176970.33,17.52
875000.0,47.7125,-122.081,7701960210,996418.99,121418.99,13.88
450000.0,47.5655,-121.998,1424069044,302853.85,-147146.15,-32.7
565000.0,47.7739,-122.164,1822360080,623018.87,58018.87,10.27
475000.0,47.5336,-121.867,7852020670,336353.98,-138646.02,-29.19
1050000.0,47.5566,-122.026,293760050,1263892.98,213892.98,20.37
420000.0,47.3018,-122.342,7298050110,479756.11,59756.11,14.23
554000.0,47.5368,-122.073,8562770320,472593.25,-81406.75,-14.69
124740.0,47.3224,-122.143,6600410170,199254.87,74514.87,59.74
290500.0,47.494,-122.279,179000240,343484.38,52984.38,18.24
378000.0,47.4623,-122.13,8856920550,454540.66,76540.66,20.25
895950.0,47.6232,-122.023,2862500190,709287.49,-186662.51,-20.83
900000.0,47.5833,-122.242,5315100737,906727.55,6727.55,0.75
230000.0,47.3733,-122.057,1442800400,331496.8,101496.8,44.13
501000.0,47.6718,-122.291,8827900015,571268.48,70268.48,14.03
795000.0,47.5708,-122.359,9349900105,412389.32,-382610.68,-48.13
778000.0,47.5481,-122.156,2600130020,866835.35,88835.35,11.42
997950.0,47.5352,-121.883,2624079028,742766.66,-255183.34,-25.57
1080000.0,47.7375,-122.139,3407700012,1386384.08,306384.08,28.37
457000.0,47.7478,-122.338,5256500025,580179.66,123179.66,26.95
365000.0,47.548,-122.373,3278602490,474690.28,109690.28,30.05
315000.0,47.4437,-122.137,1328340380,271308.55,-43691.45,-13.87
210000.0,47.3811,-122.32,3530450100,250879.3,40879.3,19.47
230000.0,47.4878,-122.13,3664500300,225889.68,-4110.32,-1.79
595000.0,47.6596,-121.96,203600140,547266.44,-47733.56,-8.02
233703.0,47.3908,-122.167,8944290200,287056.68,53353.68,22.83
405300.0,47.4987,-122.166,2972300060,526490.52,121190.52,29.9
458400.0,47.7581,-122.359,7818900060,515544.21,57144.21,12.47
240415.0,47.3694,-122.311,2822049160,232040.94,-8374.06,-3.48
245000.0,47.4945,-122.304,3826000550,310134.06,65134.06,26.59
685000.0,47.7537,-122.373,3586500620,812651.18,127651.18,18.64
734200.0,47.6726,-122.371,999000215,704206.23,-29993.77,-4.09
187250.0,47.4939,-122.318,8018600980,272161.17,84911.17,45.35
465000.0,47.7261,-122.22,5145100300,473037.68,8037.68,1.73
390000.0,47.4525,-122.149,2473000680,385918.82,-4081.18,-1.05
240000.0,47.3341,-122.282,7895500070,220852.59,-19147.41,-7.98
458950.0,47.6888,-122.308,2887700805,485140.82,26190.82,5.71
250000.0,47.5723,-122.304,1596600060,342329.57,92329.57,36.93
307000.0,47.3197,-122.343,5559200170,215018.45,-91981.55,-29.96
565000.0,47.3535,-122.19,3222059130,601629.88,36629.88,6.48
435000.0,47.3569,-122.202,3831250150,442384.82,7384.82,1.7
515000.0,47.4521,-122.14,2473002850,756655.77,241655.77,46.92
435000.0,47.7056,-122.342,6300000378,543601.65,108601.65,24.97
735000.0,47.5913,-122.01,224069134,432989.29,-302010.71,-41.09
385000.0,47.3935,-122.3,1953400045,292935.12,-92064.88,-23.91
907500.0,47.6911,-122.326,4370700065,801019.14,-106480.86,-11.73
551870.0,47.2867,-122.27,3751601785,300026.89,-251843.11,-45.63
277500.0,47.2779,-122.347,7796450190,283610.12,6110.12,2.2
725000.0,47.6934,-122.161,1246700103,754316.08,29316.08,4.04
215000.0,47.3185,-122.29,5515600087,271381.55,56381.55,26.22
620000.0,47.6763,-122.37,5309101200,565238.54,-54761.46,-8.83
529000.0,47.6722,-122.167,7436500120,563665.88,34665.88,6.55
680000.0,47.7321,-122.334,2026049184,572511.8,-107488.2,-15.81
655000.0,47.4898,-122.127,1656600280,724075.46,69075.46,10.55
364500.0,47.7508,-122.352,1397300120,425824.12,61324.12,16.82
887000.0,47.5849,-122.113,3999300080,1099582.12,212582.12,23.97
236000.0,47.5072,-122.336,1721801161,341362.64,105362.64,44.65
580000.0,47.6962,-122.314,5100403947,638451.11,58451.11,10.08
585000.0,47.743,-122.131,1136100062,677200.19,92200.19,15.76
450000.0,47.4885,-121.779,7787100210,301032.74,-148967.26,-33.1
175000.0,47.3035,-122.307,4131500140,216285.28,41285.28,23.59
965800.0,47.6304,-122.205,9534400010,857111.79,-108688.21,-11.25
340000.0,47.29600000000001,-122.219,6382000080,300450.31,-39549.69,-11.63
485000.0,47.4013,-122.03,1560920370,526063.72,41063.72,8.47
1250000.0,47.5858,-122.393,9279700013,1026490.67,-223509.33,-17.88
427000.0,47.2956,-122.35,9578500180,260735.32,-166264.68,-38.94
315000.0,47.476000000000006,-122.337,4330600350,357913.32,42913.32,13.62
358000.0,47.4475,-122.159,2473100280,405006.86,47006.86,13.13
660000.0,47.6733,-122.298,1868901120,608771.03,-51228.97,-7.76
466000.0,47.7574,-122.322,928000020,444519.19,-21480.81,-4.61
597500.0,47.7112,-122.099,5649300120,650388.59,52888.59,8.85
790000.0,47.5409,-121.994,3630200460,533362.77,-256637.23,-32.49
695000.0,47.6956,-122.399,4441300416,651293.35,-43706.65,-6.29
447000.0,47.5443,-122.382,5637500250,315450.8,-131549.2,-29.43
543000.0,47.6631,-122.345,9521101520,497343.52,-45656.48,-8.41
415000.0,47.4616,-121.711,1422300030,331663.83,-83336.17,-20.08
803000.0,47.7223,-122.209,1926059027,473337.05,-329662.95,-41.05
480000.0,47.4877,-122.139,5126310400,553477.16,73477.16,15.31
302500.0,47.3585,-122.191,3790700070,319715.16,17215.16,5.69
312200.0,47.2596,-122.304,5409800120,270038.04,-42161.96,-13.5
685000.0,47.7751,-122.088,9359300250,757243.03,72243.03,10.55
622500.0,47.5886,-122.074,524069011,537804.59,-84695.41,-13.61
600000.0,47.5779,-122.409,148000072,571031.11,-28968.89,-4.83
295000.0,47.5892,-122.312,8850000180,440687.61,145687.61,49.39
199950.0,47.3277,-122.341,1788900230,224924.47,24974.47,12.49
633634.0,47.5183,-121.886,7853420100,522204.22,-111429.78,-17.59
551000.0,47.7484,-122.317,3432501395,496871.95,-54128.05,-9.82
247000.0,47.3074,-122.385,8732040820,269417.95,22417.95,9.08
428750.0,47.6872,-122.351,6430500008,411021.97,-17728.03,-4.13
329999.0,47.7447,-122.313,3432500200,284728.28,-45270.72,-13.72
808000.0,47.6419,-122.306,8805900570,829910.05,21910.05,2.71
625000.0,47.5515,-122.189,2024059084,820010.7,195010.7,31.2
1000000.0,47.6216,-122.161,7605800050,936643.82,-63356.18,-6.34
400000.0,47.2585,-122.061,3221069035,493189.36,93189.36,23.3
740000.0,47.7479,-122.062,826069046,635323.92,-104676.08,-14.15
246950.0,47.1948,-121.975,8141310040,343059.68,96109.68,38.92
399950.0,47.5868,-122.308,3881900445,503553.77,103603.77,25.9
1430000.0,47.6364,-122.28,4385700425,882028.56,-547971.44,-38.32
975000.0,47.6337,-122.154,9304400010,1173170.12,198170.12,20.33
653750.0,47.7072,-122.232,293910070,776084.91,122334.91,18.71
375000.0,47.7391,-122.256,8718500665,415927.03,40927.03,10.91
270000.0,47.2837,-122.207,7889100020,278843.01,8843.01,3.28
280000.0,47.2701,-122.313,7212660520,246776.86,-33223.14,-11.87
517000.0,47.6793,-122.319,9528102110,603504.07,86504.07,16.73
675000.0,47.6579,-122.197,4101410050,668228.15,-6771.85,-1.0
435000.0,47.7293,-122.227,6675500035,437104.22,2104.22,0.48
449950.0,47.3542,-122.014,5104511840,406851.68,-43098.32,-9.58
1010000.0,47.5656,-122.403,1563102965,845500.35,-164499.65,-16.29
970000.0,47.6966,-122.315,5101403915,371615.41,-598384.59,-61.69
775000.0,47.5714,-122.373,7628700050,821034.03,46034.03,5.94
327500.0,47.4051,-122.193,2474400250,410686.31,83186.31,25.4
600000.0,47.67,-122.295,8827900690,551968.13,-48031.87,-8.01
950000.0,47.7268,-122.06,624111000,1076595.1,126595.1,13.33
269500.0,47.5321,-122.323,7327902612,285729.45,16229.45,6.02
430000.0,47.7721,-122.293,1155640050,438533.32,8533.32,1.98
226450.0,47.3774,-122.236,1863900225,226683.65,233.65,0.1
998000.0,47.5556,-122.03,293760210,1019446.63,21446.63,2.15
190000.0,47.4837,-122.236,2144800615,283177.35,93177.35,49.04
300000.0,47.5069,-122.367,7694600201,320649.61,20649.61,6.88
196700.0,47.4761,-122.287,1523049083,289026.83,92326.83,46.94
278750.0,47.7024,-122.346,6145601819,338474.68,59724.68,21.43
475000.0,47.7522,-122.278,1062100116,414332.5,-60667.5,-12.77
321000.0,47.394,-122.183,6799300150,350980.76,29980.76,9.34
639900.0,47.3511,-122.266,3522049063,553008.71,-86891.29,-13.58
330000.0,47.5435,-122.357,3438501862,399829.65,69829.65,21.16
524000.0,47.6949,-122.396,2821100125,577753.76,53753.76,10.26
355000.0,47.5019,-122.235,9282801720,380909.7,25909.7,7.3
342000.0,47.2684,-122.308,7212650240,282746.06,-59253.94,-17.33
5570000.0,47.6289,-122.233,2470100110,3920091.98,-1649908.02,-29.62
295000.0,47.3385,-122.256,2214800170,255557.36,-39442.64,-13.37
389000.0,47.542,-122.265,9830200230,482821.24,93821.24,24.12
184000.0,47.3072,-122.363,8945000910,229175.8,45175.8,24.55
836000.0,47.6197,-122.15,4178300080,925336.8,89336.8,10.69
535000.0,47.6774,-122.324,9528104108,441434.9,-93565.1,-17.49
578000.0,47.504,-122.382,284000223,546069.75,-31930.25,-5.52
509000.0,47.6472,-122.362,8900000100,418473.88,-90526.12,-17.79
284700.0,47.4899,-122.337,723049156,291351.35,6651.35,2.34
350000.0,47.3509,-122.041,2310040230,350733.27,733.27,0.21
492000.0,47.4669,-122.003,5561300540,439578.41,-52421.59,-10.65
365000.0,47.4362,-122.178,305500140,436046.23,71046.23,19.46
599950.0,47.7176,-122.302,3448000344,697717.32,97767.32,16.3
447000.0,47.6684,-122.316,6746700565,430665.86,-16334.14,-3.65
370000.0,47.4501,-122.139,2473370110,399042.06,29042.06,7.85
209977.0,47.4941,-122.312,985000833,331412.33,121435.33,57.83
280000.0,47.3605,-122.12,2550820060,261477.91,-18522.09,-6.62
637000.0,47.7159,-122.1,3396800280,605078.29,-31921.71,-5.01
275000.0,47.37,-122.17,7140200380,266727.29,-8272.71,-3.01
255000.0,47.4742,-122.265,3365900106,317640.17,62640.17,24.56
800000.0,47.7068,-122.112,9526600250,763175.5,-36824.5,-4.6
1080000.0,47.5641,-122.124,6154500030,1159284.31,79284.31,7.34
319000.0,47.7151,-122.203,7941130140,379776.6,60776.6,19.05
680000.0,47.562,-122.279,5249800729,891558.64,211558.64,31.11
770000.0,47.6645,-122.36,7986400360,748476.81,-21523.19,-2.8
500000.0,47.6064,-122.039,3325069025,438677.14,-61322.86,-12.26
790000.0,47.6371,-122.058,7504010590,869317.33,79317.33,10.04
387846.0,47.7642,-122.264,3818700190,510607.93,122761.93,31.65
777000.0,47.6181,-122.147,4178310040,962448.04,185448.04,23.87
513000.0,47.5764,-122.289,5700002165,590370.07,77370.07,15.08
300000.0,47.4614,-122.168,2460700260,333494.81,33494.81,11.16
452000.0,47.5191,-121.869,7853321150,283015.05,-168984.95,-37.39
525000.0,47.6501,-122.384,2770601800,375184.7,-149815.3,-28.54
389800.0,47.7681,-122.305,8665200020,416179.53,26379.53,6.77
290000.0,47.742,-122.325,2610100020,284992.37,-5007.63,-1.73
635000.0,47.5574,-122.149,7856560480,600386.09,-34613.91,-5.45
609000.0,47.488,-122.225,1823059241,991100.68,382100.68,62.74
327000.0,47.5209,-122.205,3342102220,378913.27,51913.27,15.88
770000.0,47.639,-122.31,2125049120,854148.78,84148.78,10.93
567500.0,47.4032,-122.023,1560930450,591109.17,23609.17,4.16
570000.0,47.6196,-122.298,9828701871,567958.74,-2041.26,-0.36
673000.0,47.4508,-122.359,6116500075,526969.0,-146031.0,-21.7
419000.0,47.7741,-122.38,2759500105,360583.95,-58416.05,-13.94
700000.0,47.6776,-122.36,2877101100,649753.51,-50246.49,-7.18
499431.0,47.484,-121.771,1442880510,332630.63,-166800.37,-33.4
740000.0,47.6896,-122.362,2919702235,561130.61,-178869.39,-24.17
218500.0,47.2766,-122.146,3668000810,250670.38,32170.38,14.72
345000.0,47.5194,-122.375,7452500190,230700.62,-114299.38,-33.13
415000.0,47.508,-122.244,4058801575,699083.86,284083.86,68.45
202000.0,47.5165,-122.372,7454000110,226741.1,24741.1,12.25
261000.0,47.5121,-122.168,7788400180,364175.16,103175.16,39.53
530000.0,47.6225,-122.108,8155500020,553808.09,23808.09,4.49
440000.0,47.7222,-122.108,200800330,457344.33,17344.33,3.94
467100.0,47.6651,-122.151,8562850150,513605.77,46505.77,9.96
692500.0,47.7412,-122.256,3583400130,753905.62,61405.62,8.87
425000.0,47.401,-122.319,2011400791,216654.46,-208345.54,-49.02
645000.0,47.5527,-121.99,3629980920,508892.2,-136107.8,-21.1
515000.0,47.6801,-122.38,7518502490,558449.21,43449.21,8.44
316475.0,47.3686,-122.117,9478550430,267402.25,-49072.75,-15.51
550000.0,47.5866,-122.25,2174503500,529255.52,-20744.48,-3.77
400000.0,47.5422,-122.359,3438502501,523299.68,123299.68,30.82
324950.0,47.3693,-122.286,8946390150,252463.51,-72486.49,-22.31
949000.0,47.6851,-122.209,3885804305,984857.81,35857.81,3.78
648000.0,47.7383,-122.288,4036400040,744641.47,96641.47,14.91
447000.0,47.7631,-122.149,2896400170,416885.11,-30114.89,-6.74
695000.0,47.6813,-122.346,3362401000,706588.28,11588.28,1.67
950000.0,47.6466,-122.321,1959701695,1082244.63,132244.63,13.92
514000.0,47.6681,-122.143,5202500030,464471.38,-49528.62,-9.64
1050000.0,47.6402,-122.405,1370802455,1103889.58,53889.58,5.13
450000.0,47.5741,-122.133,2201500980,414052.03,-35947.97,-7.99
425000.0,47.5886,-122.292,6909700205,482796.87,57796.87,13.6
940000.0,47.6337,-122.365,4232902595,758401.52,-181598.48,-19.32
697000.0,47.7632,-122.089,1774230090,847806.37,150806.37,21.64
807100.0,47.565,-122.125,1836980160,762133.91,-44966.09,-5.57
680000.0,47.5677,-122.086,5423040140,583155.85,-96844.15,-14.24
299900.0,47.3747,-122.164,3211580210,390807.65,90907.65,30.31
749950.0,47.6088,-122.311,2255500125,643006.76,-106943.24,-14.26
1290000.0,47.5327,-122.232,4141010050,1116260.55,-173739.45,-13.47
292000.0,47.4022,-122.171,8078570380,326951.31,34951.31,11.97
487000.0,47.6754,-122.375,2767600686,413325.08,-73674.92,-15.13
625000.0,47.6659,-122.144,2935400100,581746.67,-43253.33,-6.92
699800.0,47.717,-122.02,8682300890,514694.53,-185105.47,-26.45
1700000.0,47.5115,-122.246,8073000550,1878832.62,178832.62,10.52
275000.0,47.3491,-122.029,7437100770,297714.85,22714.85,8.26
265000.0,47.4042,-122.194,739800070,293769.27,28769.27,10.86
300000.0,47.7296,-122.241,3580900090,402999.64,102999.64,34.33
